time(UTC),temp_air,relative_humidity,ghi,dni,dhi,IR(h),wind_speed,wind_direction,pressure
1990-01-01 00:00:00+00:00,25.36,84.07,162.15,438.41,95.8,399.79,1.4,67.0,100710.0
1990-01-01 01:00:00+00:00,25.79,81.85,324.2,405.71,170.4,401.88,1.46,70.0,100780.0
1990-01-01 02:00:00+00:00,26.21,79.64,499.75,460.88,232.65,403.97,1.52,64.0,100840.0
1990-01-01 03:00:00+00:00,26.64,77.43,578.4,400.05,282.75,406.06,1.58,61.0,100810.0
1990-01-01 04:00:00+00:00,27.06,75.21,466.15,180.82,313.05,408.15,1.64,60.0,100760.0
1990-01-01 05:00:00+00:00,27.49,73.0,567.0,231.73,359.55,410.24,1.7,66.0,100670.0
1990-01-01 06:00:00+00:00,27.91,70.79,674.8,485.94,246.55,412.33,1.75,65.0,100570.0
1990-01-01 07:00:00+00:00,28.34,68.57,656.25,626.76,151.2,414.42,1.81,66.0,100460.0
1990-01-01 08:00:00+00:00,29.87,63.5,488.65,506.4,147.35,419.75,1.24,75.0,100380.0
1990-01-01 09:00:00+00:00,29.16,67.6,255.35,311.68,101.15,417.25,1.03,71.0,100350.0
1990-01-01 10:00:00+00:00,28.03,74.4,83.7,134.66,45.95,417.45,0.69,97.0,100390.0
1990-01-01 11:00:00+00:00,27.39,79.35,1.4,0.0,1.4,417.65,0.69,128.0,100490.0
1990-01-01 12:00:00+00:00,26.36,84.55,0.0,0.0,0.0,414.55,1.17,110.0,100580.0
1990-01-01 13:00:00+00:00,25.64,87.3,0.0,0.0,0.0,416.45,1.45,86.0,100680.0
1990-01-01 14:00:00+00:00,25.13,90.15,0.0,0.0,0.0,413.2,1.52,69.0,100740.0
1990-01-01 15:00:00+00:00,24.66,90.15,0.0,0.0,0.0,408.9,1.52,60.0,100760.0
1990-01-01 16:00:00+00:00,24.28,93.1,0.0,0.0,0.0,408.75,1.45,57.0,100760.0
1990-01-01 17:00:00+00:00,23.86,96.2,0.0,0.0,0.0,402.9,1.52,49.0,100750.0
1990-01-01 18:00:00+00:00,23.46,96.2,0.0,0.0,0.0,398.85,1.45,48.0,100700.0
1990-01-01 19:00:00+00:00,23.46,99.4,0.0,0.0,0.0,396.35,1.66,56.0,100630.0
1990-01-01 20:00:00+00:00,23.42,96.2,0.0,0.0,0.0,397.7,1.72,61.0,100570.0
1990-01-01 21:00:00+00:00,23.21,96.2,0.0,0.0,0.0,392.3,1.66,64.0,100560.0
1990-01-01 22:00:00+00:00,22.9,99.4,0.0,0.0,0.0,391.1,1.38,64.0,100560.0
1990-01-01 23:00:00+00:00,22.71,99.4,0.0,0.0,0.0,396.75,1.24,61.0,100620.0
1990-01-02 00:00:00+00:00,22.91,99.4,177.1,587.24,89.15,389.2,1.31,61.0,100670.0
1990-01-02 01:00:00+00:00,24.74,90.15,356.35,504.89,165.6,396.45,1.52,63.0,100760.0
1990-01-02 02:00:00+00:00,26.17,81.85,552.6,580.84,216.5,402.55,1.72,61.0,100800.0
1990-01-02 03:00:00+00:00,27.56,76.8,642.35,501.5,271.95,406.8,2.14,56.0,100800.0
1990-01-02 04:00:00+00:00,28.52,72.1,812.6,646.88,264.85,416.1,2.28,55.0,100740.0
1990-01-02 05:00:00+00:00,29.44,65.5,824.25,701.7,195.7,418.2,2.0,57.0,100670.0
1990-01-02 06:00:00+00:00,29.7,65.6,697.05,583.1,182.6,416.65,1.31,68.0,100540.0
1990-01-02 07:00:00+00:00,30.21,63.6,596.55,565.91,139.75,421.5,1.1,88.0,100460.0
1990-01-02 08:00:00+00:00,30.0,67.8,440.6,466.36,125.5,418.0,1.24,91.0,100380.0
1990-01-02 09:00:00+00:00,29.48,69.95,270.15,372.92,84.95,423.25,1.45,85.0,100350.0
1990-01-02 10:00:00+00:00,28.86,72.15,96.7,171.81,48.2,412.2,1.59,89.0,100340.0
1990-01-02 11:00:00+00:00,27.09,81.9,1.45,0.0,1.45,413.55,1.38,65.0,100440.0
1990-01-02 12:00:00+00:00,26.39,84.55,0.0,0.0,0.0,415.9,0.62,14.0,100590.0
1990-01-02 13:00:00+00:00,25.51,90.2,0.0,0.0,0.0,407.95,0.76,11.0,100700.0
1990-01-02 14:00:00+00:00,24.83,93.15,0.0,0.0,0.0,404.85,0.76,22.0,100780.0
1990-01-02 15:00:00+00:00,24.41,96.2,0.0,0.0,0.0,404.85,1.1,20.0,100820.0
1990-01-02 16:00:00+00:00,24.12,99.4,0.0,0.0,0.0,405.65,1.1,28.0,100810.0
1990-01-02 17:00:00+00:00,23.65,96.2,0.0,0.0,0.0,396.35,1.1,32.0,100800.0
1990-01-02 18:00:00+00:00,23.27,99.4,0.0,0.0,0.0,395.75,1.1,47.0,100740.0
1990-01-02 19:00:00+00:00,23.53,99.4,0.0,0.0,0.0,400.0,1.17,39.0,100640.0
1990-01-02 20:00:00+00:00,23.48,99.4,0.0,0.0,0.0,401.4,0.83,36.0,100580.0
1990-01-02 21:00:00+00:00,23.53,99.4,0.0,0.0,0.0,402.55,0.55,22.0,100590.0
1990-01-02 22:00:00+00:00,22.88,99.4,0.0,0.0,0.0,397.7,0.9,39.0,100610.0
1990-01-02 23:00:00+00:00,23.06,100.0,0.0,0.0,0.0,405.45,0.69,31.0,100690.0
1990-01-03 00:00:00+00:00,23.45,99.4,133.55,424.35,70.65,402.75,0.48,22.0,100720.0
1990-01-03 01:00:00+00:00,24.89,96.2,326.9,446.94,158.6,415.4,0.76,329.0,100830.0
1990-01-03 02:00:00+00:00,26.0,90.2,498.0,513.08,201.55,416.3,1.17,305.0,100890.0
1990-01-03 03:00:00+00:00,27.13,84.6,342.6,142.1,237.7,414.35,1.72,299.0,100870.0
1990-01-03 04:00:00+00:00,26.61,87.35,441.15,133.97,327.7,426.75,1.24,308.0,100830.0
1990-01-03 05:00:00+00:00,27.01,84.6,510.6,222.85,310.85,417.05,0.48,36.0,100740.0
1990-01-03 06:00:00+00:00,27.67,82.05,512.0,264.01,278.8,417.25,0.9,252.0,100590.0
1990-01-03 07:00:00+00:00,27.63,81.95,496.75,286.79,264.85,421.9,1.31,300.0,100530.0
1990-01-03 08:00:00+00:00,27.82,76.85,350.7,196.94,217.3,415.9,0.76,296.0,100490.0
1990-01-03 09:00:00+00:00,27.25,79.35,170.55,125.97,107.75,424.6,1.31,300.0,100480.0
1990-01-03 10:00:00+00:00,25.81,87.3,56.65,49.43,42.6,420.55,1.52,322.0,100530.0
1990-01-03 11:00:00+00:00,24.77,90.15,0.85,0.0,0.85,414.75,1.1,330.0,100600.0
1990-01-03 12:00:00+00:00,24.31,93.1,0.0,0.0,0.0,417.25,0.48,335.0,100690.0
1990-01-03 13:00:00+00:00,24.03,96.2,0.0,0.0,0.0,412.2,0.14,100.0,100770.0
1990-01-03 14:00:00+00:00,23.72,96.2,0.0,0.0,0.0,406.0,0.34,88.0,100840.0
1990-01-03 15:00:00+00:00,23.46,99.4,0.0,0.0,0.0,406.6,0.76,63.0,100870.0
1990-01-03 16:00:00+00:00,23.19,99.4,0.0,0.0,0.0,404.85,0.83,69.0,100820.0
1990-01-03 17:00:00+00:00,22.98,100.0,0.0,0.0,0.0,404.65,0.55,62.0,100830.0
1990-01-03 18:00:00+00:00,22.85,99.4,0.0,0.0,0.0,410.1,0.62,64.0,100740.0
1990-01-03 19:00:00+00:00,23.0,100.0,0.0,0.0,0.0,410.45,0.69,47.0,100690.0
1990-01-03 20:00:00+00:00,22.7,99.4,0.0,0.0,0.0,406.6,0.76,48.0,100600.0
1990-01-03 21:00:00+00:00,22.49,100.0,0.0,0.0,0.0,407.4,0.76,52.0,100580.0
1990-01-03 22:00:00+00:00,22.48,100.0,0.0,0.0,0.0,415.5,0.9,53.0,100600.0
1990-01-03 23:00:00+00:00,22.25,99.4,0.0,0.0,0.0,415.1,1.1,61.0,100650.0
1990-01-04 00:00:00+00:00,22.53,99.4,121.9,232.08,87.85,412.4,0.9,62.0,100700.0
1990-01-04 01:00:00+00:00,23.8,99.4,303.2,367.64,165.2,417.35,0.62,92.0,100800.0
1990-01-04 02:00:00+00:00,25.54,93.15,469.8,422.62,225.95,419.0,0.69,151.0,100820.0
1990-01-04 03:00:00+00:00,26.52,87.35,650.3,506.67,276.45,423.65,0.83,201.0,100800.0
1990-01-04 04:00:00+00:00,27.75,79.4,518.1,248.94,307.25,419.4,1.17,231.0,100760.0
1990-01-04 05:00:00+00:00,27.53,81.95,606.1,331.51,308.75,425.0,1.52,245.0,100680.0
1990-01-04 06:00:00+00:00,27.4,81.95,484.35,170.35,333.7,423.45,1.93,230.0,100520.0
1990-01-04 07:00:00+00:00,27.61,81.95,215.95,60.18,167.2,418.6,1.45,289.0,100500.0
1990-01-04 08:00:00+00:00,26.1,87.3,323.35,177.51,202.8,423.25,1.24,293.0,100420.0
1990-01-04 09:00:00+00:00,26.3,84.55,200.9,189.23,106.2,413.55,0.97,271.0,100420.0
1990-01-04 10:00:00+00:00,26.26,87.35,74.8,97.47,46.9,414.9,1.03,278.0,100490.0
1990-01-04 11:00:00+00:00,25.05,93.15,1.4,0.0,1.4,412.8,0.83,311.0,100580.0
1990-01-04 12:00:00+00:00,24.1,96.2,0.0,0.0,0.0,410.3,0.69,354.0,100670.0
1990-01-04 13:00:00+00:00,23.67,96.2,0.0,0.0,0.0,409.3,0.76,65.0,100750.0
1990-01-04 14:00:00+00:00,23.41,99.4,0.0,0.0,0.0,410.65,0.83,60.0,100790.0
1990-01-04 15:00:00+00:00,23.33,99.4,0.0,0.0,0.0,413.75,1.03,64.0,100830.0
1990-01-04 16:00:00+00:00,23.1,99.4,0.0,0.0,0.0,407.2,1.1,63.0,100790.0
1990-01-04 17:00:00+00:00,22.86,99.4,0.0,0.0,0.0,402.55,0.9,59.0,100750.0
1990-01-04 18:00:00+00:00,22.66,99.4,0.0,0.0,0.0,405.85,0.69,46.0,100720.0
1990-01-04 19:00:00+00:00,22.71,99.4,0.0,0.0,0.0,405.65,0.41,75.0,100660.0
1990-01-04 20:00:00+00:00,22.68,99.4,0.0,0.0,0.0,409.5,0.41,100.0,100580.0
1990-01-04 21:00:00+00:00,22.63,99.4,0.0,0.0,0.0,409.5,0.41,78.0,100540.0
1990-01-04 22:00:00+00:00,22.32,99.4,0.0,0.0,0.0,410.3,0.97,79.0,100560.0
1990-01-04 23:00:00+00:00,22.1,100.0,0.0,0.0,0.0,407.95,0.9,87.0,100610.0
1990-01-05 00:00:00+00:00,22.38,99.4,118.55,162.15,95.0,407.4,0.76,87.0,100670.0
1990-01-05 01:00:00+00:00,23.86,96.2,322.25,359.69,187.65,415.6,0.76,96.0,100760.0
1990-01-05 02:00:00+00:00,25.43,87.3,380.15,270.98,224.0,411.45,0.97,122.0,100790.0
1990-01-05 03:00:00+00:00,26.11,84.5,470.5,191.17,329.5,414.35,0.62,131.0,100740.0
1990-01-05 04:00:00+00:00,27.02,79.3,523.5,248.11,313.3,417.25,0.41,63.0,100690.0
1990-01-05 05:00:00+00:00,27.73,74.4,555.2,223.03,355.0,419.4,0.62,30.0,100600.0
1990-01-05 06:00:00+00:00,28.21,72.1,597.6,297.35,334.3,417.85,0.34,10.0,100500.0
1990-01-05 07:00:00+00:00,28.66,76.95,408.8,173.18,268.25,433.1,0.07,238.0,100360.0
1990-01-05 08:00:00+00:00,27.16,81.9,260.65,151.49,157.5,421.9,0.55,3.0,100320.0
1990-01-05 09:00:00+00:00,26.6,84.55,178.15,100.52,127.65,414.9,0.76,352.0,100320.0
1990-01-05 10:00:00+00:00,26.22,84.55,48.85,8.15,46.5,414.55,0.9,7.0,100340.0
1990-01-05 11:00:00+00:00,25.48,90.2,1.15,0.0,1.15,415.3,0.14,45.0,100450.0
1990-01-05 12:00:00+00:00,24.67,93.15,0.0,0.0,0.0,420.55,0.48,309.0,100530.0
1990-01-05 13:00:00+00:00,24.0,99.4,0.0,0.0,0.0,419.2,0.07,351.0,100600.0
1990-01-05 14:00:00+00:00,23.75,96.2,0.0,0.0,0.0,410.65,0.48,124.0,100670.0
1990-01-05 15:00:00+00:00,23.51,99.4,0.0,0.0,0.0,407.2,0.83,44.0,100680.0
1990-01-05 16:00:00+00:00,23.15,99.4,0.0,0.0,0.0,401.55,1.03,55.0,100640.0
1990-01-05 17:00:00+00:00,22.87,99.4,0.0,0.0,0.0,401.4,0.97,69.0,100600.0
1990-01-05 18:00:00+00:00,22.61,100.0,0.0,0.0,0.0,399.05,0.97,54.0,100540.0
1990-01-05 19:00:00+00:00,23.28,99.4,0.0,0.0,0.0,420.75,0.21,10.0,100500.0
1990-01-05 20:00:00+00:00,23.06,100.0,0.0,0.0,0.0,412.2,0.41,93.0,100480.0
1990-01-05 21:00:00+00:00,22.82,100.0,0.0,0.0,0.0,405.85,0.62,94.0,100480.0
1990-01-05 22:00:00+00:00,22.71,99.4,0.0,0.0,0.0,410.65,0.69,73.0,100490.0
1990-01-05 23:00:00+00:00,22.57,100.0,0.0,0.0,0.0,407.95,0.62,53.0,100550.0
1990-01-06 00:00:00+00:00,22.95,99.4,139.9,343.54,90.5,410.45,0.55,75.0,100590.0
1990-01-06 01:00:00+00:00,24.19,93.1,368.75,593.01,147.5,406.9,0.76,86.0,100660.0
1990-01-06 02:00:00+00:00,25.72,84.5,542.6,700.13,139.65,406.2,0.76,106.0,100680.0
1990-01-06 03:00:00+00:00,27.11,79.3,599.0,534.29,205.05,405.05,0.55,107.0,100660.0
1990-01-06 04:00:00+00:00,28.17,72.0,699.05,487.76,285.7,420.9,0.34,105.0,100630.0
1990-01-06 05:00:00+00:00,28.73,69.85,772.8,616.88,218.6,426.35,0.21,223.0,100560.0
1990-01-06 06:00:00+00:00,29.13,74.55,710.45,550.88,222.0,417.85,1.17,241.0,100490.0
1990-01-06 07:00:00+00:00,29.41,67.7,612.0,514.57,193.6,420.9,0.55,213.0,100330.0
1990-01-06 08:00:00+00:00,28.41,72.1,383.15,254.36,209.5,411.45,1.93,230.0,100310.0
1990-01-06 09:00:00+00:00,26.29,81.85,136.85,64.54,104.3,417.05,1.79,218.0,100290.0
1990-01-06 10:00:00+00:00,25.75,84.5,40.6,2.93,39.75,415.5,0.9,80.0,100400.0
1990-01-06 11:00:00+00:00,25.21,90.2,1.5,0.0,1.5,413.4,0.07,206.0,100520.0
1990-01-06 12:00:00+00:00,24.47,96.2,0.0,0.0,0.0,405.85,0.62,205.0,100620.0
1990-01-06 13:00:00+00:00,24.02,99.4,0.0,0.0,0.0,412.2,0.55,109.0,100680.0
1990-01-06 14:00:00+00:00,23.71,96.2,0.0,0.0,0.0,410.1,1.45,63.0,100740.0
1990-01-06 15:00:00+00:00,23.64,96.2,0.0,0.0,0.0,411.25,1.52,54.0,100740.0
1990-01-06 16:00:00+00:00,23.5,99.4,0.0,0.0,0.0,407.75,1.45,57.0,100700.0
1990-01-06 17:00:00+00:00,23.39,96.2,0.0,0.0,0.0,408.35,1.1,54.0,100680.0
1990-01-06 18:00:00+00:00,22.93,99.4,0.0,0.0,0.0,396.55,1.24,44.0,100660.0
1990-01-06 19:00:00+00:00,22.98,100.0,0.0,0.0,0.0,400.6,1.1,14.0,100580.0
1990-01-06 20:00:00+00:00,22.98,100.0,0.0,0.0,0.0,411.65,0.9,10.0,100560.0
1990-01-06 21:00:00+00:00,22.94,100.0,0.0,0.0,0.0,415.9,0.83,10.0,100550.0
1990-01-06 22:00:00+00:00,22.76,99.4,0.0,0.0,0.0,410.85,0.9,19.0,100570.0
1990-01-06 23:00:00+00:00,22.6,100.0,0.0,0.0,0.0,411.45,0.69,18.0,100590.0
1990-01-07 00:00:00+00:00,22.72,99.4,129.05,453.33,64.5,405.25,0.62,15.0,100650.0
1990-01-07 01:00:00+00:00,23.81,96.2,268.5,290.7,160.35,415.05,0.69,10.0,100710.0
1990-01-07 02:00:00+00:00,24.86,93.15,385.15,193.78,273.75,416.1,0.55,354.0,100770.0
1990-01-07 03:00:00+00:00,25.8,90.2,581.35,444.82,253.45,424.2,0.34,329.0,100740.0
1990-01-07 04:00:00+00:00,26.88,84.6,648.9,459.5,259.35,417.05,0.48,258.0,100720.0
1990-01-07 05:00:00+00:00,27.85,79.4,555.9,293.55,291.95,419.95,0.83,255.0,100620.0
1990-01-07 06:00:00+00:00,28.07,79.4,567.5,331.18,273.45,433.9,1.72,249.0,100530.0
1990-01-07 07:00:00+00:00,27.38,79.35,344.2,146.13,225.15,420.9,1.72,244.0,100420.0
1990-01-07 08:00:00+00:00,27.06,81.9,363.3,175.82,242.95,424.2,1.79,273.0,100400.0
1990-01-07 09:00:00+00:00,26.36,84.55,186.3,124.83,123.1,410.3,1.45,300.0,100400.0
1990-01-07 10:00:00+00:00,25.96,87.3,74.5,73.59,53.0,415.9,1.24,305.0,100380.0
1990-01-07 11:00:00+00:00,25.2,90.2,2.0,0.0,2.0,411.25,1.17,317.0,100470.0
1990-01-07 12:00:00+00:00,24.26,93.1,0.0,0.0,0.0,404.3,1.24,333.0,100570.0
1990-01-07 13:00:00+00:00,24.05,96.2,0.0,0.0,0.0,410.45,1.03,6.0,100660.0
1990-01-07 14:00:00+00:00,23.73,96.2,0.0,0.0,0.0,407.2,1.17,26.0,100720.0
1990-01-07 15:00:00+00:00,23.44,99.4,0.0,0.0,0.0,402.75,1.03,35.0,100740.0
1990-01-07 16:00:00+00:00,23.16,99.4,0.0,0.0,0.0,403.5,0.83,45.0,100760.0
1990-01-07 17:00:00+00:00,22.99,99.4,0.0,0.0,0.0,407.95,0.83,61.0,100730.0
1990-01-07 18:00:00+00:00,22.85,99.4,0.0,0.0,0.0,409.5,0.83,76.0,100660.0
1990-01-07 19:00:00+00:00,23.21,96.2,0.0,0.0,0.0,408.35,0.55,340.0,100620.0
1990-01-07 20:00:00+00:00,22.85,99.4,0.0,0.0,0.0,408.15,0.62,355.0,100590.0
1990-01-07 21:00:00+00:00,22.85,99.4,0.0,0.0,0.0,415.1,0.41,29.0,100590.0
1990-01-07 22:00:00+00:00,22.64,99.4,0.0,0.0,0.0,407.2,0.48,49.0,100610.0
1990-01-07 23:00:00+00:00,22.45,100.0,0.0,0.0,0.0,403.3,0.76,63.0,100640.0
1990-01-08 00:00:00+00:00,22.63,99.4,152.25,495.67,82.35,397.9,0.62,67.0,100670.0
1990-01-08 01:00:00+00:00,24.28,96.2,339.3,384.63,196.6,400.7,0.34,73.0,100760.0
1990-01-08 02:00:00+00:00,25.45,90.2,556.65,608.83,207.0,406.0,0.28,318.0,100800.0
1990-01-08 03:00:00+00:00,26.83,79.3,746.95,726.43,211.55,406.8,0.97,309.0,100780.0
1990-01-08 04:00:00+00:00,27.92,74.4,851.65,807.43,166.85,402.9,1.1,313.0,100720.0
1990-01-08 05:00:00+00:00,28.73,67.6,848.85,741.38,181.6,404.1,1.03,335.0,100650.0
1990-01-08 06:00:00+00:00,29.28,63.4,629.5,346.51,321.4,410.85,1.03,339.0,100540.0
1990-01-08 07:00:00+00:00,29.73,61.45,507.75,253.65,300.7,417.65,1.79,29.0,100390.0
1990-01-08 08:00:00+00:00,29.69,61.35,457.4,334.0,228.15,414.15,1.66,20.0,100300.0
1990-01-08 09:00:00+00:00,29.7,59.45,242.4,199.4,141.05,408.55,1.66,12.0,100280.0
1990-01-08 10:00:00+00:00,29.07,67.6,88.95,99.79,59.6,410.45,0.97,355.0,100280.0
1990-01-08 11:00:00+00:00,28.04,76.85,2.3,0.0,2.3,406.8,0.83,344.0,100320.0
1990-01-08 12:00:00+00:00,27.08,79.3,0.0,0.0,0.0,404.85,0.48,309.0,100420.0
1990-01-08 13:00:00+00:00,26.31,84.55,0.0,0.0,0.0,407.55,0.48,8.0,100540.0
1990-01-08 14:00:00+00:00,25.2,90.2,0.0,0.0,0.0,401.95,0.97,50.0,100630.0
1990-01-08 15:00:00+00:00,24.34,93.1,0.0,0.0,0.0,398.1,1.1,50.0,100650.0
1990-01-08 16:00:00+00:00,23.86,96.2,0.0,0.0,0.0,401.2,0.97,87.0,100680.0
1990-01-08 17:00:00+00:00,23.55,96.2,0.0,0.0,0.0,397.3,0.62,112.0,100670.0
1990-01-08 18:00:00+00:00,23.26,96.2,0.0,0.0,0.0,393.85,0.62,87.0,100640.0
1990-01-08 19:00:00+00:00,23.25,96.2,0.0,0.0,0.0,395.95,0.62,92.0,100560.0
1990-01-08 20:00:00+00:00,22.86,99.4,0.0,0.0,0.0,397.9,0.55,106.0,100520.0
1990-01-08 21:00:00+00:00,22.78,99.4,0.0,0.0,0.0,403.5,0.55,152.0,100540.0
1990-01-08 22:00:00+00:00,22.58,100.0,0.0,0.0,0.0,402.35,0.62,82.0,100550.0
1990-01-08 23:00:00+00:00,22.34,99.4,0.0,0.0,0.0,398.85,0.76,76.0,100580.0
1990-01-09 00:00:00+00:00,22.63,99.4,160.3,505.04,89.75,397.7,0.69,82.0,100630.0
1990-01-09 01:00:00+00:00,24.31,93.1,325.45,501.04,140.05,404.6,0.69,94.0,100700.0
1990-01-09 02:00:00+00:00,25.55,87.3,520.05,524.36,219.2,410.1,0.55,85.0,100730.0
1990-01-09 03:00:00+00:00,26.74,81.9,590.7,461.35,250.7,406.6,0.48,92.0,100740.0
1990-01-09 04:00:00+00:00,27.75,74.4,618.2,439.16,245.55,416.85,0.28,63.0,100670.0
1990-01-09 05:00:00+00:00,28.39,72.1,490.0,208.29,302.35,419.95,0.41,6.0,100620.0
1990-01-09 06:00:00+00:00,27.23,76.8,460.95,256.11,232.9,433.5,0.07,245.0,100460.0
1990-01-09 07:00:00+00:00,27.34,76.8,385.8,153.74,260.05,422.45,1.24,218.0,100380.0
1990-01-09 08:00:00+00:00,25.9,87.3,247.9,64.58,203.45,420.35,1.52,219.0,100360.0
1990-01-09 09:00:00+00:00,25.88,84.5,85.75,8.33,81.5,415.7,0.55,277.0,100420.0
1990-01-09 10:00:00+00:00,25.27,87.3,35.4,0.0,35.4,420.55,0.21,2.0,100470.0
1990-01-09 11:00:00+00:00,24.64,96.2,1.5,0.0,1.5,420.75,0.41,321.0,100520.0
1990-01-09 12:00:00+00:00,24.05,99.4,0.0,0.0,0.0,417.25,0.07,44.0,100650.0
1990-01-09 13:00:00+00:00,23.56,99.4,0.0,0.0,0.0,407.55,0.83,79.0,100710.0
1990-01-09 14:00:00+00:00,23.46,99.4,0.0,0.0,0.0,415.9,0.9,89.0,100790.0
1990-01-09 15:00:00+00:00,23.29,99.4,0.0,0.0,0.0,413.2,0.97,93.0,100830.0
1990-01-09 16:00:00+00:00,23.01,99.4,0.0,0.0,0.0,404.45,1.17,88.0,100830.0
1990-01-09 17:00:00+00:00,22.93,99.4,0.0,0.0,0.0,411.25,1.24,72.0,100790.0
1990-01-09 18:00:00+00:00,22.86,99.4,0.0,0.0,0.0,413.4,1.17,54.0,100710.0
1990-01-09 19:00:00+00:00,23.36,99.4,0.0,0.0,0.0,423.85,0.55,18.0,100630.0
1990-01-09 20:00:00+00:00,23.3,99.4,0.0,0.0,0.0,420.55,0.41,19.0,100550.0
1990-01-09 21:00:00+00:00,23.38,99.4,0.0,0.0,0.0,422.85,0.62,93.0,100530.0
1990-01-09 22:00:00+00:00,23.29,99.4,0.0,0.0,0.0,416.65,1.03,102.0,100520.0
1990-01-09 23:00:00+00:00,23.3,99.4,0.0,0.0,0.0,418.4,1.1,75.0,100540.0
1990-01-10 00:00:00+00:00,23.36,99.4,138.15,407.87,81.7,408.35,0.9,61.0,100620.0
1990-01-10 01:00:00+00:00,24.43,93.1,276.1,340.69,150.35,409.05,0.69,57.0,100700.0
1990-01-10 02:00:00+00:00,25.46,87.3,471.6,502.31,183.65,414.35,0.62,37.0,100770.0
1990-01-10 03:00:00+00:00,26.57,81.85,624.45,610.7,174.4,413.95,0.69,2.0,100780.0
1990-01-10 04:00:00+00:00,27.43,81.95,696.45,512.77,261.1,415.3,0.62,328.0,100760.0
1990-01-10 05:00:00+00:00,28.54,74.5,522.95,331.94,223.6,419.0,0.76,303.0,100670.0
1990-01-10 06:00:00+00:00,26.88,81.9,367.2,122.39,258.05,429.45,1.03,276.0,100660.0
1990-01-10 07:00:00+00:00,26.19,79.2,294.45,39.72,261.9,424.2,1.86,317.0,100520.0
1990-01-10 08:00:00+00:00,25.67,84.5,120.05,0.0,120.05,419.4,1.72,304.0,100480.0
1990-01-10 09:00:00+00:00,25.18,87.3,103.2,13.67,96.2,419.55,1.31,306.0,100490.0
1990-01-10 10:00:00+00:00,25.17,87.3,35.05,1.34,34.65,416.1,1.38,306.0,100560.0
1990-01-10 11:00:00+00:00,24.71,93.15,1.0,0.0,1.0,413.0,0.9,323.0,100640.0
1990-01-10 12:00:00+00:00,24.31,96.2,0.0,0.0,0.0,419.4,1.1,357.0,100670.0
1990-01-10 13:00:00+00:00,24.02,96.2,0.0,0.0,0.0,419.2,1.59,358.0,100710.0
1990-01-10 14:00:00+00:00,23.92,96.2,0.0,0.0,0.0,419.0,1.45,8.0,100810.0
1990-01-10 15:00:00+00:00,23.83,96.2,0.0,0.0,0.0,421.7,1.24,3.0,100840.0
1990-01-10 16:00:00+00:00,23.69,96.2,0.0,0.0,0.0,419.95,0.97,14.0,100860.0
1990-01-10 17:00:00+00:00,23.56,99.4,0.0,0.0,0.0,420.9,1.17,19.0,100850.0
1990-01-10 18:00:00+00:00,23.43,99.4,0.0,0.0,0.0,419.75,1.24,22.0,100780.0
1990-01-10 19:00:00+00:00,23.2,96.2,0.0,0.0,0.0,410.65,1.31,344.0,100660.0
1990-01-10 20:00:00+00:00,23.04,99.4,0.0,0.0,0.0,407.75,1.24,340.0,100640.0
1990-01-10 21:00:00+00:00,22.92,99.4,0.0,0.0,0.0,409.1,1.31,0.0,100610.0
1990-01-10 22:00:00+00:00,22.76,99.4,0.0,0.0,0.0,406.4,1.1,13.0,100650.0
1990-01-10 23:00:00+00:00,22.49,99.4,0.0,0.0,0.0,402.55,0.9,42.0,100720.0
1990-01-11 00:00:00+00:00,22.55,99.4,92.3,42.65,86.45,405.45,0.97,46.0,100760.0
1990-01-11 01:00:00+00:00,23.74,96.2,201.95,64.77,178.1,405.35,0.83,34.0,100830.0
1990-01-11 02:00:00+00:00,24.85,90.15,342.45,94.1,288.55,406.4,1.03,16.0,100870.0
1990-01-11 03:00:00+00:00,25.8,84.5,418.2,130.6,321.95,409.5,1.1,15.0,100840.0
1990-01-11 04:00:00+00:00,26.5,81.85,452.05,115.47,353.95,413.95,1.24,3.0,100820.0
1990-01-11 05:00:00+00:00,27.09,79.3,444.8,65.13,386.0,419.0,1.72,350.0,100770.0
1990-01-11 06:00:00+00:00,27.3,76.8,584.45,236.57,373.15,424.8,2.21,340.0,100660.0
1990-01-11 07:00:00+00:00,28.56,69.75,510.25,240.17,313.0,424.0,2.48,336.0,100530.0
1990-01-11 08:00:00+00:00,28.73,67.6,319.55,157.0,210.9,425.0,2.21,330.0,100430.0
1990-01-11 09:00:00+00:00,28.56,69.75,207.65,133.4,139.05,422.85,2.14,329.0,100390.0
1990-01-11 10:00:00+00:00,27.94,74.4,65.15,55.0,48.65,415.7,1.52,331.0,100450.0
1990-01-11 11:00:00+00:00,27.01,81.9,1.9,0.0,1.9,418.2,1.03,5.0,100560.0
1990-01-11 12:00:00+00:00,26.15,90.2,0.0,0.0,0.0,416.65,0.69,22.0,100680.0
1990-01-11 13:00:00+00:00,25.47,90.2,0.0,0.0,0.0,418.4,1.17,44.0,100740.0
1990-01-11 14:00:00+00:00,24.87,93.15,0.0,0.0,0.0,413.95,1.31,33.0,100830.0
1990-01-11 15:00:00+00:00,24.43,96.2,0.0,0.0,0.0,411.45,1.24,38.0,100840.0
1990-01-11 16:00:00+00:00,23.96,96.2,0.0,0.0,0.0,407.95,0.97,41.0,100840.0
1990-01-11 17:00:00+00:00,23.6,99.4,0.0,0.0,0.0,406.6,1.1,51.0,100820.0
1990-01-11 18:00:00+00:00,23.34,99.4,0.0,0.0,0.0,406.0,1.17,57.0,100770.0
1990-01-11 19:00:00+00:00,23.1,99.4,0.0,0.0,0.0,402.55,1.31,54.0,100710.0
1990-01-11 20:00:00+00:00,22.66,99.4,0.0,0.0,0.0,389.95,1.24,64.0,100650.0
1990-01-11 21:00:00+00:00,22.23,99.4,0.0,0.0,0.0,387.25,1.1,64.0,100660.0
1990-01-11 22:00:00+00:00,21.8,99.4,0.0,0.0,0.0,384.35,1.1,50.0,100710.0
1990-01-11 23:00:00+00:00,21.63,99.4,0.0,0.0,0.0,387.25,1.24,59.0,100800.0
1990-01-12 00:00:00+00:00,22.0,99.4,168.55,748.85,66.75,390.9,1.24,68.0,100860.0
1990-01-12 01:00:00+00:00,24.38,93.1,416.05,858.63,100.6,393.75,0.97,74.0,100910.0
1990-01-12 02:00:00+00:00,26.23,81.85,573.7,675.9,186.8,393.85,1.03,82.0,100940.0
1990-01-12 03:00:00+00:00,27.48,76.8,770.85,761.26,209.75,408.9,0.97,70.0,100950.0
1990-01-12 04:00:00+00:00,28.44,76.95,730.1,676.74,154.8,415.5,0.83,64.0,100910.0
1990-01-12 05:00:00+00:00,29.02,74.55,784.8,662.12,186.35,412.6,0.55,51.0,100830.0
1990-01-12 06:00:00+00:00,29.77,67.8,748.25,580.32,229.1,415.5,0.9,6.0,100680.0
1990-01-12 07:00:00+00:00,29.6,67.7,469.85,270.9,246.9,419.0,0.9,317.0,100570.0
1990-01-12 08:00:00+00:00,27.99,74.4,426.35,298.07,219.5,426.35,1.03,272.0,100460.0
1990-01-12 09:00:00+00:00,27.34,74.3,188.65,104.6,134.65,416.3,0.14,355.0,100540.0
1990-01-12 10:00:00+00:00,26.85,76.7,61.4,25.17,53.8,418.0,0.48,21.0,100580.0
1990-01-12 11:00:00+00:00,26.18,81.85,2.6,0.0,2.6,422.85,0.41,4.0,100670.0
1990-01-12 12:00:00+00:00,25.56,87.3,0.0,0.0,0.0,409.1,0.69,2.0,100720.0
1990-01-12 13:00:00+00:00,24.9,93.15,0.0,0.0,0.0,405.05,0.62,319.0,100830.0
1990-01-12 14:00:00+00:00,24.45,96.2,0.0,0.0,0.0,406.0,0.62,48.0,100900.0
1990-01-12 15:00:00+00:00,23.94,96.2,0.0,0.0,0.0,403.9,1.17,61.0,100920.0
1990-01-12 16:00:00+00:00,23.48,99.4,0.0,0.0,0.0,401.2,1.03,66.0,100870.0
1990-01-12 17:00:00+00:00,23.1,100.0,0.0,0.0,0.0,400.4,0.97,77.0,100850.0
1990-01-12 18:00:00+00:00,22.83,99.4,0.0,0.0,0.0,399.05,1.17,74.0,100780.0
1990-01-12 19:00:00+00:00,23.35,99.4,0.0,0.0,0.0,413.0,0.76,59.0,100700.0
1990-01-12 20:00:00+00:00,22.9,100.0,0.0,0.0,0.0,400.8,1.1,65.0,100620.0
1990-01-12 21:00:00+00:00,22.79,99.4,0.0,0.0,0.0,400.2,1.31,70.0,100610.0
1990-01-12 22:00:00+00:00,22.49,100.0,0.0,0.0,0.0,394.6,1.17,75.0,100620.0
1990-01-12 23:00:00+00:00,21.95,100.0,0.0,0.0,0.0,384.55,1.17,86.0,100720.0
1990-01-13 00:00:00+00:00,22.17,99.4,158.35,675.2,67.35,388.8,0.97,86.0,100780.0
1990-01-13 01:00:00+00:00,24.4,96.2,387.85,773.04,104.45,392.95,1.03,89.0,100890.0
1990-01-13 02:00:00+00:00,25.95,84.5,482.55,598.86,139.95,398.65,1.45,71.0,100940.0
1990-01-13 03:00:00+00:00,26.8,79.3,748.5,827.1,138.75,413.0,1.59,50.0,100920.0
1990-01-13 04:00:00+00:00,27.94,74.4,829.35,801.84,147.2,403.3,1.79,33.0,100870.0
1990-01-13 05:00:00+00:00,28.91,67.6,809.05,714.11,162.85,406.2,1.86,27.0,100770.0
1990-01-13 06:00:00+00:00,29.28,65.5,733.8,627.2,171.8,410.65,1.52,27.0,100640.0
1990-01-13 07:00:00+00:00,29.04,67.6,657.45,616.67,148.85,415.7,1.66,23.0,100490.0
1990-01-13 08:00:00+00:00,29.01,67.6,473.9,502.73,124.05,414.55,1.03,19.0,100400.0
1990-01-13 09:00:00+00:00,28.19,67.5,195.85,172.02,106.7,416.85,0.14,328.0,100420.0
1990-01-13 10:00:00+00:00,26.95,74.25,56.9,78.48,33.05,421.7,1.24,274.0,100490.0
1990-01-13 11:00:00+00:00,25.59,87.3,2.35,0.0,2.35,421.7,1.1,278.0,100550.0
1990-01-13 12:00:00+00:00,24.52,93.1,0.0,0.0,0.0,408.9,0.62,275.0,100680.0
1990-01-13 13:00:00+00:00,24.13,96.2,0.0,0.0,0.0,413.0,0.07,296.0,100750.0
1990-01-13 14:00:00+00:00,24.03,99.4,0.0,0.0,0.0,421.3,0.41,103.0,100830.0
1990-01-13 15:00:00+00:00,23.84,99.4,0.0,0.0,0.0,413.2,0.69,107.0,100870.0
1990-01-13 16:00:00+00:00,23.82,99.4,0.0,0.0,0.0,418.8,0.76,104.0,100840.0
1990-01-13 17:00:00+00:00,23.77,96.2,0.0,0.0,0.0,419.0,0.76,92.0,100820.0
1990-01-13 18:00:00+00:00,23.46,99.4,0.0,0.0,0.0,408.55,0.76,75.0,100740.0
1990-01-13 19:00:00+00:00,23.37,96.2,0.0,0.0,0.0,406.2,0.76,77.0,100700.0
1990-01-13 20:00:00+00:00,23.03,99.4,0.0,0.0,0.0,404.3,0.76,73.0,100640.0
1990-01-13 21:00:00+00:00,22.76,96.15,0.0,0.0,0.0,403.7,0.69,53.0,100670.0
1990-01-13 22:00:00+00:00,22.37,99.4,0.0,0.0,0.0,398.1,0.62,45.0,100670.0
1990-01-13 23:00:00+00:00,22.18,99.4,0.0,0.0,0.0,395.95,0.55,37.0,100730.0
1990-01-14 00:00:00+00:00,22.18,99.4,152.8,583.61,74.8,390.55,0.76,44.0,100790.0
1990-01-14 01:00:00+00:00,24.02,93.1,316.3,467.93,145.1,387.35,0.83,48.0,100850.0
1990-01-14 02:00:00+00:00,25.18,84.45,559.25,723.86,145.35,394.8,0.97,47.0,100910.0
1990-01-14 03:00:00+00:00,26.54,76.65,666.9,574.38,243.35,394.6,1.31,44.0,100920.0
1990-01-14 04:00:00+00:00,27.45,74.3,722.65,566.01,240.75,397.1,1.1,36.0,100910.0
1990-01-14 05:00:00+00:00,28.18,72.0,824.8,658.32,228.35,412.8,0.76,26.0,100840.0
1990-01-14 06:00:00+00:00,28.79,67.6,806.1,658.97,214.65,407.4,0.62,8.0,100740.0
1990-01-14 07:00:00+00:00,28.73,65.4,605.65,477.3,211.15,408.55,1.31,34.0,100640.0
1990-01-14 08:00:00+00:00,28.27,67.5,417.3,342.48,178.3,410.65,0.83,47.0,100540.0
1990-01-14 09:00:00+00:00,27.2,71.9,279.5,237.58,155.9,408.35,0.34,334.0,100600.0
1990-01-14 10:00:00+00:00,26.3,76.65,103.25,160.38,54.2,413.0,0.48,336.0,100650.0
1990-01-14 11:00:00+00:00,25.73,79.15,3.3,0.0,3.3,408.9,0.55,328.0,100700.0
1990-01-14 12:00:00+00:00,24.92,87.25,0.0,0.0,0.0,401.2,0.48,347.0,100770.0
1990-01-14 13:00:00+00:00,24.53,90.1,0.0,0.0,0.0,406.6,0.41,4.0,100830.0
1990-01-14 14:00:00+00:00,24.21,90.1,0.0,0.0,0.0,393.05,0.21,23.0,100890.0
1990-01-14 15:00:00+00:00,23.77,93.1,0.0,0.0,0.0,390.95,0.21,90.0,100940.0
1990-01-14 16:00:00+00:00,22.99,96.15,0.0,0.0,0.0,386.3,0.62,72.0,100960.0
1990-01-14 17:00:00+00:00,22.23,99.4,0.0,0.0,0.0,385.3,1.1,61.0,100940.0
1990-01-14 18:00:00+00:00,21.97,99.4,0.0,0.0,0.0,386.65,1.31,56.0,100870.0
1990-01-14 19:00:00+00:00,22.12,100.0,0.0,0.0,0.0,394.8,0.97,38.0,100840.0
1990-01-14 20:00:00+00:00,21.86,99.4,0.0,0.0,0.0,388.2,1.24,48.0,100790.0
1990-01-14 21:00:00+00:00,21.81,99.4,0.0,0.0,0.0,390.55,1.38,55.0,100800.0
1990-01-14 22:00:00+00:00,21.57,99.4,0.0,0.0,0.0,383.75,1.45,60.0,100780.0
1990-01-14 23:00:00+00:00,21.53,99.4,0.0,0.0,0.0,388.6,1.52,61.0,100860.0
1990-01-15 00:00:00+00:00,21.74,96.15,170.0,761.09,69.1,386.85,1.45,62.0,100890.0
1990-01-15 01:00:00+00:00,23.54,93.05,368.25,677.74,120.75,383.3,1.45,58.0,100950.0
1990-01-15 02:00:00+00:00,25.06,81.7,586.55,775.5,143.3,388.6,1.72,51.0,100990.0
1990-01-15 03:00:00+00:00,26.25,71.75,798.15,908.02,128.35,390.15,2.07,44.0,100980.0
1990-01-15 04:00:00+00:00,27.32,67.3,878.8,827.53,173.65,389.0,2.34,41.0,100960.0
1990-01-15 05:00:00+00:00,27.98,63.1,748.25,552.21,247.3,394.8,2.14,37.0,100910.0
1990-01-15 06:00:00+00:00,28.12,63.1,668.1,471.44,244.25,417.65,1.66,30.0,100830.0
1990-01-15 07:00:00+00:00,27.9,65.2,602.9,537.29,157.85,417.05,0.9,17.0,100750.0
1990-01-15 08:00:00+00:00,27.77,65.2,309.45,224.21,152.55,405.85,0.83,18.0,100670.0
1990-01-15 09:00:00+00:00,27.55,67.3,227.6,251.03,96.5,417.85,0.9,43.0,100660.0
1990-01-15 10:00:00+00:00,27.37,67.3,91.3,150.29,45.05,416.45,0.9,58.0,100670.0
1990-01-15 11:00:00+00:00,26.85,71.85,2.85,0.0,2.85,412.4,0.48,83.0,100730.0
1990-01-15 12:00:00+00:00,26.03,79.15,0.0,0.0,0.0,412.8,0.76,103.0,100790.0
1990-01-15 13:00:00+00:00,25.14,84.4,0.0,0.0,0.0,401.75,1.17,108.0,100860.0
1990-01-15 14:00:00+00:00,24.37,87.2,0.0,0.0,0.0,395.4,1.59,101.0,100980.0
1990-01-15 15:00:00+00:00,23.86,87.15,0.0,0.0,0.0,395.55,1.86,90.0,101000.0
1990-01-15 16:00:00+00:00,23.4,90.05,0.0,0.0,0.0,390.15,1.93,82.0,101000.0
1990-01-15 17:00:00+00:00,23.25,87.1,0.0,0.0,0.0,399.85,2.0,72.0,100980.0
1990-01-15 18:00:00+00:00,22.85,90.05,0.0,0.0,0.0,390.95,2.0,65.0,100930.0
1990-01-15 19:00:00+00:00,22.76,93.05,0.0,0.0,0.0,399.65,1.72,64.0,100850.0
1990-01-15 20:00:00+00:00,22.54,93.05,0.0,0.0,0.0,394.6,1.79,67.0,100810.0
1990-01-15 21:00:00+00:00,22.11,96.15,0.0,0.0,0.0,382.2,1.79,70.0,100800.0
1990-01-15 22:00:00+00:00,21.9,96.15,0.0,0.0,0.0,384.35,1.79,68.0,100830.0
1990-01-15 23:00:00+00:00,21.74,93.0,0.0,0.0,0.0,386.3,1.79,67.0,100880.0
1990-01-16 00:00:00+00:00,21.92,93.0,182.0,808.13,75.7,385.3,1.86,66.0,100920.0
1990-01-16 01:00:00+00:00,23.52,90.05,397.25,747.91,124.6,383.3,2.21,63.0,100990.0
1990-01-16 02:00:00+00:00,25.1,81.7,541.0,629.08,181.55,389.55,2.48,59.0,101020.0
1990-01-16 03:00:00+00:00,26.28,74.15,721.25,715.23,193.45,400.6,2.55,52.0,101030.0
1990-01-16 04:00:00+00:00,27.36,67.3,755.3,564.44,273.9,408.15,2.21,44.0,100980.0
1990-01-16 05:00:00+00:00,28.03,65.2,675.05,421.75,291.95,414.75,1.52,27.0,100900.0
1990-01-16 06:00:00+00:00,28.08,65.2,519.8,255.72,289.5,422.65,1.1,15.0,100790.0
1990-01-16 07:00:00+00:00,27.63,67.3,387.0,168.34,247.25,419.95,1.31,29.0,100700.0
1990-01-16 08:00:00+00:00,27.4,67.3,245.65,89.27,183.0,424.0,1.24,40.0,100630.0
1990-01-16 09:00:00+00:00,27.01,69.5,114.5,50.55,88.0,427.3,1.03,56.0,100610.0
1990-01-16 10:00:00+00:00,26.59,74.15,28.7,15.02,24.05,428.85,0.76,81.0,100650.0
1990-01-16 11:00:00+00:00,26.05,79.15,1.45,0.0,1.45,429.25,0.97,90.0,100690.0
1990-01-16 12:00:00+00:00,25.6,81.75,0.0,0.0,0.0,425.95,1.38,99.0,100780.0
1990-01-16 13:00:00+00:00,25.11,84.4,0.0,0.0,0.0,422.45,1.59,95.0,100850.0
1990-01-16 14:00:00+00:00,24.82,84.4,0.0,0.0,0.0,424.6,1.72,86.0,100940.0
1990-01-16 15:00:00+00:00,24.53,84.35,0.0,0.0,0.0,423.05,1.72,79.0,100960.0
1990-01-16 16:00:00+00:00,24.19,84.35,0.0,0.0,0.0,417.45,1.59,74.0,100950.0
1990-01-16 17:00:00+00:00,23.96,87.15,0.0,0.0,0.0,418.0,1.52,62.0,100940.0
1990-01-16 18:00:00+00:00,23.73,87.15,0.0,0.0,0.0,418.2,1.45,55.0,100880.0
1990-01-16 19:00:00+00:00,23.55,87.1,0.0,0.0,0.0,415.7,1.72,54.0,100810.0
1990-01-16 20:00:00+00:00,23.44,87.1,0.0,0.0,0.0,418.6,1.72,44.0,100770.0
1990-01-16 21:00:00+00:00,23.24,87.1,0.0,0.0,0.0,414.35,1.79,42.0,100740.0
1990-01-16 22:00:00+00:00,23.12,87.1,0.0,0.0,0.0,415.5,1.86,45.0,100750.0
1990-01-16 23:00:00+00:00,23.02,87.1,0.0,0.0,0.0,417.05,1.79,51.0,100800.0
1990-01-17 00:00:00+00:00,22.93,87.1,82.3,114.51,67.35,414.9,1.52,56.0,100840.0
1990-01-17 01:00:00+00:00,23.57,84.25,193.6,205.1,118.95,417.55,1.59,60.0,100910.0
1990-01-17 02:00:00+00:00,24.24,78.95,334.0,231.77,201.6,407.75,1.72,57.0,100970.0
1990-01-17 03:00:00+00:00,25.11,76.45,605.9,467.09,261.05,415.5,1.79,52.0,100970.0
1990-01-17 04:00:00+00:00,26.36,69.4,831.0,691.64,240.55,410.65,1.93,48.0,100910.0
1990-01-17 05:00:00+00:00,27.52,65.1,896.65,778.48,188.55,394.6,1.86,51.0,100820.0
1990-01-17 06:00:00+00:00,28.29,61.1,837.1,695.2,209.9,395.75,1.72,54.0,100700.0
1990-01-17 07:00:00+00:00,28.96,59.2,482.95,226.15,294.8,407.2,1.52,33.0,100650.0
1990-01-17 08:00:00+00:00,28.78,59.2,275.15,95.99,207.6,429.85,0.9,33.0,100540.0
1990-01-17 09:00:00+00:00,28.22,63.2,185.25,110.6,127.05,428.3,0.55,64.0,100540.0
1990-01-17 10:00:00+00:00,27.74,65.2,62.9,35.95,51.7,428.85,0.83,75.0,100580.0
1990-01-17 11:00:00+00:00,26.96,71.85,2.3,0.0,2.3,425.55,0.83,81.0,100620.0
1990-01-17 12:00:00+00:00,26.36,76.65,0.0,0.0,0.0,427.7,1.03,88.0,100700.0
1990-01-17 13:00:00+00:00,25.74,79.15,0.0,0.0,0.0,422.45,1.24,85.0,100780.0
1990-01-17 14:00:00+00:00,25.34,81.75,0.0,0.0,0.0,423.65,1.38,77.0,100850.0
1990-01-17 15:00:00+00:00,24.93,84.4,0.0,0.0,0.0,418.4,1.59,73.0,100900.0
1990-01-17 16:00:00+00:00,24.37,84.35,0.0,0.0,0.0,407.0,2.0,68.0,100920.0
1990-01-17 17:00:00+00:00,23.96,84.35,0.0,0.0,0.0,403.9,2.28,66.0,100900.0
1990-01-17 18:00:00+00:00,23.63,81.55,0.0,0.0,0.0,404.1,2.41,62.0,100840.0
1990-01-17 19:00:00+00:00,23.09,93.05,0.0,0.0,0.0,397.3,1.59,71.0,100810.0
1990-01-17 20:00:00+00:00,22.98,93.05,0.0,0.0,0.0,401.0,1.93,69.0,100780.0
1990-01-17 21:00:00+00:00,22.92,90.05,0.0,0.0,0.0,404.65,2.28,67.0,100790.0
1990-01-17 22:00:00+00:00,22.76,87.1,0.0,0.0,0.0,402.55,2.34,62.0,100790.0
1990-01-17 23:00:00+00:00,22.45,87.05,0.0,0.0,0.0,393.65,2.28,57.0,100830.0
1990-01-18 00:00:00+00:00,22.25,87.05,180.65,847.92,70.75,384.75,2.07,54.0,100870.0
1990-01-18 01:00:00+00:00,23.49,84.25,371.25,669.86,127.8,381.95,2.21,55.0,100950.0
1990-01-18 02:00:00+00:00,24.79,76.45,527.2,657.06,151.9,386.3,2.83,56.0,100990.0
1990-01-18 03:00:00+00:00,25.82,71.65,675.65,608.71,226.0,391.7,3.17,54.0,100980.0
1990-01-18 04:00:00+00:00,26.78,67.2,773.35,571.7,284.8,401.95,3.17,51.0,100950.0
1990-01-18 05:00:00+00:00,27.61,65.1,728.6,431.84,335.25,408.55,3.17,48.0,100920.0
1990-01-18 06:00:00+00:00,28.12,61.0,636.25,338.24,330.55,416.45,3.17,42.0,100820.0
1990-01-18 07:00:00+00:00,28.61,59.1,288.8,51.75,245.65,424.4,2.76,44.0,100720.0
1990-01-18 08:00:00+00:00,28.15,63.1,216.55,28.84,196.2,432.75,2.07,56.0,100660.0
1990-01-18 09:00:00+00:00,27.68,63.1,127.05,15.52,118.85,428.1,2.07,67.0,100650.0
1990-01-18 10:00:00+00:00,27.09,69.5,47.9,24.57,40.2,428.3,2.0,72.0,100690.0
1990-01-18 11:00:00+00:00,26.32,71.75,2.3,0.0,2.3,419.55,2.14,70.0,100750.0
1990-01-18 12:00:00+00:00,25.55,74.0,0.0,0.0,0.0,418.8,2.28,66.0,100820.0
1990-01-18 13:00:00+00:00,25.05,76.45,0.0,0.0,0.0,421.3,2.28,62.0,100890.0
1990-01-18 14:00:00+00:00,24.75,76.45,0.0,0.0,0.0,421.7,2.21,62.0,100990.0
1990-01-18 15:00:00+00:00,24.41,76.35,0.0,0.0,0.0,419.0,2.0,61.0,101020.0
1990-01-18 16:00:00+00:00,24.06,78.9,0.0,0.0,0.0,414.55,2.0,60.0,101020.0
1990-01-18 17:00:00+00:00,23.83,78.9,0.0,0.0,0.0,417.65,1.93,54.0,101000.0
1990-01-18 18:00:00+00:00,23.38,81.5,0.0,0.0,0.0,406.6,1.86,50.0,100940.0
1990-01-18 19:00:00+00:00,23.17,81.5,0.0,0.0,0.0,408.55,1.93,59.0,100960.0
1990-01-18 20:00:00+00:00,22.91,84.25,0.0,0.0,0.0,404.65,1.86,56.0,100910.0
1990-01-18 21:00:00+00:00,22.42,84.15,0.0,0.0,0.0,392.1,1.72,56.0,100900.0
1990-01-18 22:00:00+00:00,22.28,84.15,0.0,0.0,0.0,400.8,1.66,61.0,100890.0
1990-01-18 23:00:00+00:00,22.16,84.15,0.0,0.0,0.0,400.2,1.72,61.0,100960.0
1990-01-19 00:00:00+00:00,22.03,87.0,137.8,456.03,79.1,394.2,1.79,57.0,100950.0
1990-01-19 01:00:00+00:00,23.2,81.5,296.55,346.74,170.7,391.6,2.14,57.0,101030.0
1990-01-19 02:00:00+00:00,24.28,76.35,523.4,505.73,234.55,392.45,2.69,55.0,101080.0
1990-01-19 03:00:00+00:00,25.58,71.6,741.75,672.4,244.75,389.2,3.17,51.0,101070.0
1990-01-19 04:00:00+00:00,26.76,62.9,882.8,773.68,220.95,393.45,3.17,47.0,101020.0
1990-01-19 05:00:00+00:00,27.68,59.0,914.35,744.65,235.1,379.9,2.97,43.0,100960.0
1990-01-19 06:00:00+00:00,28.27,59.1,866.95,737.99,198.75,387.25,2.76,39.0,100860.0
1990-01-19 07:00:00+00:00,28.67,59.1,732.9,650.66,189.15,400.2,2.34,34.0,100800.0
1990-01-19 08:00:00+00:00,28.79,57.3,490.65,446.52,174.65,396.55,2.21,19.0,100700.0
1990-01-19 09:00:00+00:00,28.6,57.15,302.6,334.32,125.35,407.0,1.93,6.0,100670.0
1990-01-19 10:00:00+00:00,28.03,63.1,114.1,157.5,64.45,401.2,1.59,2.0,100670.0
1990-01-19 11:00:00+00:00,27.28,67.3,3.85,0.0,3.85,407.0,0.97,9.0,100740.0
1990-01-19 12:00:00+00:00,26.16,74.15,0.0,0.0,0.0,398.1,0.76,35.0,100790.0
1990-01-19 13:00:00+00:00,24.91,84.4,0.0,0.0,0.0,395.75,0.9,63.0,100870.0
1990-01-19 14:00:00+00:00,24.11,87.15,0.0,0.0,0.0,397.1,1.1,76.0,100960.0
1990-01-19 15:00:00+00:00,23.34,90.05,0.0,0.0,0.0,391.7,1.31,81.0,101010.0
1990-01-19 16:00:00+00:00,22.92,90.05,0.0,0.0,0.0,393.25,1.52,85.0,101030.0
1990-01-19 17:00:00+00:00,22.81,90.05,0.0,0.0,0.0,398.65,1.59,83.0,101040.0
1990-01-19 18:00:00+00:00,22.73,87.1,0.0,0.0,0.0,403.9,1.59,76.0,101000.0
1990-01-19 19:00:00+00:00,23.12,93.05,0.0,0.0,0.0,410.85,1.31,54.0,100960.0
1990-01-19 20:00:00+00:00,22.93,93.05,0.0,0.0,0.0,403.9,1.31,56.0,100910.0
1990-01-19 21:00:00+00:00,22.68,93.05,0.0,0.0,0.0,400.6,1.24,57.0,100880.0
1990-01-19 22:00:00+00:00,22.57,93.05,0.0,0.0,0.0,401.2,1.38,55.0,100880.0
1990-01-19 23:00:00+00:00,22.32,93.05,0.0,0.0,0.0,395.4,1.59,48.0,100930.0
1990-01-20 00:00:00+00:00,22.19,90.0,143.5,356.21,97.95,389.2,1.59,43.0,100940.0
1990-01-20 01:00:00+00:00,23.4,84.25,348.65,471.55,177.7,379.25,1.72,40.0,101000.0
1990-01-20 02:00:00+00:00,24.61,78.95,603.65,694.43,207.0,380.85,2.0,38.0,101050.0
1990-01-20 03:00:00+00:00,25.93,71.65,721.4,694.66,207.6,379.1,1.79,36.0,101060.0
1990-01-20 04:00:00+00:00,26.99,67.2,783.25,661.49,216.75,393.05,1.17,28.0,101030.0
1990-01-20 05:00:00+00:00,27.74,63.1,809.35,669.34,197.9,393.85,1.24,360.0,100980.0
1990-01-20 06:00:00+00:00,28.07,63.1,643.75,383.15,296.2,408.55,1.38,345.0,100890.0
1990-01-20 07:00:00+00:00,27.86,63.1,471.4,265.59,248.95,409.9,1.24,331.0,100750.0
1990-01-20 08:00:00+00:00,27.49,65.1,324.25,276.89,127.75,418.8,0.69,300.0,100690.0
1990-01-20 09:00:00+00:00,26.97,67.2,206.9,157.76,122.95,418.6,0.41,261.0,100690.0
1990-01-20 10:00:00+00:00,26.63,69.4,84.15,92.25,54.9,415.1,0.48,216.0,100710.0
1990-01-20 11:00:00+00:00,26.02,74.1,3.5,0.0,3.5,414.15,0.34,168.0,100770.0
1990-01-20 12:00:00+00:00,25.31,81.75,0.0,0.0,0.0,402.75,0.21,94.0,100860.0
1990-01-20 13:00:00+00:00,24.73,81.7,0.0,0.0,0.0,400.4,0.55,59.0,100930.0
1990-01-20 14:00:00+00:00,24.09,90.1,0.0,0.0,0.0,402.75,0.9,65.0,100990.0
1990-01-20 15:00:00+00:00,23.51,93.05,0.0,0.0,0.0,395.2,1.24,65.0,100990.0
1990-01-20 16:00:00+00:00,22.92,93.05,0.0,0.0,0.0,388.2,1.45,65.0,100960.0
1990-01-20 17:00:00+00:00,22.18,96.15,0.0,0.0,0.0,375.45,1.45,66.0,100950.0
1990-01-20 18:00:00+00:00,21.8,96.15,0.0,0.0,0.0,382.0,1.38,68.0,100920.0
1990-01-20 19:00:00+00:00,21.96,96.15,0.0,0.0,0.0,384.95,1.45,66.0,100860.0
1990-01-20 20:00:00+00:00,21.7,96.15,0.0,0.0,0.0,383.2,1.38,66.0,100810.0
1990-01-20 21:00:00+00:00,21.33,96.15,0.0,0.0,0.0,376.4,1.45,70.0,100810.0
1990-01-20 22:00:00+00:00,20.94,99.4,0.0,0.0,0.0,371.2,1.45,70.0,100860.0
1990-01-20 23:00:00+00:00,20.61,96.15,0.0,0.0,0.0,371.0,1.38,66.0,100930.0
1990-01-21 00:00:00+00:00,20.57,100.0,166.55,836.48,60.25,366.35,1.24,60.0,100980.0
1990-01-21 01:00:00+00:00,23.08,93.05,408.5,889.55,86.35,374.6,1.17,53.0,101020.0
1990-01-21 02:00:00+00:00,24.8,79.05,598.55,786.41,149.3,377.2,1.38,46.0,101080.0
1990-01-21 03:00:00+00:00,26.04,71.65,728.9,753.46,171.2,386.3,1.31,42.0,101090.0
1990-01-21 04:00:00+00:00,26.96,67.2,892.1,854.63,159.35,383.95,1.24,25.0,101040.0
1990-01-21 05:00:00+00:00,27.86,61.0,898.75,759.49,203.9,379.5,1.52,355.0,100970.0
1990-01-21 06:00:00+00:00,28.27,59.1,738.15,621.55,173.3,390.55,1.79,341.0,100860.0
1990-01-21 07:00:00+00:00,28.88,55.4,624.45,497.77,206.6,393.25,1.86,331.0,100720.0
1990-01-21 08:00:00+00:00,28.73,55.4,473.75,456.61,148.8,406.6,1.59,320.0,100640.0
1990-01-21 09:00:00+00:00,28.46,57.15,235.75,248.83,102.85,400.0,1.24,300.0,100640.0
1990-01-21 10:00:00+00:00,27.7,61.0,122.15,200.25,58.3,411.65,0.76,245.0,100680.0
1990-01-21 11:00:00+00:00,26.89,69.5,4.35,0.0,4.35,400.4,0.55,211.0,100760.0
1990-01-21 12:00:00+00:00,25.75,76.6,0.0,0.0,0.0,389.55,0.41,187.0,100850.0
1990-01-21 13:00:00+00:00,25.02,81.7,0.0,0.0,0.0,389.55,0.41,91.0,100890.0
1990-01-21 14:00:00+00:00,24.1,90.1,0.0,0.0,0.0,395.2,0.83,79.0,100990.0
1990-01-21 15:00:00+00:00,23.07,93.05,0.0,0.0,0.0,377.2,1.17,80.0,100990.0
1990-01-21 16:00:00+00:00,22.35,93.05,0.0,0.0,0.0,376.2,1.52,77.0,100990.0
1990-01-21 17:00:00+00:00,21.72,96.15,0.0,0.0,0.0,372.55,1.59,76.0,100960.0
1990-01-21 18:00:00+00:00,21.38,96.15,0.0,0.0,0.0,373.5,1.59,80.0,100900.0
1990-01-21 19:00:00+00:00,21.56,96.15,0.0,0.0,0.0,381.65,1.59,87.0,100870.0
1990-01-21 20:00:00+00:00,21.32,96.15,0.0,0.0,0.0,379.1,1.52,80.0,100810.0
1990-01-21 21:00:00+00:00,21.15,96.15,0.0,0.0,0.0,379.7,1.52,72.0,100780.0
1990-01-21 22:00:00+00:00,20.9,96.15,0.0,0.0,0.0,374.3,1.72,68.0,100810.0
1990-01-21 23:00:00+00:00,20.6,96.15,0.0,0.0,0.0,367.5,1.79,64.0,100860.0
1990-01-22 00:00:00+00:00,20.64,96.15,180.85,795.9,80.3,366.75,1.66,60.0,100900.0
1990-01-22 01:00:00+00:00,22.54,90.0,408.2,758.1,133.9,368.4,1.66,59.0,100950.0
1990-01-22 02:00:00+00:00,24.24,76.35,570.9,655.67,196.25,366.15,1.79,57.0,101030.0
1990-01-22 03:00:00+00:00,25.45,71.6,786.5,746.31,233.65,370.4,2.0,52.0,101030.0
1990-01-22 04:00:00+00:00,26.58,67.15,843.2,654.99,280.95,368.3,2.14,45.0,101000.0
1990-01-22 05:00:00+00:00,27.38,60.9,789.0,457.06,370.2,378.95,2.28,38.0,100930.0
1990-01-22 06:00:00+00:00,27.84,59.0,711.75,415.55,333.4,399.25,2.41,35.0,100830.0
1990-01-22 07:00:00+00:00,28.02,57.05,548.3,282.58,310.55,403.7,1.86,28.0,100740.0
1990-01-22 08:00:00+00:00,28.08,57.05,262.05,97.95,192.15,404.65,1.45,26.0,100640.0
1990-01-22 09:00:00+00:00,27.8,57.05,207.15,64.46,172.6,413.2,0.9,42.0,100600.0
1990-01-22 10:00:00+00:00,27.65,58.9,100.5,52.09,83.8,401.4,0.76,77.0,100630.0
1990-01-22 11:00:00+00:00,26.84,67.2,4.75,0.0,4.75,396.35,0.69,119.0,100690.0
1990-01-22 12:00:00+00:00,25.46,76.5,0.0,0.0,0.0,387.65,1.03,125.0,100780.0
1990-01-22 13:00:00+00:00,24.12,84.35,0.0,0.0,0.0,382.8,1.31,111.0,100860.0
1990-01-22 14:00:00+00:00,23.35,84.25,0.0,0.0,0.0,381.65,1.72,94.0,100940.0
1990-01-22 15:00:00+00:00,22.74,84.25,0.0,0.0,0.0,380.85,1.86,83.0,100970.0
1990-01-22 16:00:00+00:00,22.17,87.05,0.0,0.0,0.0,377.4,1.86,78.0,100980.0
1990-01-22 17:00:00+00:00,21.7,89.95,0.0,0.0,0.0,375.85,1.86,74.0,100980.0
1990-01-22 18:00:00+00:00,21.33,89.95,0.0,0.0,0.0,375.25,1.93,68.0,100930.0
1990-01-22 19:00:00+00:00,20.92,92.95,0.0,0.0,0.0,365.55,1.93,68.0,100850.0
1990-01-22 20:00:00+00:00,20.7,92.95,0.0,0.0,0.0,368.45,2.0,65.0,100790.0
1990-01-22 21:00:00+00:00,20.61,92.95,0.0,0.0,0.0,371.4,2.0,63.0,100800.0
1990-01-22 22:00:00+00:00,20.4,96.1,0.0,0.0,0.0,365.0,2.07,59.0,100780.0
1990-01-22 23:00:00+00:00,20.51,96.1,0.0,0.0,0.0,376.4,2.07,54.0,100850.0
1990-01-23 00:00:00+00:00,20.72,92.95,186.15,930.42,69.25,375.05,1.93,50.0,100890.0
1990-01-23 01:00:00+00:00,22.8,84.25,423.0,887.98,101.95,369.95,2.07,49.0,100950.0
1990-01-23 02:00:00+00:00,24.51,76.35,608.45,767.17,169.95,371.55,2.28,47.0,101000.0
1990-01-23 03:00:00+00:00,25.8,69.3,781.55,794.9,192.2,378.55,2.28,46.0,101000.0
1990-01-23 04:00:00+00:00,26.92,65.0,850.4,767.27,190.95,375.85,2.14,45.0,100950.0
1990-01-23 05:00:00+00:00,27.87,59.0,876.1,725.16,210.6,391.5,1.72,36.0,100890.0
1990-01-23 06:00:00+00:00,28.57,57.15,544.8,315.34,257.15,409.5,1.17,25.0,100790.0
1990-01-23 07:00:00+00:00,28.57,57.15,545.0,387.61,218.15,418.0,0.55,25.0,100680.0
1990-01-23 08:00:00+00:00,28.46,57.15,490.5,462.41,159.6,413.95,0.48,44.0,100630.0
1990-01-23 09:00:00+00:00,28.32,59.1,239.45,230.14,115.65,401.95,0.48,82.0,100600.0
1990-01-23 10:00:00+00:00,27.59,65.1,96.5,144.86,49.8,410.45,0.69,109.0,100660.0
1990-01-23 11:00:00+00:00,26.79,69.5,6.5,26.32,4.3,401.4,0.83,112.0,100710.0
1990-01-23 12:00:00+00:00,25.62,76.5,0.0,0.0,0.0,385.1,1.17,100.0,100810.0
1990-01-23 13:00:00+00:00,24.56,81.65,0.0,0.0,0.0,389.0,1.38,86.0,100860.0
1990-01-23 14:00:00+00:00,23.79,84.35,0.0,0.0,0.0,388.2,1.59,77.0,100900.0
1990-01-23 15:00:00+00:00,23.0,87.1,0.0,0.0,0.0,378.75,1.79,78.0,100930.0
1990-01-23 16:00:00+00:00,22.25,90.0,0.0,0.0,0.0,372.15,1.79,81.0,100930.0
1990-01-23 17:00:00+00:00,22.05,89.95,0.0,0.0,0.0,384.15,1.86,79.0,100930.0
1990-01-23 18:00:00+00:00,21.71,89.95,0.0,0.0,0.0,379.1,1.93,71.0,100870.0
1990-01-23 19:00:00+00:00,21.85,93.0,0.0,0.0,0.0,381.25,1.79,59.0,100790.0
1990-01-23 20:00:00+00:00,21.76,93.0,0.0,0.0,0.0,384.75,1.86,52.0,100740.0
1990-01-23 21:00:00+00:00,21.51,93.0,0.0,0.0,0.0,381.85,1.72,52.0,100700.0
1990-01-23 22:00:00+00:00,21.29,93.0,0.0,0.0,0.0,381.25,1.72,57.0,100670.0
1990-01-23 23:00:00+00:00,21.04,96.15,0.0,0.0,0.0,377.55,1.72,60.0,100740.0
1990-01-24 00:00:00+00:00,21.19,93.0,145.8,636.4,66.25,383.55,1.52,59.0,100760.0
1990-01-24 01:00:00+00:00,22.95,87.1,362.35,688.15,113.7,385.4,1.45,55.0,100840.0
1990-01-24 02:00:00+00:00,24.62,78.95,491.1,492.99,209.2,386.85,1.52,51.0,100910.0
1990-01-24 03:00:00+00:00,25.79,71.65,613.55,450.75,279.05,397.9,1.31,43.0,100910.0
1990-01-24 04:00:00+00:00,26.87,67.2,795.25,643.69,241.3,408.75,1.31,24.0,100850.0
1990-01-24 05:00:00+00:00,28.03,63.1,838.45,639.21,250.9,401.2,1.66,359.0,100760.0
1990-01-24 06:00:00+00:00,28.77,59.2,572.5,288.37,308.95,405.25,1.86,343.0,100610.0
1990-01-24 07:00:00+00:00,28.95,59.2,579.65,391.7,248.6,421.7,1.52,323.0,100500.0
1990-01-24 08:00:00+00:00,29.09,61.25,502.5,507.56,138.3,410.85,1.31,305.0,100430.0
1990-01-24 09:00:00+00:00,28.78,61.25,288.05,346.59,100.95,406.4,1.17,269.0,100410.0
1990-01-24 10:00:00+00:00,27.8,67.4,122.05,211.05,53.65,416.65,1.1,236.0,100460.0
1990-01-24 11:00:00+00:00,26.84,74.25,5.6,15.29,4.3,404.1,0.69,214.0,100530.0
1990-01-24 12:00:00+00:00,25.98,81.8,0.0,0.0,0.0,404.85,0.34,194.0,100630.0
1990-01-24 13:00:00+00:00,25.37,84.45,0.0,0.0,0.0,406.8,0.41,68.0,100710.0
1990-01-24 14:00:00+00:00,24.69,87.25,0.0,0.0,0.0,407.95,1.17,68.0,100780.0
1990-01-24 15:00:00+00:00,24.22,90.1,0.0,0.0,0.0,409.3,1.24,80.0,100810.0
1990-01-24 16:00:00+00:00,23.89,93.1,0.0,0.0,0.0,407.75,1.31,92.0,100810.0
1990-01-24 17:00:00+00:00,23.73,93.1,0.0,0.0,0.0,412.0,1.17,99.0,100810.0
1990-01-24 18:00:00+00:00,23.1,96.15,0.0,0.0,0.0,392.85,1.31,99.0,100750.0
1990-01-24 19:00:00+00:00,22.63,93.05,0.0,0.0,0.0,395.4,1.24,78.0,100700.0
1990-01-24 20:00:00+00:00,22.5,96.15,0.0,0.0,0.0,397.5,1.38,73.0,100650.0
1990-01-24 21:00:00+00:00,22.34,96.15,0.0,0.0,0.0,395.75,1.45,69.0,100610.0
1990-01-24 22:00:00+00:00,22.18,93.05,0.0,0.0,0.0,394.4,1.52,67.0,100600.0
1990-01-24 23:00:00+00:00,22.04,96.15,0.0,0.0,0.0,393.85,1.52,69.0,100650.0
1990-01-25 00:00:00+00:00,21.87,96.15,163.4,692.87,77.2,380.1,1.52,71.0,100680.0
1990-01-25 01:00:00+00:00,23.58,90.05,362.75,696.35,111.25,383.1,1.66,75.0,100750.0
1990-01-25 02:00:00+00:00,25.24,79.1,524.4,564.85,201.25,389.75,1.86,78.0,100780.0
1990-01-25 03:00:00+00:00,26.71,69.5,587.25,473.53,235.5,409.1,1.52,81.0,100790.0
1990-01-25 04:00:00+00:00,27.67,67.3,626.2,418.81,265.3,418.6,0.9,90.0,100730.0
1990-01-25 05:00:00+00:00,28.3,63.2,612.65,399.22,245.1,422.1,0.41,99.0,100670.0
1990-01-25 06:00:00+00:00,28.5,63.2,638.3,319.6,345.65,421.5,0.21,114.0,100550.0
1990-01-25 07:00:00+00:00,29.27,61.35,502.65,261.79,280.9,422.3,0.83,200.0,100420.0
1990-01-25 08:00:00+00:00,28.76,65.4,474.0,425.71,167.7,427.9,1.24,193.0,100370.0
1990-01-25 09:00:00+00:00,28.21,67.5,305.15,350.28,115.4,412.8,1.45,191.0,100360.0
1990-01-25 10:00:00+00:00,27.62,71.9,104.8,150.87,55.65,414.35,1.17,180.0,100410.0
1990-01-25 11:00:00+00:00,26.88,76.7,4.8,12.73,3.7,409.9,0.76,165.0,100480.0
1990-01-25 12:00:00+00:00,26.11,81.8,0.0,0.0,0.0,404.85,0.83,136.0,100560.0
1990-01-25 13:00:00+00:00,25.4,84.45,0.0,0.0,0.0,407.95,0.9,107.0,100630.0
1990-01-25 14:00:00+00:00,25.02,87.25,0.0,0.0,0.0,415.9,1.17,88.0,100720.0
1990-01-25 15:00:00+00:00,24.43,90.1,0.0,0.0,0.0,402.75,1.45,81.0,100730.0
1990-01-25 16:00:00+00:00,23.74,90.1,0.0,0.0,0.0,389.75,1.66,77.0,100760.0
1990-01-25 17:00:00+00:00,23.24,93.05,0.0,0.0,0.0,390.55,1.72,74.0,100740.0
1990-01-25 18:00:00+00:00,22.76,93.05,0.0,0.0,0.0,383.95,1.86,74.0,100700.0
1990-01-25 19:00:00+00:00,22.85,93.05,0.0,0.0,0.0,387.05,1.72,77.0,100670.0
1990-01-25 20:00:00+00:00,22.41,96.15,0.0,0.0,0.0,378.95,1.86,75.0,100630.0
1990-01-25 21:00:00+00:00,22.24,93.05,0.0,0.0,0.0,384.95,1.86,73.0,100600.0
1990-01-25 22:00:00+00:00,22.14,93.05,0.0,0.0,0.0,387.45,1.93,70.0,100620.0
1990-01-25 23:00:00+00:00,21.85,93.0,0.0,0.0,0.0,379.9,1.93,69.0,100650.0
1990-01-26 00:00:00+00:00,21.93,93.0,175.05,952.18,57.1,380.45,1.86,68.0,100700.0
1990-01-26 01:00:00+00:00,23.61,87.1,400.25,860.4,89.6,379.8,1.93,69.0,100760.0
1990-01-26 02:00:00+00:00,25.57,79.1,568.15,789.35,116.3,395.2,1.86,71.0,100830.0
1990-01-26 03:00:00+00:00,26.93,71.85,740.35,776.09,163.25,403.5,1.45,72.0,100830.0
1990-01-26 04:00:00+00:00,27.8,67.4,822.7,785.2,145.15,402.9,0.76,89.0,100780.0
1990-01-26 05:00:00+00:00,28.17,67.4,721.65,562.74,202.7,411.05,0.28,127.0,100710.0
1990-01-26 06:00:00+00:00,28.04,67.4,656.05,489.57,206.9,405.25,0.28,182.0,100630.0
1990-01-26 07:00:00+00:00,28.15,69.65,711.25,655.62,154.65,422.1,0.48,243.0,100550.0
1990-01-26 08:00:00+00:00,28.58,69.75,393.2,365.45,129.55,418.8,0.69,251.0,100460.0
1990-01-26 09:00:00+00:00,28.22,69.75,235.9,244.5,103.0,422.1,0.21,264.0,100440.0
1990-01-26 10:00:00+00:00,27.92,72.0,109.65,165.07,55.6,422.45,0.69,52.0,100440.0
1990-01-26 11:00:00+00:00,27.27,74.3,6.0,21.07,4.15,420.15,0.69,62.0,100500.0
1990-01-26 12:00:00+00:00,26.19,76.65,0.0,0.0,0.0,405.05,0.76,74.0,100580.0
1990-01-26 13:00:00+00:00,25.49,84.45,0.0,0.0,0.0,409.9,1.03,54.0,100670.0
1990-01-26 14:00:00+00:00,24.94,87.25,0.0,0.0,0.0,408.55,1.24,62.0,100760.0
1990-01-26 15:00:00+00:00,24.54,90.1,0.0,0.0,0.0,406.4,1.31,69.0,100800.0
1990-01-26 16:00:00+00:00,24.13,93.1,0.0,0.0,0.0,403.7,1.31,78.0,100810.0
1990-01-26 17:00:00+00:00,23.38,93.05,0.0,0.0,0.0,384.55,1.59,80.0,100790.0
1990-01-26 18:00:00+00:00,23.18,93.05,0.0,0.0,0.0,401.2,1.59,74.0,100730.0
1990-01-26 19:00:00+00:00,22.59,96.15,0.0,0.0,0.0,391.3,1.93,66.0,100650.0
1990-01-26 20:00:00+00:00,22.37,93.05,0.0,0.0,0.0,387.25,1.86,64.0,100620.0
1990-01-26 21:00:00+00:00,22.04,96.15,0.0,0.0,0.0,379.5,1.86,62.0,100590.0
1990-01-26 22:00:00+00:00,21.8,93.0,0.0,0.0,0.0,379.1,1.93,62.0,100610.0
1990-01-26 23:00:00+00:00,21.85,93.0,0.0,0.0,0.0,390.15,2.0,62.0,100680.0
1990-01-27 00:00:00+00:00,21.82,93.0,175.85,907.69,63.85,377.95,2.0,63.0,100730.0
1990-01-27 01:00:00+00:00,23.5,87.1,361.85,716.77,103.1,384.45,2.28,63.0,100790.0
1990-01-27 02:00:00+00:00,24.94,79.05,535.25,630.31,174.2,386.85,2.55,63.0,100830.0
1990-01-27 03:00:00+00:00,26.29,71.75,720.2,725.94,179.8,396.55,2.55,60.0,100830.0
1990-01-27 04:00:00+00:00,27.53,65.1,896.8,871.82,143.45,395.0,2.48,57.0,100790.0
1990-01-27 05:00:00+00:00,28.68,61.25,893.2,767.76,184.0,392.65,2.07,58.0,100750.0
1990-01-27 06:00:00+00:00,29.4,57.4,604.4,411.82,225.85,405.65,1.52,50.0,100660.0
1990-01-27 07:00:00+00:00,29.28,57.4,538.1,374.32,219.6,428.85,1.17,30.0,100540.0
1990-01-27 08:00:00+00:00,28.95,61.25,335.35,218.97,176.95,426.35,0.9,33.0,100470.0
1990-01-27 09:00:00+00:00,28.52,63.2,241.05,233.87,113.5,426.9,1.03,45.0,100430.0
1990-01-27 10:00:00+00:00,28.3,63.2,98.05,140.1,51.95,418.4,1.17,63.0,100450.0
1990-01-27 11:00:00+00:00,27.7,67.4,6.6,20.76,4.75,412.4,0.97,85.0,100500.0
1990-01-27 12:00:00+00:00,26.71,74.25,0.0,0.0,0.0,409.1,0.76,111.0,100580.0
1990-01-27 13:00:00+00:00,25.65,79.15,0.0,0.0,0.0,397.3,0.83,105.0,100650.0
1990-01-27 14:00:00+00:00,24.75,87.25,0.0,0.0,0.0,396.9,1.03,92.0,100720.0
1990-01-27 15:00:00+00:00,24.14,90.1,0.0,0.0,0.0,395.4,1.38,85.0,100740.0
1990-01-27 16:00:00+00:00,23.39,93.05,0.0,0.0,0.0,385.7,1.59,80.0,100740.0
1990-01-27 17:00:00+00:00,23.13,90.05,0.0,0.0,0.0,395.55,1.59,75.0,100710.0
1990-01-27 18:00:00+00:00,22.88,93.05,0.0,0.0,0.0,393.85,1.79,75.0,100650.0
1990-01-27 19:00:00+00:00,22.69,93.05,0.0,0.0,0.0,393.65,1.45,73.0,100630.0
1990-01-27 20:00:00+00:00,22.73,93.05,0.0,0.0,0.0,400.8,1.45,67.0,100580.0
1990-01-27 21:00:00+00:00,22.57,96.15,0.0,0.0,0.0,395.2,1.66,64.0,100560.0
1990-01-27 22:00:00+00:00,22.78,90.05,0.0,0.0,0.0,409.5,1.79,63.0,100550.0
1990-01-27 23:00:00+00:00,22.62,90.05,0.0,0.0,0.0,398.65,1.93,64.0,100630.0
1990-01-28 00:00:00+00:00,22.68,90.05,96.95,213.48,70.7,400.8,1.86,63.0,100670.0
1990-01-28 01:00:00+00:00,23.57,87.1,244.9,320.09,129.35,405.15,1.93,62.0,100750.0
1990-01-28 02:00:00+00:00,24.79,76.45,380.85,244.57,240.65,411.85,2.07,59.0,100820.0
1990-01-28 03:00:00+00:00,25.98,71.65,537.0,330.08,291.0,413.0,2.21,58.0,100870.0
1990-01-28 04:00:00+00:00,27.13,67.2,553.1,271.22,318.4,416.3,2.14,58.0,100830.0
1990-01-28 05:00:00+00:00,27.81,61.0,516.9,186.43,344.4,421.3,2.21,59.0,100760.0
1990-01-28 06:00:00+00:00,28.15,61.0,631.5,333.39,324.45,422.45,2.41,57.0,100650.0
1990-01-28 07:00:00+00:00,28.64,59.1,405.0,111.52,309.9,417.05,2.34,38.0,100530.0
1990-01-28 08:00:00+00:00,28.61,61.1,249.4,71.63,197.45,426.55,1.38,9.0,100450.0
1990-01-28 09:00:00+00:00,27.73,63.1,206.95,183.85,106.35,432.75,0.83,340.0,100430.0
1990-01-28 10:00:00+00:00,27.19,67.3,93.15,152.89,42.6,417.65,0.28,302.0,100470.0
1990-01-28 11:00:00+00:00,26.63,74.15,5.2,15.49,3.8,414.35,0.41,215.0,100540.0
1990-01-28 12:00:00+00:00,25.82,81.8,0.0,0.0,0.0,407.75,0.48,167.0,100620.0
1990-01-28 13:00:00+00:00,25.17,84.45,0.0,0.0,0.0,408.35,0.69,116.0,100710.0
1990-01-28 14:00:00+00:00,24.61,90.1,0.0,0.0,0.0,406.6,0.97,101.0,100800.0
1990-01-28 15:00:00+00:00,23.87,90.1,0.0,0.0,0.0,394.4,1.1,87.0,100840.0
1990-01-28 16:00:00+00:00,23.32,93.05,0.0,0.0,0.0,393.25,1.31,79.0,100850.0
1990-01-28 17:00:00+00:00,23.04,93.05,0.0,0.0,0.0,399.45,1.38,75.0,100790.0
1990-01-28 18:00:00+00:00,22.65,93.05,0.0,0.0,0.0,392.45,1.52,73.0,100720.0
1990-01-28 19:00:00+00:00,22.54,93.05,0.0,0.0,0.0,385.9,1.93,69.0,100680.0
1990-01-28 20:00:00+00:00,22.26,93.05,0.0,0.0,0.0,379.5,2.07,67.0,100640.0
1990-01-28 21:00:00+00:00,22.0,93.0,0.0,0.0,0.0,377.95,2.14,67.0,100590.0
1990-01-28 22:00:00+00:00,21.65,93.0,0.0,0.0,0.0,371.0,2.07,69.0,100600.0
1990-01-28 23:00:00+00:00,21.36,93.0,0.0,0.0,0.0,368.65,2.14,69.0,100640.0
1990-01-29 00:00:00+00:00,21.44,93.0,188.4,1011.96,64.35,369.25,2.0,67.0,100690.0
1990-01-29 01:00:00+00:00,23.64,84.35,444.05,999.22,83.3,368.4,2.14,65.0,100760.0
1990-01-29 02:00:00+00:00,25.76,71.65,671.8,995.94,100.4,371.95,2.41,62.0,100820.0
1990-01-29 03:00:00+00:00,27.41,65.1,778.3,886.99,116.45,380.3,2.62,59.0,100820.0
1990-01-29 04:00:00+00:00,28.49,61.1,941.35,925.78,139.05,383.75,2.55,58.0,100800.0
1990-01-29 05:00:00+00:00,29.5,57.4,966.75,884.81,146.65,384.35,2.62,58.0,100760.0
1990-01-29 06:00:00+00:00,30.05,53.8,746.75,548.56,240.55,391.1,2.83,58.0,100640.0
1990-01-29 07:00:00+00:00,29.83,53.8,710.85,605.14,193.65,419.2,2.76,53.0,100560.0
1990-01-29 08:00:00+00:00,29.77,53.8,476.3,426.17,166.4,416.85,2.9,55.0,100500.0
1990-01-29 09:00:00+00:00,29.43,55.5,349.05,429.63,113.2,406.6,2.83,57.0,100470.0
1990-01-29 10:00:00+00:00,29.14,57.3,140.55,253.77,56.25,403.9,2.62,60.0,100500.0
1990-01-29 11:00:00+00:00,28.23,61.1,7.3,22.92,5.2,396.55,1.79,69.0,100540.0
1990-01-29 12:00:00+00:00,27.0,67.2,0.0,0.0,0.0,388.6,1.59,81.0,100630.0
1990-01-29 13:00:00+00:00,25.65,74.0,0.0,0.0,0.0,382.0,1.79,81.0,100680.0
1990-01-29 14:00:00+00:00,24.42,78.95,0.0,0.0,0.0,378.35,1.86,79.0,100760.0
1990-01-29 15:00:00+00:00,23.45,84.25,0.0,0.0,0.0,372.35,2.0,77.0,100790.0
1990-01-29 16:00:00+00:00,22.73,84.25,0.0,0.0,0.0,369.05,2.07,72.0,100800.0
1990-01-29 17:00:00+00:00,22.12,89.95,0.0,0.0,0.0,365.4,2.07,69.0,100790.0
1990-01-29 18:00:00+00:00,21.51,89.95,0.0,0.0,0.0,361.3,2.0,67.0,100750.0
1990-01-29 19:00:00+00:00,21.41,93.0,0.0,0.0,0.0,361.3,2.07,68.0,100720.0
1990-01-29 20:00:00+00:00,21.08,92.95,0.0,0.0,0.0,358.8,2.14,65.0,100660.0
1990-01-29 21:00:00+00:00,20.67,92.95,0.0,0.0,0.0,353.0,2.07,63.0,100680.0
1990-01-29 22:00:00+00:00,20.29,96.1,0.0,0.0,0.0,349.1,2.14,59.0,100700.0
1990-01-29 23:00:00+00:00,19.97,92.95,0.0,0.0,0.0,346.0,2.14,59.0,100750.0
1990-01-30 00:00:00+00:00,19.93,92.95,197.0,1063.28,67.0,340.0,2.07,61.0,100810.0
1990-01-30 01:00:00+00:00,22.83,84.25,451.4,960.17,104.65,341.9,2.07,62.0,100860.0
1990-01-30 02:00:00+00:00,25.52,71.6,685.0,975.43,124.85,348.95,2.55,58.0,100920.0
1990-01-30 03:00:00+00:00,27.37,60.9,883.95,1003.79,134.0,356.3,3.1,53.0,100920.0
1990-01-30 04:00:00+00:00,28.72,57.3,949.7,867.47,196.8,363.25,3.38,52.0,100880.0
1990-01-30 05:00:00+00:00,29.6,55.5,948.4,772.36,231.3,377.75,3.45,51.0,100820.0
1990-01-30 06:00:00+00:00,30.23,50.45,938.1,831.13,169.65,391.1,3.31,49.0,100690.0
1990-01-30 07:00:00+00:00,30.47,47.15,846.45,842.67,124.65,385.9,2.69,47.0,100640.0
1990-01-30 08:00:00+00:00,30.63,45.6,565.8,571.43,149.2,379.7,2.62,45.0,100540.0
1990-01-30 09:00:00+00:00,30.37,45.6,317.8,366.71,115.85,391.3,2.34,42.0,100490.0
1990-01-30 10:00:00+00:00,29.78,48.65,154.3,276.29,62.1,391.3,1.86,50.0,100510.0
1990-01-30 11:00:00+00:00,28.62,57.15,8.15,24.78,5.85,381.05,1.03,72.0,100540.0
1990-01-30 12:00:00+00:00,26.8,65.0,0.0,0.0,0.0,375.65,0.76,123.0,100630.0
1990-01-30 13:00:00+00:00,25.28,74.0,0.0,0.0,0.0,376.0,1.1,123.0,100720.0
1990-01-30 14:00:00+00:00,23.94,81.55,0.0,0.0,0.0,367.7,1.59,103.0,100790.0
1990-01-30 15:00:00+00:00,23.05,87.1,0.0,0.0,0.0,365.95,1.93,87.0,100860.0
1990-01-30 16:00:00+00:00,22.31,87.05,0.0,0.0,0.0,362.85,1.93,80.0,100850.0
1990-01-30 17:00:00+00:00,21.7,89.95,0.0,0.0,0.0,360.75,1.93,74.0,100860.0
1990-01-30 18:00:00+00:00,21.14,89.95,0.0,0.0,0.0,358.2,2.0,68.0,100780.0
1990-01-30 19:00:00+00:00,21.19,93.0,0.0,0.0,0.0,358.2,2.14,65.0,100740.0
1990-01-30 20:00:00+00:00,20.92,96.15,0.0,0.0,0.0,354.55,2.14,63.0,100720.0
1990-01-30 21:00:00+00:00,20.72,96.15,0.0,0.0,0.0,354.75,2.21,62.0,100710.0
1990-01-30 22:00:00+00:00,20.54,96.1,0.0,0.0,0.0,351.85,2.28,63.0,100730.0
1990-01-30 23:00:00+00:00,20.36,96.1,0.0,0.0,0.0,349.3,2.28,62.0,100760.0
1990-01-31 00:00:00+00:00,20.42,96.1,198.05,1136.91,59.35,345.45,2.21,63.0,100810.0
1990-01-31 01:00:00+00:00,23.23,84.25,452.3,987.59,95.5,346.9,2.21,65.0,100880.0
1990-01-31 02:00:00+00:00,25.83,69.3,674.1,965.32,119.2,352.8,2.69,67.0,100950.0
1990-01-31 03:00:00+00:00,27.51,60.9,871.2,1007.02,117.85,363.25,3.03,64.0,100950.0
1990-01-31 04:00:00+00:00,28.85,51.8,948.1,943.96,127.55,364.2,2.9,62.0,100900.0
1990-01-31 05:00:00+00:00,29.71,48.65,1020.5,965.95,122.1,368.65,2.55,60.0,100820.0
1990-01-31 06:00:00+00:00,30.37,45.6,976.5,930.23,114.75,371.2,2.21,59.0,100710.0
1990-01-31 07:00:00+00:00,30.79,45.6,778.65,738.6,144.6,377.75,1.86,60.0,100640.0
1990-01-31 08:00:00+00:00,30.8,44.05,649.25,718.02,124.45,378.95,1.66,51.0,100560.0
1990-01-31 09:00:00+00:00,30.83,44.05,377.95,481.88,111.75,385.9,1.66,46.0,100530.0
1990-01-31 10:00:00+00:00,30.32,42.6,159.05,299.54,58.65,389.55,1.45,48.0,100520.0
1990-01-31 11:00:00+00:00,29.11,51.8,8.75,33.52,5.6,379.7,0.62,69.0,100560.0
1990-01-31 12:00:00+00:00,27.16,62.9,0.0,0.0,0.0,369.25,0.34,125.0,100590.0
1990-01-31 13:00:00+00:00,26.02,67.05,0.0,0.0,0.0,367.1,0.21,130.0,100660.0
1990-01-31 14:00:00+00:00,24.99,76.45,0.0,0.0,0.0,361.1,0.21,46.0,100730.0
1990-01-31 15:00:00+00:00,23.8,81.55,0.0,0.0,0.0,360.15,0.76,30.0,100780.0
1990-01-31 16:00:00+00:00,18.63,98.13,0.0,0.0,0.0,339.65,1.55,37.0,100800.0
1990-01-31 17:00:00+00:00,19.35,96.13,0.0,0.0,0.0,344.95,1.6,46.0,100810.0
1990-01-31 18:00:00+00:00,20.07,94.14,0.0,0.0,0.0,350.25,1.64,55.0,100780.0
1990-01-31 19:00:00+00:00,20.79,92.14,0.0,0.0,0.0,355.55,1.69,64.0,100750.0
1990-01-31 20:00:00+00:00,21.5,90.14,0.0,0.0,0.0,360.85,1.74,64.0,100710.0
1990-01-31 21:00:00+00:00,22.22,88.15,0.0,0.0,0.0,366.15,1.79,64.0,100690.0
1990-01-31 22:00:00+00:00,22.94,86.15,0.0,0.0,0.0,371.45,1.83,64.0,100680.0
1990-01-31 23:00:00+00:00,23.66,84.15,0.0,0.0,0.0,376.76,1.88,64.0,100700.0
1990-02-01 00:00:00+00:00,24.38,82.16,144.3,488.97,84.75,382.06,1.93,68.0,101010.0
1990-02-01 01:00:00+00:00,25.09,80.16,380.75,599.88,163.9,387.36,1.98,69.0,101070.0
1990-02-01 02:00:00+00:00,25.81,78.17,579.05,629.41,216.85,392.66,2.02,73.0,101160.0
1990-02-01 03:00:00+00:00,26.53,76.17,708.6,613.12,249.3,397.96,2.07,54.0,101140.0
1990-02-01 04:00:00+00:00,27.25,74.17,722.2,480.23,304.1,403.26,2.12,47.0,101090.0
1990-02-01 05:00:00+00:00,27.97,72.18,818.15,626.17,234.75,408.56,2.17,48.0,101010.0
1990-02-01 06:00:00+00:00,28.68,70.18,649.85,376.11,300.75,413.87,2.22,48.0,100900.0
1990-02-01 07:00:00+00:00,29.4,68.18,582.75,337.43,292.45,419.17,2.26,48.0,100820.0
1990-02-01 08:00:00+00:00,29.88,63.4,373.75,202.26,225.55,421.7,1.31,46.0,100720.0
1990-02-01 09:00:00+00:00,29.47,63.4,230.8,152.59,146.25,426.35,1.03,48.0,100690.0
1990-02-01 10:00:00+00:00,28.64,67.5,92.4,85.26,63.7,423.65,0.83,73.0,100720.0
1990-02-01 11:00:00+00:00,27.72,74.3,4.95,2.1,4.75,422.1,0.62,127.0,100810.0
1990-02-01 12:00:00+00:00,26.86,81.85,0.0,0.0,0.0,420.35,0.55,195.0,100880.0
1990-02-01 13:00:00+00:00,26.13,84.5,0.0,0.0,0.0,413.4,0.55,206.0,101010.0
1990-02-01 14:00:00+00:00,25.74,87.3,0.0,0.0,0.0,414.55,0.14,181.0,101130.0
1990-02-01 15:00:00+00:00,25.03,93.15,0.0,0.0,0.0,415.7,0.62,355.0,101170.0
1990-02-01 16:00:00+00:00,24.67,93.15,0.0,0.0,0.0,416.45,0.97,357.0,101150.0
1990-02-01 17:00:00+00:00,24.43,93.15,0.0,0.0,0.0,415.5,0.97,7.0,101130.0
1990-02-01 18:00:00+00:00,23.97,93.1,0.0,0.0,0.0,403.9,1.03,26.0,101100.0
1990-02-01 19:00:00+00:00,23.97,93.1,0.0,0.0,0.0,408.55,0.83,34.0,101030.0
1990-02-01 20:00:00+00:00,23.53,93.1,0.0,0.0,0.0,395.75,0.97,41.0,100980.0
1990-02-01 21:00:00+00:00,23.23,96.2,0.0,0.0,0.0,398.85,1.1,55.0,100960.0
1990-02-01 22:00:00+00:00,22.9,93.05,0.0,0.0,0.0,394.8,1.24,59.0,100970.0
1990-02-01 23:00:00+00:00,22.82,99.4,0.0,0.0,0.0,403.7,1.03,67.0,101030.0
1990-02-02 00:00:00+00:00,22.94,96.2,145.15,667.18,64.0,400.8,0.9,68.0,101070.0
1990-02-02 01:00:00+00:00,24.93,90.15,391.6,798.07,102.9,389.3,0.83,57.0,101120.0
1990-02-02 02:00:00+00:00,26.83,81.85,595.2,773.96,149.3,392.65,1.17,35.0,101180.0
1990-02-02 03:00:00+00:00,28.24,72.0,776.2,809.22,169.15,403.1,2.07,32.0,101150.0
1990-02-02 04:00:00+00:00,29.15,67.6,882.05,796.38,187.6,402.75,2.28,30.0,101090.0
1990-02-02 05:00:00+00:00,29.82,63.4,767.8,580.61,225.9,410.85,2.21,28.0,101010.0
1990-02-02 06:00:00+00:00,29.97,61.45,764.6,576.95,228.05,422.85,1.72,32.0,100940.0
1990-02-02 07:00:00+00:00,30.28,59.45,689.15,575.18,193.25,422.45,1.72,18.0,100870.0
1990-02-02 08:00:00+00:00,30.18,59.45,510.95,483.31,155.95,414.15,1.38,9.0,100740.0
1990-02-02 09:00:00+00:00,29.98,59.45,336.15,414.4,105.85,414.9,0.9,6.0,100680.0
1990-02-02 10:00:00+00:00,29.29,63.3,114.35,138.16,67.65,413.95,0.55,339.0,100710.0
1990-02-02 11:00:00+00:00,28.46,69.75,6.55,1.04,6.45,418.4,0.69,261.0,100800.0
1990-02-02 12:00:00+00:00,27.37,79.3,0.0,0.0,0.0,419.75,1.1,249.0,100860.0
1990-02-02 13:00:00+00:00,26.56,81.85,0.0,0.0,0.0,411.65,0.83,251.0,100970.0
1990-02-02 14:00:00+00:00,25.98,87.3,0.0,0.0,0.0,410.85,0.55,269.0,101070.0
1990-02-02 15:00:00+00:00,25.72,90.2,0.0,0.0,0.0,409.9,0.41,326.0,101130.0
1990-02-02 16:00:00+00:00,25.05,93.15,0.0,0.0,0.0,411.05,0.76,21.0,101120.0
1990-02-02 17:00:00+00:00,24.48,90.15,0.0,0.0,0.0,403.3,0.83,37.0,101100.0
1990-02-02 18:00:00+00:00,23.8,93.1,0.0,0.0,0.0,393.65,1.03,48.0,101060.0
1990-02-02 19:00:00+00:00,24.29,93.1,0.0,0.0,0.0,403.9,0.62,47.0,101000.0
1990-02-02 20:00:00+00:00,23.73,96.2,0.0,0.0,0.0,397.9,0.83,61.0,100930.0
1990-02-02 21:00:00+00:00,23.31,96.2,0.0,0.0,0.0,397.5,1.24,74.0,100920.0
1990-02-02 22:00:00+00:00,23.17,96.2,0.0,0.0,0.0,401.55,1.24,82.0,100940.0
1990-02-02 23:00:00+00:00,22.75,96.15,0.0,0.0,0.0,388.6,1.38,81.0,100980.0
1990-02-03 00:00:00+00:00,22.74,96.15,168.9,813.77,70.0,388.0,1.17,78.0,101010.0
1990-02-03 01:00:00+00:00,24.93,90.15,411.8,830.12,111.25,385.8,0.97,85.0,101040.0
1990-02-03 02:00:00+00:00,26.67,79.2,618.35,764.42,177.4,391.7,1.31,72.0,101120.0
1990-02-03 03:00:00+00:00,27.92,72.0,817.05,860.49,170.6,398.45,1.59,56.0,101110.0
1990-02-03 04:00:00+00:00,29.22,65.4,948.0,916.46,147.55,398.3,1.59,39.0,101060.0
1990-02-03 05:00:00+00:00,30.04,61.45,923.75,726.21,244.75,404.1,1.31,29.0,100980.0
1990-02-03 06:00:00+00:00,30.46,57.6,798.3,647.69,194.8,410.65,0.9,14.0,100880.0
1990-02-03 07:00:00+00:00,30.28,59.45,676.95,574.47,180.6,422.65,0.62,308.0,100800.0
1990-02-03 08:00:00+00:00,30.18,59.45,538.25,556.91,128.2,413.75,0.34,315.0,100730.0
1990-02-03 09:00:00+00:00,30.16,59.45,358.25,443.44,111.1,416.1,0.21,262.0,100660.0
1990-02-03 10:00:00+00:00,29.88,61.35,147.15,292.17,48.0,404.3,0.28,202.0,100650.0
1990-02-03 11:00:00+00:00,29.08,67.6,7.95,28.81,5.15,407.95,0.69,214.0,100700.0
1990-02-03 12:00:00+00:00,27.73,79.35,0.0,0.0,0.0,409.1,0.9,220.0,100810.0
1990-02-03 13:00:00+00:00,26.79,81.85,0.0,0.0,0.0,401.95,0.48,205.0,100930.0
1990-02-03 14:00:00+00:00,26.22,84.5,0.0,0.0,0.0,395.55,0.28,186.0,101060.0
1990-02-03 15:00:00+00:00,25.38,87.3,0.0,0.0,0.0,395.55,0.48,54.0,101130.0
1990-02-03 16:00:00+00:00,24.3,93.1,0.0,0.0,0.0,394.6,1.17,55.0,101110.0
1990-02-03 17:00:00+00:00,23.95,93.1,0.0,0.0,0.0,401.4,1.31,54.0,101100.0
1990-02-03 18:00:00+00:00,23.45,93.1,0.0,0.0,0.0,390.75,1.38,51.0,101040.0
1990-02-03 19:00:00+00:00,23.47,93.1,0.0,0.0,0.0,397.1,1.03,66.0,101010.0
1990-02-03 20:00:00+00:00,23.32,96.2,0.0,0.0,0.0,398.45,1.17,68.0,100940.0
1990-02-03 21:00:00+00:00,23.17,96.2,0.0,0.0,0.0,396.15,1.31,70.0,100930.0
1990-02-03 22:00:00+00:00,23.05,93.05,0.0,0.0,0.0,394.0,1.59,73.0,100970.0
1990-02-03 23:00:00+00:00,22.85,93.05,0.0,0.0,0.0,389.4,1.66,69.0,101030.0
1990-02-04 00:00:00+00:00,22.84,93.05,160.6,542.43,94.7,386.5,1.66,59.0,101050.0
1990-02-04 01:00:00+00:00,24.63,84.4,398.75,693.54,147.4,380.95,1.86,50.0,101110.0
1990-02-04 02:00:00+00:00,26.1,79.15,661.7,907.8,137.35,375.65,2.14,43.0,101160.0
1990-02-04 03:00:00+00:00,27.68,69.6,852.8,933.77,150.25,379.3,2.0,33.0,101120.0
1990-02-04 04:00:00+00:00,29.02,61.25,967.65,921.94,161.1,380.3,1.86,23.0,101060.0
1990-02-04 05:00:00+00:00,29.98,57.5,992.9,867.57,180.3,382.2,1.66,16.0,100970.0
1990-02-04 06:00:00+00:00,30.66,53.9,945.4,856.93,145.4,386.85,1.45,16.0,100880.0
1990-02-04 07:00:00+00:00,31.11,52.25,826.55,789.59,142.9,394.4,1.72,16.0,100790.0
1990-02-04 08:00:00+00:00,31.33,50.55,596.95,593.66,158.8,395.75,2.0,27.0,100720.0
1990-02-04 09:00:00+00:00,31.17,50.55,335.2,336.54,147.1,399.85,2.21,38.0,100680.0
1990-02-04 10:00:00+00:00,30.44,52.15,130.05,149.71,79.05,398.45,1.86,48.0,100710.0
1990-02-04 11:00:00+00:00,29.12,59.2,6.9,4.59,6.45,394.6,1.31,63.0,100760.0
1990-02-04 12:00:00+00:00,27.78,67.3,0.0,0.0,0.0,397.7,0.9,86.0,100820.0
1990-02-04 13:00:00+00:00,25.96,79.15,0.0,0.0,0.0,386.3,1.03,106.0,100900.0
1990-02-04 14:00:00+00:00,24.95,79.05,0.0,0.0,0.0,382.2,1.52,100.0,100990.0
1990-02-04 15:00:00+00:00,23.96,78.95,0.0,0.0,0.0,382.0,1.66,94.0,101070.0
1990-02-04 16:00:00+00:00,23.19,84.25,0.0,0.0,0.0,377.55,1.72,84.0,101070.0
1990-02-04 17:00:00+00:00,22.73,87.1,0.0,0.0,0.0,378.75,1.72,74.0,101070.0
1990-02-04 18:00:00+00:00,22.23,87.05,0.0,0.0,0.0,374.45,1.72,64.0,101030.0
1990-02-04 19:00:00+00:00,22.04,87.05,0.0,0.0,0.0,374.45,1.72,61.0,101010.0
1990-02-04 20:00:00+00:00,21.72,89.95,0.0,0.0,0.0,370.0,1.86,58.0,100980.0
1990-02-04 21:00:00+00:00,21.39,89.95,0.0,0.0,0.0,367.7,1.86,55.0,100950.0
1990-02-04 22:00:00+00:00,21.06,89.95,0.0,0.0,0.0,363.85,1.93,55.0,100960.0
1990-02-04 23:00:00+00:00,20.68,92.95,0.0,0.0,0.0,358.2,1.93,56.0,100980.0
1990-02-05 00:00:00+00:00,20.59,92.95,194.85,1069.93,64.85,352.0,1.86,57.0,101020.0
1990-02-05 01:00:00+00:00,23.56,84.35,445.0,951.69,99.7,352.5,1.38,54.0,101040.0
1990-02-05 02:00:00+00:00,26.52,71.75,680.05,971.46,118.15,357.25,1.52,49.0,101090.0
1990-02-05 03:00:00+00:00,28.39,63.1,861.15,968.76,131.15,364.8,1.38,40.0,101070.0
1990-02-05 04:00:00+00:00,29.73,55.5,998.6,1023.34,101.85,371.95,1.31,31.0,101020.0
1990-02-05 05:00:00+00:00,30.68,53.9,1050.3,1016.93,96.1,375.45,1.1,26.0,100920.0
1990-02-05 06:00:00+00:00,31.33,52.25,955.8,893.46,120.1,381.45,0.97,36.0,100790.0
1990-02-05 07:00:00+00:00,31.58,49.0,774.55,733.14,138.45,398.45,0.34,333.0,100770.0
1990-02-05 08:00:00+00:00,31.65,47.4,527.3,523.34,140.15,400.6,0.28,280.0,100650.0
1990-02-05 09:00:00+00:00,31.32,48.9,393.0,534.57,93.4,405.85,0.48,240.0,100600.0
1990-02-05 10:00:00+00:00,30.77,53.9,159.4,312.79,52.45,398.85,0.76,210.0,100600.0
1990-02-05 11:00:00+00:00,29.45,61.35,10.0,43.41,5.7,402.15,1.03,196.0,100670.0
1990-02-05 12:00:00+00:00,27.64,74.3,0.0,0.0,0.0,390.35,1.1,169.0,100720.0
1990-02-05 13:00:00+00:00,26.25,81.8,0.0,0.0,0.0,389.0,1.03,148.0,100820.0
1990-02-05 14:00:00+00:00,25.16,90.15,0.0,0.0,0.0,388.2,1.1,108.0,100920.0
1990-02-05 15:00:00+00:00,24.36,87.25,0.0,0.0,0.0,385.9,1.24,84.0,101000.0
1990-02-05 16:00:00+00:00,23.77,93.1,0.0,0.0,0.0,385.3,1.45,72.0,100980.0
1990-02-05 17:00:00+00:00,23.35,93.05,0.0,0.0,0.0,388.0,1.45,66.0,101020.0
1990-02-05 18:00:00+00:00,23.0,93.05,0.0,0.0,0.0,389.75,1.38,62.0,100940.0
1990-02-05 19:00:00+00:00,23.23,93.05,0.0,0.0,0.0,393.85,1.52,74.0,100890.0
1990-02-05 20:00:00+00:00,22.89,93.05,0.0,0.0,0.0,383.4,1.59,72.0,100860.0
1990-02-05 21:00:00+00:00,22.66,93.05,0.0,0.0,0.0,383.2,1.66,70.0,100870.0
1990-02-05 22:00:00+00:00,22.53,93.05,0.0,0.0,0.0,383.55,1.72,66.0,100870.0
1990-02-05 23:00:00+00:00,22.58,93.05,0.0,0.0,0.0,388.2,1.79,64.0,100900.0
1990-02-06 00:00:00+00:00,22.79,96.15,191.55,1069.32,61.55,384.15,1.72,62.0,100940.0
1990-02-06 01:00:00+00:00,25.17,87.25,433.55,929.41,95.9,381.15,2.0,55.0,100960.0
1990-02-06 02:00:00+00:00,27.18,76.7,657.7,941.56,112.3,385.7,2.55,47.0,100980.0
1990-02-06 03:00:00+00:00,28.78,69.75,872.9,1000.36,117.9,391.1,2.83,43.0,100970.0
1990-02-06 04:00:00+00:00,30.14,61.45,895.85,832.28,165.3,399.05,2.83,44.0,100900.0
1990-02-06 05:00:00+00:00,31.02,57.75,919.2,713.47,248.55,406.0,2.83,49.0,100790.0
1990-02-06 06:00:00+00:00,31.51,54.15,813.9,636.3,217.6,414.55,2.28,56.0,100670.0
1990-02-06 07:00:00+00:00,31.52,52.4,770.3,700.01,161.7,413.55,1.31,59.0,100580.0
1990-02-06 08:00:00+00:00,31.71,52.4,536.15,571.32,112.55,413.95,1.31,63.0,100480.0
1990-02-06 09:00:00+00:00,31.51,52.4,351.2,458.95,93.3,420.55,1.17,71.0,100460.0
1990-02-06 10:00:00+00:00,31.09,54.05,130.35,237.95,48.7,419.2,0.76,99.0,100470.0
1990-02-06 11:00:00+00:00,30.01,65.6,8.05,32.52,4.8,417.85,0.69,156.0,100540.0
1990-02-06 12:00:00+00:00,28.56,72.1,0.0,0.0,0.0,412.6,0.69,164.0,100590.0
1990-02-06 13:00:00+00:00,27.59,76.8,0.0,0.0,0.0,410.45,0.55,126.0,100700.0
1990-02-06 14:00:00+00:00,26.47,87.35,0.0,0.0,0.0,406.6,0.76,80.0,100840.0
1990-02-06 15:00:00+00:00,25.84,90.2,0.0,0.0,0.0,408.75,0.97,59.0,100940.0
1990-02-06 16:00:00+00:00,25.27,90.15,0.0,0.0,0.0,411.05,0.97,40.0,100950.0
1990-02-06 17:00:00+00:00,24.57,87.25,0.0,0.0,0.0,403.7,0.55,344.0,100990.0
1990-02-06 18:00:00+00:00,24.02,90.1,0.0,0.0,0.0,403.9,0.55,17.0,100950.0
1990-02-06 19:00:00+00:00,24.38,87.25,0.0,0.0,0.0,402.75,1.72,47.0,100870.0
1990-02-06 20:00:00+00:00,23.95,90.1,0.0,0.0,0.0,392.65,1.66,42.0,100850.0
1990-02-06 21:00:00+00:00,23.77,90.1,0.0,0.0,0.0,400.4,1.52,42.0,100790.0
1990-02-06 22:00:00+00:00,23.49,90.1,0.0,0.0,0.0,398.85,1.38,36.0,100790.0
1990-02-06 23:00:00+00:00,23.03,93.05,0.0,0.0,0.0,389.4,1.38,34.0,100790.0
1990-02-07 00:00:00+00:00,23.0,93.05,182.2,1034.93,56.25,385.7,1.38,43.0,100820.0
1990-02-07 01:00:00+00:00,25.6,84.45,429.65,934.97,89.5,384.05,1.59,47.0,100880.0
1990-02-07 02:00:00+00:00,27.7,74.3,659.4,949.94,108.3,392.3,2.0,44.0,100940.0
1990-02-07 03:00:00+00:00,29.4,65.4,858.1,982.01,115.75,393.65,2.07,41.0,100930.0
1990-02-07 04:00:00+00:00,30.8,57.6,960.55,948.93,126.2,397.5,2.07,41.0,100860.0
1990-02-07 05:00:00+00:00,31.8,54.15,1005.35,943.6,116.8,401.55,1.52,38.0,100770.0
1990-02-07 06:00:00+00:00,32.44,50.8,930.5,849.56,132.85,405.45,1.1,13.0,100660.0
1990-02-07 07:00:00+00:00,32.4,50.8,753.8,708.01,137.0,413.55,1.24,309.0,100600.0
1990-02-07 08:00:00+00:00,32.03,50.8,539.7,573.88,113.25,413.2,1.45,291.0,100500.0
1990-02-07 09:00:00+00:00,31.39,55.85,384.8,527.61,87.55,416.65,1.52,279.0,100510.0
1990-02-07 10:00:00+00:00,30.86,59.55,126.2,241.65,43.0,410.45,1.59,271.0,100520.0
1990-02-07 11:00:00+00:00,29.77,67.7,8.15,31.76,4.95,413.95,1.52,258.0,100580.0
1990-02-07 12:00:00+00:00,28.45,74.5,0.0,0.0,0.0,413.75,1.31,238.0,100690.0
1990-02-07 13:00:00+00:00,27.56,79.35,0.0,0.0,0.0,408.75,0.69,209.0,100780.0
1990-02-07 14:00:00+00:00,26.89,87.35,0.0,0.0,0.0,410.45,0.55,106.0,100870.0
1990-02-07 15:00:00+00:00,26.13,90.2,0.0,0.0,0.0,408.55,0.83,101.0,100930.0
1990-02-07 16:00:00+00:00,25.38,93.15,0.0,0.0,0.0,396.55,0.9,114.0,100950.0
1990-02-07 17:00:00+00:00,24.82,93.15,0.0,0.0,0.0,395.4,0.9,97.0,100940.0
1990-02-07 18:00:00+00:00,24.17,93.1,0.0,0.0,0.0,394.2,1.24,76.0,100870.0
1990-02-07 19:00:00+00:00,24.0,93.1,0.0,0.0,0.0,394.8,1.45,66.0,100840.0
1990-02-07 20:00:00+00:00,23.71,93.1,0.0,0.0,0.0,391.9,1.52,59.0,100760.0
1990-02-07 21:00:00+00:00,23.42,90.1,0.0,0.0,0.0,389.55,1.66,54.0,100740.0
1990-02-07 22:00:00+00:00,23.2,93.05,0.0,0.0,0.0,389.95,1.59,52.0,100750.0
1990-02-07 23:00:00+00:00,22.96,93.05,0.0,0.0,0.0,388.0,1.59,52.0,100770.0
1990-02-08 00:00:00+00:00,23.01,93.05,174.25,845.91,71.15,387.25,1.45,50.0,100840.0
1990-02-08 01:00:00+00:00,25.78,87.3,412.15,802.34,119.8,390.65,1.1,48.0,100880.0
1990-02-08 02:00:00+00:00,28.04,72.0,653.7,903.25,128.85,393.45,1.1,38.0,100930.0
1990-02-08 03:00:00+00:00,29.53,63.4,830.05,906.5,143.65,398.3,0.83,36.0,100920.0
1990-02-08 04:00:00+00:00,30.67,57.6,893.05,831.04,161.1,404.45,0.76,18.0,100890.0
1990-02-08 05:00:00+00:00,31.34,54.05,867.45,750.32,159.65,407.75,0.76,349.0,100770.0
1990-02-08 06:00:00+00:00,31.67,52.4,827.7,722.42,148.15,416.1,0.83,320.0,100680.0
1990-02-08 07:00:00+00:00,31.82,52.4,706.8,614.32,170.55,423.45,1.1,287.0,100610.0
1990-02-08 08:00:00+00:00,31.42,57.75,570.4,526.11,178.6,421.3,1.24,256.0,100550.0
1990-02-08 09:00:00+00:00,30.54,61.55,372.8,462.91,111.35,422.45,1.38,274.0,100520.0
1990-02-08 10:00:00+00:00,29.91,65.5,137.55,233.05,57.05,417.45,1.45,291.0,100520.0
1990-02-08 11:00:00+00:00,29.22,67.6,7.5,27.08,4.75,422.45,0.41,296.0,100590.0
1990-02-08 12:00:00+00:00,28.16,76.85,0.0,0.0,0.0,414.55,0.48,176.0,100730.0
1990-02-08 13:00:00+00:00,27.29,81.9,0.0,0.0,0.0,420.75,0.9,158.0,100880.0
1990-02-08 14:00:00+00:00,26.53,84.55,0.0,0.0,0.0,420.35,1.1,121.0,100960.0
1990-02-08 15:00:00+00:00,25.82,90.2,0.0,0.0,0.0,410.45,0.97,111.0,101020.0
1990-02-08 16:00:00+00:00,25.38,90.2,0.0,0.0,0.0,409.1,0.69,73.0,101030.0
1990-02-08 17:00:00+00:00,25.06,93.15,0.0,0.0,0.0,406.0,0.41,41.0,100980.0
1990-02-08 18:00:00+00:00,24.68,93.15,0.0,0.0,0.0,405.85,0.55,24.0,100920.0
1990-02-08 19:00:00+00:00,24.92,93.15,0.0,0.0,0.0,407.55,0.21,19.0,100850.0
1990-02-08 20:00:00+00:00,24.16,96.2,0.0,0.0,0.0,401.0,0.62,21.0,100800.0
1990-02-08 21:00:00+00:00,23.73,96.2,0.0,0.0,0.0,397.1,1.17,44.0,100760.0
1990-02-08 22:00:00+00:00,23.37,93.1,0.0,0.0,0.0,393.25,1.24,47.0,100740.0
1990-02-08 23:00:00+00:00,23.09,96.2,0.0,0.0,0.0,391.5,1.17,52.0,100760.0
1990-02-09 00:00:00+00:00,23.1,96.2,154.5,572.4,84.6,388.6,0.97,59.0,100830.0
1990-02-09 01:00:00+00:00,25.41,90.2,404.3,833.59,100.05,391.25,0.48,46.0,100890.0
1990-02-09 02:00:00+00:00,27.23,79.3,598.15,759.14,156.3,400.4,0.41,12.0,100940.0
1990-02-09 03:00:00+00:00,28.61,72.1,783.15,808.66,169.8,403.3,0.55,340.0,100940.0
1990-02-09 04:00:00+00:00,29.68,65.5,845.25,763.47,171.65,418.2,0.83,306.0,100850.0
1990-02-09 05:00:00+00:00,30.15,63.5,781.8,601.05,213.8,418.4,1.31,284.0,100750.0
1990-02-09 06:00:00+00:00,30.28,63.5,840.55,670.79,208.4,427.9,1.59,272.0,100640.0
1990-02-09 07:00:00+00:00,31.15,59.65,694.4,568.25,197.4,422.3,1.86,256.0,100560.0
1990-02-09 08:00:00+00:00,30.44,63.6,553.25,458.47,211.1,430.4,1.93,250.0,100500.0
1990-02-09 09:00:00+00:00,29.33,72.15,266.3,247.28,126.3,421.5,1.59,257.0,100470.0
1990-02-09 10:00:00+00:00,28.72,72.1,121.35,137.67,73.65,427.1,0.62,323.0,100490.0
1990-02-09 11:00:00+00:00,28.53,72.1,7.2,16.62,5.5,421.3,0.62,356.0,100510.0
1990-02-09 12:00:00+00:00,27.93,76.85,0.0,0.0,0.0,413.2,0.48,264.0,100640.0
1990-02-09 13:00:00+00:00,27.33,81.9,0.0,0.0,0.0,408.95,0.41,283.0,100720.0
1990-02-09 14:00:00+00:00,26.68,84.55,0.0,0.0,0.0,408.35,0.62,329.0,100770.0
1990-02-09 15:00:00+00:00,26.23,90.2,0.0,0.0,0.0,409.5,0.69,290.0,100850.0
1990-02-09 16:00:00+00:00,25.89,90.2,0.0,0.0,0.0,406.0,0.48,17.0,100820.0
1990-02-09 17:00:00+00:00,25.07,93.15,0.0,0.0,0.0,403.5,1.1,60.0,100820.0
1990-02-09 18:00:00+00:00,24.71,93.15,0.0,0.0,0.0,413.0,1.17,62.0,100740.0
1990-02-09 19:00:00+00:00,25.12,96.2,0.0,0.0,0.0,421.7,0.9,61.0,100680.0
1990-02-09 20:00:00+00:00,25.0,96.2,0.0,0.0,0.0,418.4,0.69,65.0,100600.0
1990-02-09 21:00:00+00:00,24.84,96.2,0.0,0.0,0.0,418.2,0.76,69.0,100620.0
1990-02-09 22:00:00+00:00,24.67,96.2,0.0,0.0,0.0,417.25,0.97,73.0,100650.0
1990-02-09 23:00:00+00:00,24.62,96.2,0.0,0.0,0.0,419.55,0.97,76.0,100690.0
1990-02-10 00:00:00+00:00,24.65,96.2,143.0,589.0,70.9,413.0,1.03,77.0,100750.0
1990-02-10 01:00:00+00:00,26.37,90.2,318.2,502.12,134.6,417.35,0.9,86.0,100810.0
1990-02-10 02:00:00+00:00,27.54,81.95,522.6,558.62,196.9,420.9,0.48,120.0,100880.0
1990-02-10 03:00:00+00:00,28.68,76.95,723.3,733.76,165.8,428.45,0.48,222.0,100890.0
1990-02-10 04:00:00+00:00,29.61,74.65,626.7,463.11,217.4,422.45,1.24,230.0,100840.0
1990-02-10 05:00:00+00:00,30.02,74.7,851.4,694.15,194.25,433.3,1.86,227.0,100760.0
1990-02-10 06:00:00+00:00,29.68,72.25,493.1,255.69,251.7,432.55,2.76,235.0,100650.0
1990-02-10 07:00:00+00:00,28.48,74.5,532.5,371.96,206.55,441.05,1.66,245.0,100650.0
1990-02-10 08:00:00+00:00,28.9,79.5,524.15,456.12,183.05,434.3,0.48,297.0,100490.0
1990-02-10 09:00:00+00:00,29.48,77.1,324.55,392.54,101.8,423.85,0.62,257.0,100490.0
1990-02-10 10:00:00+00:00,29.32,79.55,140.2,227.34,61.2,419.0,0.48,252.0,100490.0
1990-02-10 11:00:00+00:00,27.97,82.05,7.75,19.43,5.75,421.1,0.34,46.0,100570.0
1990-02-10 12:00:00+00:00,27.01,87.4,0.0,0.0,0.0,424.6,0.28,55.0,100690.0
1990-02-10 13:00:00+00:00,26.37,93.2,0.0,0.0,0.0,415.9,0.97,51.0,100770.0
1990-02-10 14:00:00+00:00,25.68,96.25,0.0,0.0,0.0,409.9,1.17,69.0,100850.0
1990-02-10 15:00:00+00:00,25.31,96.2,0.0,0.0,0.0,417.05,0.97,72.0,100910.0
1990-02-10 16:00:00+00:00,24.89,96.2,0.0,0.0,0.0,410.45,0.76,53.0,100870.0
1990-02-10 17:00:00+00:00,24.46,96.2,0.0,0.0,0.0,401.95,1.1,37.0,100830.0
1990-02-10 18:00:00+00:00,24.03,96.2,0.0,0.0,0.0,400.8,1.1,46.0,100760.0
1990-02-10 19:00:00+00:00,24.67,96.2,0.0,0.0,0.0,405.05,0.07,228.0,100790.0
1990-02-10 20:00:00+00:00,24.35,99.4,0.0,0.0,0.0,404.65,0.34,287.0,100760.0
1990-02-10 21:00:00+00:00,24.21,96.2,0.0,0.0,0.0,401.55,0.07,310.0,100770.0
1990-02-10 22:00:00+00:00,23.77,99.4,0.0,0.0,0.0,409.3,0.55,85.0,100780.0
1990-02-10 23:00:00+00:00,23.61,99.4,0.0,0.0,0.0,416.85,0.69,63.0,100820.0
1990-02-11 00:00:00+00:00,23.98,96.2,123.5,395.08,75.0,420.35,0.69,63.0,100900.0
1990-02-11 01:00:00+00:00,25.11,96.2,334.7,577.3,123.2,425.3,0.55,75.0,100930.0
1990-02-11 02:00:00+00:00,26.49,90.25,512.8,586.29,170.35,418.8,0.48,110.0,100960.0
1990-02-11 03:00:00+00:00,27.87,84.65,666.95,587.36,219.9,416.1,0.0,253.0,100950.0
1990-02-11 04:00:00+00:00,28.92,77.0,648.65,508.1,198.8,422.65,0.97,248.0,100890.0
1990-02-11 05:00:00+00:00,29.5,77.1,862.25,693.93,204.15,423.65,1.52,234.0,100810.0
1990-02-11 06:00:00+00:00,30.47,72.4,841.15,679.29,198.65,428.85,1.66,240.0,100690.0
1990-02-11 07:00:00+00:00,30.8,63.6,691.15,635.12,133.55,423.65,1.52,271.0,100620.0
1990-02-11 08:00:00+00:00,30.61,63.6,554.2,572.72,125.05,423.65,1.72,251.0,100550.0
1990-02-11 09:00:00+00:00,29.9,69.95,322.1,344.28,126.3,421.5,2.14,238.0,100530.0
1990-02-11 10:00:00+00:00,28.66,72.1,121.5,216.09,46.2,429.45,1.38,250.0,100550.0
1990-02-11 11:00:00+00:00,28.06,76.85,8.6,28.49,5.65,420.75,0.83,273.0,100630.0
1990-02-11 12:00:00+00:00,27.42,79.35,0.0,0.0,0.0,415.9,0.62,320.0,100720.0
1990-02-11 13:00:00+00:00,26.89,87.35,0.0,0.0,0.0,419.95,0.9,41.0,100770.0
1990-02-11 14:00:00+00:00,26.44,87.35,0.0,0.0,0.0,419.75,1.03,48.0,100870.0
1990-02-11 15:00:00+00:00,26.17,90.2,0.0,0.0,0.0,425.55,0.9,52.0,100940.0
1990-02-11 16:00:00+00:00,25.95,90.2,0.0,0.0,0.0,426.75,0.9,69.0,100930.0
1990-02-11 17:00:00+00:00,25.65,93.15,0.0,0.0,0.0,420.75,0.83,87.0,100930.0
1990-02-11 18:00:00+00:00,25.48,93.15,0.0,0.0,0.0,417.85,0.48,78.0,100880.0
1990-02-11 19:00:00+00:00,24.81,96.2,0.0,0.0,0.0,406.6,1.03,58.0,100830.0
1990-02-11 20:00:00+00:00,24.54,93.15,0.0,0.0,0.0,406.6,1.17,47.0,100790.0
1990-02-11 21:00:00+00:00,24.41,93.15,0.0,0.0,0.0,410.3,1.1,52.0,100760.0
1990-02-11 22:00:00+00:00,24.08,96.2,0.0,0.0,0.0,400.8,1.17,63.0,100800.0
1990-02-11 23:00:00+00:00,23.78,96.2,0.0,0.0,0.0,399.05,1.1,72.0,100840.0
1990-02-12 00:00:00+00:00,23.88,96.2,158.5,832.21,56.0,398.65,0.83,75.0,100920.0
1990-02-12 01:00:00+00:00,26.03,90.2,307.05,549.82,105.2,400.9,0.55,51.0,101000.0
1990-02-12 02:00:00+00:00,27.26,81.9,538.65,693.89,132.6,408.55,0.62,14.0,101050.0
1990-02-12 03:00:00+00:00,28.31,74.4,773.5,824.04,145.2,411.65,0.69,6.0,101040.0
1990-02-12 04:00:00+00:00,29.53,72.25,804.75,726.51,160.4,418.4,0.28,302.0,101010.0
1990-02-12 05:00:00+00:00,30.53,67.85,728.15,556.19,199.75,425.75,1.1,258.0,100920.0
1990-02-12 06:00:00+00:00,30.71,67.85,770.55,577.19,223.65,434.3,1.93,242.0,100810.0
1990-02-12 07:00:00+00:00,30.67,65.7,489.7,294.52,230.65,432.55,2.0,239.0,100770.0
1990-02-12 08:00:00+00:00,29.33,74.55,399.9,329.66,152.4,434.3,2.34,235.0,100720.0
1990-02-12 09:00:00+00:00,28.77,74.5,246.8,210.46,126.85,425.55,1.38,284.0,100720.0
1990-02-12 10:00:00+00:00,28.44,74.5,93.4,91.16,61.55,427.1,0.83,360.0,100710.0
1990-02-12 11:00:00+00:00,27.2,81.9,7.2,13.92,5.75,421.5,1.52,41.0,100760.0
1990-02-12 12:00:00+00:00,26.51,87.35,0.0,0.0,0.0,425.4,1.17,49.0,100840.0
1990-02-12 13:00:00+00:00,25.95,90.2,0.0,0.0,0.0,409.5,1.24,73.0,100920.0
1990-02-12 14:00:00+00:00,25.42,93.15,0.0,0.0,0.0,407.4,1.38,77.0,100950.0
1990-02-12 15:00:00+00:00,25.0,96.2,0.0,0.0,0.0,400.8,1.45,76.0,101030.0
1990-02-12 16:00:00+00:00,24.65,96.2,0.0,0.0,0.0,402.15,1.38,88.0,101050.0
1990-02-12 17:00:00+00:00,24.35,96.2,0.0,0.0,0.0,399.65,1.45,85.0,101040.0
1990-02-12 18:00:00+00:00,24.18,96.2,0.0,0.0,0.0,403.7,1.52,75.0,100980.0
1990-02-12 19:00:00+00:00,24.19,96.2,0.0,0.0,0.0,399.05,1.38,67.0,100950.0
1990-02-12 20:00:00+00:00,23.95,93.1,0.0,0.0,0.0,398.1,1.38,66.0,100920.0
1990-02-12 21:00:00+00:00,23.59,96.2,0.0,0.0,0.0,392.45,1.38,69.0,100910.0
1990-02-12 22:00:00+00:00,23.46,96.2,0.0,0.0,0.0,398.1,1.38,67.0,100920.0
1990-02-12 23:00:00+00:00,23.2,96.2,0.0,0.0,0.0,391.3,1.45,63.0,100970.0
1990-02-13 00:00:00+00:00,23.34,96.2,195.15,1101.72,58.95,391.7,1.38,63.0,101000.0
1990-02-13 01:00:00+00:00,25.61,90.2,406.75,845.0,95.85,396.25,1.24,64.0,101040.0
1990-02-13 02:00:00+00:00,27.35,81.9,658.5,923.26,117.2,399.65,1.31,59.0,101080.0
1990-02-13 03:00:00+00:00,28.9,72.1,716.85,757.42,138.3,407.75,0.69,25.0,101090.0
1990-02-13 04:00:00+00:00,29.66,67.7,823.0,743.92,162.05,420.9,0.55,335.0,101050.0
1990-02-13 05:00:00+00:00,30.16,67.8,869.55,699.75,203.6,422.85,0.55,333.0,100980.0
1990-02-13 06:00:00+00:00,30.63,65.7,825.15,736.1,126.45,429.85,0.76,285.0,100860.0
1990-02-13 07:00:00+00:00,30.91,63.6,681.4,586.51,164.6,420.75,0.83,269.0,100820.0
1990-02-13 08:00:00+00:00,30.55,65.7,540.55,510.91,156.25,421.3,1.24,257.0,100740.0
1990-02-13 09:00:00+00:00,29.24,72.15,238.15,229.64,107.0,433.3,1.59,259.0,100720.0
1990-02-13 10:00:00+00:00,28.3,76.85,122.3,192.86,54.75,426.55,1.24,235.0,100720.0
1990-02-13 11:00:00+00:00,27.71,79.35,5.7,20.07,3.6,425.0,0.41,0.0,100830.0
1990-02-13 12:00:00+00:00,26.86,87.35,0.0,0.0,0.0,421.7,1.03,10.0,100890.0
1990-02-13 13:00:00+00:00,26.28,90.2,0.0,0.0,0.0,418.0,0.97,29.0,101000.0
1990-02-13 14:00:00+00:00,25.83,93.15,0.0,0.0,0.0,419.0,0.97,42.0,101080.0
1990-02-13 15:00:00+00:00,25.38,93.15,0.0,0.0,0.0,411.05,1.1,57.0,101170.0
1990-02-13 16:00:00+00:00,24.88,93.15,0.0,0.0,0.0,407.0,1.31,68.0,101190.0
1990-02-13 17:00:00+00:00,24.38,93.15,0.0,0.0,0.0,402.95,1.17,88.0,101180.0
1990-02-13 18:00:00+00:00,24.13,96.2,0.0,0.0,0.0,406.8,1.1,94.0,101100.0
1990-02-13 19:00:00+00:00,24.16,93.1,0.0,0.0,0.0,408.35,0.97,78.0,101070.0
1990-02-13 20:00:00+00:00,24.04,93.1,0.0,0.0,0.0,407.95,1.1,70.0,101000.0
1990-02-13 21:00:00+00:00,23.91,93.1,0.0,0.0,0.0,407.2,1.24,67.0,100970.0
1990-02-13 22:00:00+00:00,23.7,96.2,0.0,0.0,0.0,402.75,1.31,67.0,100970.0
1990-02-13 23:00:00+00:00,23.51,93.1,0.0,0.0,0.0,400.2,1.38,67.0,100990.0
1990-02-14 00:00:00+00:00,23.49,93.1,174.55,901.01,62.7,391.9,1.31,70.0,101050.0
1990-02-14 01:00:00+00:00,25.28,93.15,424.25,905.15,90.45,389.3,1.31,71.0,101090.0
1990-02-14 02:00:00+00:00,27.11,79.3,609.95,763.3,161.55,396.35,1.45,70.0,101130.0
1990-02-14 03:00:00+00:00,28.55,72.1,679.85,583.67,233.2,398.45,1.31,57.0,101140.0
1990-02-14 04:00:00+00:00,29.6,65.5,709.65,502.39,262.5,419.55,1.31,27.0,101060.0
1990-02-14 05:00:00+00:00,30.33,61.45,898.95,618.56,309.25,420.9,1.31,360.0,100970.0
1990-02-14 06:00:00+00:00,30.93,59.55,883.2,769.95,151.1,427.7,1.38,330.0,100850.0
1990-02-14 07:00:00+00:00,31.34,57.75,644.95,579.19,133.7,420.9,2.0,307.0,100810.0
1990-02-14 08:00:00+00:00,31.1,57.75,557.05,545.61,145.9,420.55,1.72,298.0,100710.0
1990-02-14 09:00:00+00:00,30.88,61.55,356.55,445.54,101.6,417.25,1.52,293.0,100670.0
1990-02-14 10:00:00+00:00,30.12,63.5,156.75,289.13,55.25,412.6,1.17,281.0,100660.0
1990-02-14 11:00:00+00:00,29.3,69.85,9.0,31.39,5.7,414.15,0.69,263.0,100690.0
1990-02-14 12:00:00+00:00,28.07,79.4,0.0,0.0,0.0,408.55,0.69,157.0,100790.0
1990-02-14 13:00:00+00:00,27.27,84.6,0.0,0.0,0.0,421.9,0.9,173.0,100890.0
1990-02-14 14:00:00+00:00,26.47,87.35,0.0,0.0,0.0,415.3,0.83,154.0,100970.0
1990-02-14 15:00:00+00:00,25.64,90.2,0.0,0.0,0.0,404.45,1.17,102.0,101040.0
1990-02-14 16:00:00+00:00,25.17,93.15,0.0,0.0,0.0,414.75,1.1,92.0,101050.0
1990-02-14 17:00:00+00:00,24.95,93.15,0.0,0.0,0.0,418.2,0.76,75.0,101050.0
1990-02-14 18:00:00+00:00,24.55,93.15,0.0,0.0,0.0,407.75,0.83,52.0,101000.0
1990-02-14 19:00:00+00:00,24.69,87.25,0.0,0.0,0.0,396.35,0.48,87.0,100970.0
1990-02-14 20:00:00+00:00,24.18,90.1,0.0,0.0,0.0,390.15,0.55,75.0,100910.0
1990-02-14 21:00:00+00:00,23.51,93.1,0.0,0.0,0.0,395.55,1.03,72.0,100890.0
1990-02-14 22:00:00+00:00,23.21,96.2,0.0,0.0,0.0,390.35,1.45,72.0,100910.0
1990-02-14 23:00:00+00:00,22.9,93.05,0.0,0.0,0.0,387.25,1.52,69.0,100930.0
1990-02-15 00:00:00+00:00,23.09,93.05,162.6,862.82,55.0,391.9,1.24,72.0,100970.0
1990-02-15 01:00:00+00:00,25.02,87.25,377.7,740.78,103.85,395.5,1.24,76.0,101020.0
1990-02-15 02:00:00+00:00,26.53,79.2,584.4,678.26,185.15,396.95,1.24,73.0,101050.0
1990-02-15 03:00:00+00:00,27.97,69.65,637.55,535.25,227.2,404.3,1.03,51.0,101060.0
1990-02-15 04:00:00+00:00,28.85,67.5,672.4,456.36,265.5,424.4,0.69,3.0,101000.0
1990-02-15 05:00:00+00:00,29.53,63.4,812.75,674.14,168.95,429.85,1.03,335.0,100920.0
1990-02-15 06:00:00+00:00,30.19,61.45,905.05,790.42,152.2,412.6,1.38,327.0,100780.0
1990-02-15 07:00:00+00:00,31.31,57.75,691.75,594.82,165.8,420.55,2.0,324.0,100700.0
1990-02-15 08:00:00+00:00,31.08,55.85,507.25,504.18,126.65,416.45,1.79,307.0,100570.0
1990-02-15 09:00:00+00:00,30.56,59.55,339.3,393.34,113.8,414.15,1.52,272.0,100540.0
1990-02-15 10:00:00+00:00,30.04,63.5,137.85,241.61,52.85,411.45,1.17,230.0,100530.0
1990-02-15 11:00:00+00:00,28.97,67.6,9.0,37.43,5.05,406.2,1.17,208.0,100590.0
1990-02-15 12:00:00+00:00,27.77,76.8,0.0,0.0,0.0,412.0,1.66,232.0,100650.0
1990-02-15 13:00:00+00:00,26.65,84.55,0.0,0.0,0.0,407.0,1.66,227.0,100750.0
1990-02-15 14:00:00+00:00,25.84,93.15,0.0,0.0,0.0,401.2,1.1,161.0,100850.0
1990-02-15 15:00:00+00:00,25.25,93.15,0.0,0.0,0.0,407.55,1.52,119.0,100890.0
1990-02-15 16:00:00+00:00,24.46,87.25,0.0,0.0,0.0,396.95,1.93,104.0,100910.0
1990-02-15 17:00:00+00:00,23.98,87.2,0.0,0.0,0.0,394.2,1.72,90.0,100910.0
1990-02-15 18:00:00+00:00,23.47,87.15,0.0,0.0,0.0,386.65,1.59,80.0,100890.0
1990-02-15 19:00:00+00:00,24.01,84.35,0.0,0.0,0.0,398.65,2.0,78.0,100830.0
1990-02-15 20:00:00+00:00,23.75,84.35,0.0,0.0,0.0,396.75,2.14,74.0,100770.0
1990-02-15 21:00:00+00:00,23.45,84.35,0.0,0.0,0.0,393.25,2.28,71.0,100760.0
1990-02-15 22:00:00+00:00,23.13,87.1,0.0,0.0,0.0,388.0,2.28,68.0,100770.0
1990-02-15 23:00:00+00:00,22.96,87.1,0.0,0.0,0.0,390.95,2.21,66.0,100810.0
1990-02-16 00:00:00+00:00,22.88,87.1,186.7,1017.33,59.2,381.85,2.07,62.0,100880.0
1990-02-16 01:00:00+00:00,24.65,81.7,434.95,870.71,112.25,384.65,2.28,58.0,100930.0
1990-02-16 02:00:00+00:00,26.47,76.65,600.7,793.16,132.85,380.3,2.28,54.0,100970.0
1990-02-16 03:00:00+00:00,27.96,69.65,680.95,590.03,227.75,398.45,1.93,50.0,101000.0
1990-02-16 04:00:00+00:00,28.82,67.5,828.05,668.84,230.65,419.4,1.38,36.0,100980.0
1990-02-16 05:00:00+00:00,29.65,63.4,810.75,514.15,318.9,418.4,0.69,10.0,100900.0
1990-02-16 06:00:00+00:00,29.96,59.45,602.35,349.14,269.25,433.3,0.62,305.0,100790.0
1990-02-16 07:00:00+00:00,30.41,61.45,613.9,445.36,219.45,431.2,1.31,287.0,100710.0
1990-02-16 08:00:00+00:00,30.19,61.45,543.1,490.83,171.95,430.4,1.31,279.0,100600.0
1990-02-16 09:00:00+00:00,29.92,65.5,396.75,537.52,88.05,422.1,1.38,270.0,100560.0
1990-02-16 10:00:00+00:00,29.41,67.6,151.2,266.94,57.1,407.4,1.45,256.0,100530.0
1990-02-16 11:00:00+00:00,28.54,72.1,7.75,26.91,4.9,409.1,1.38,240.0,100570.0
1990-02-16 12:00:00+00:00,27.7,79.35,0.0,0.0,0.0,414.9,1.31,240.0,100650.0
1990-02-16 13:00:00+00:00,26.9,81.9,0.0,0.0,0.0,410.65,1.17,254.0,100740.0
1990-02-16 14:00:00+00:00,26.39,87.35,0.0,0.0,0.0,413.75,0.69,273.0,100830.0
1990-02-16 15:00:00+00:00,26.19,87.3,0.0,0.0,0.0,408.75,0.41,83.0,100890.0
1990-02-16 16:00:00+00:00,25.02,93.15,0.0,0.0,0.0,399.25,1.03,88.0,100930.0
1990-02-16 17:00:00+00:00,24.47,90.15,0.0,0.0,0.0,397.1,1.59,82.0,100920.0
1990-02-16 18:00:00+00:00,24.13,90.1,0.0,0.0,0.0,394.8,1.79,82.0,100890.0
1990-02-16 19:00:00+00:00,23.88,87.2,0.0,0.0,0.0,391.3,1.86,73.0,100840.0
1990-02-16 20:00:00+00:00,23.63,90.1,0.0,0.0,0.0,394.4,2.0,72.0,100810.0
1990-02-16 21:00:00+00:00,23.22,90.05,0.0,0.0,0.0,386.3,2.07,71.0,100810.0
1990-02-16 22:00:00+00:00,22.95,90.05,0.0,0.0,0.0,387.05,2.14,71.0,100850.0
1990-02-16 23:00:00+00:00,22.7,90.05,0.0,0.0,0.0,384.55,2.28,70.0,100880.0
1990-02-17 00:00:00+00:00,22.8,90.05,185.3,1047.99,53.25,384.15,2.21,68.0,100960.0
1990-02-17 01:00:00+00:00,24.41,81.7,430.05,891.95,98.6,375.95,2.55,67.0,101010.0
1990-02-17 02:00:00+00:00,26.3,76.6,628.95,774.82,170.95,378.55,2.76,67.0,101070.0
1990-02-17 03:00:00+00:00,27.98,67.4,820.6,881.23,142.45,383.2,2.62,66.0,101090.0
1990-02-17 04:00:00+00:00,29.47,61.35,911.85,752.43,238.6,397.1,1.93,59.0,101040.0
1990-02-17 05:00:00+00:00,30.52,55.75,819.85,571.98,271.75,405.05,1.31,53.0,100960.0
1990-02-17 06:00:00+00:00,31.02,52.25,794.05,643.71,178.9,417.05,0.97,48.0,100820.0
1990-02-17 07:00:00+00:00,30.9,53.9,683.1,550.54,194.7,414.55,0.69,59.0,100770.0
1990-02-17 08:00:00+00:00,30.7,53.9,523.3,476.24,162.6,418.2,0.76,80.0,100680.0
1990-02-17 09:00:00+00:00,30.61,53.9,342.1,417.55,101.9,411.45,0.69,90.0,100650.0
1990-02-17 10:00:00+00:00,30.25,55.6,146.8,271.27,51.0,417.65,0.69,86.0,100650.0
1990-02-17 11:00:00+00:00,29.58,63.4,8.45,32.01,5.05,411.05,0.41,46.0,100670.0
1990-02-17 12:00:00+00:00,29.14,59.2,0.0,0.0,0.0,404.45,0.69,295.0,100760.0
1990-02-17 13:00:00+00:00,27.76,74.3,0.0,0.0,0.0,407.4,0.76,302.0,100830.0
1990-02-17 14:00:00+00:00,26.85,76.65,0.0,0.0,0.0,400.2,0.55,25.0,100940.0
1990-02-17 15:00:00+00:00,25.37,84.4,0.0,0.0,0.0,392.45,1.1,51.0,101030.0
1990-02-17 16:00:00+00:00,24.36,81.65,0.0,0.0,0.0,379.3,1.79,66.0,101070.0
1990-02-17 17:00:00+00:00,23.55,81.55,0.0,0.0,0.0,376.6,2.0,69.0,101060.0
1990-02-17 18:00:00+00:00,22.88,78.85,0.0,0.0,0.0,368.3,2.14,68.0,101000.0
1990-02-17 19:00:00+00:00,22.85,84.25,0.0,0.0,0.0,374.1,2.0,69.0,100940.0
1990-02-17 20:00:00+00:00,22.51,84.25,0.0,0.0,0.0,365.75,2.34,66.0,100890.0
1990-02-17 21:00:00+00:00,22.22,84.15,0.0,0.0,0.0,359.4,2.69,61.0,100900.0
1990-02-17 22:00:00+00:00,21.88,81.4,0.0,0.0,0.0,354.15,2.76,61.0,100920.0
1990-02-17 23:00:00+00:00,21.41,84.1,0.0,0.0,0.0,348.75,2.62,60.0,100950.0
1990-02-18 00:00:00+00:00,21.26,86.95,198.45,1010.42,70.4,344.85,2.41,61.0,101040.0
1990-02-18 01:00:00+00:00,23.66,76.3,450.8,870.17,126.55,344.0,2.34,60.0,101100.0
1990-02-18 02:00:00+00:00,26.08,64.8,688.0,911.07,148.3,348.15,2.97,56.0,101170.0
1990-02-18 03:00:00+00:00,27.96,53.35,878.3,905.76,179.95,354.95,3.24,48.0,101170.0
1990-02-18 04:00:00+00:00,29.54,46.9,991.6,905.12,180.3,361.7,3.24,41.0,101110.0
1990-02-18 05:00:00+00:00,30.72,42.6,1028.2,861.6,201.2,367.9,3.17,38.0,101030.0
1990-02-18 06:00:00+00:00,31.55,40.0,960.65,771.85,221.85,374.3,3.03,34.0,100890.0
1990-02-18 07:00:00+00:00,32.04,40.15,825.35,749.67,159.25,386.3,1.52,8.0,100870.0
1990-02-18 08:00:00+00:00,32.34,40.15,605.95,555.32,184.7,387.85,1.24,348.0,100760.0
1990-02-18 09:00:00+00:00,32.17,38.8,375.75,441.36,121.45,399.45,1.03,336.0,100680.0
1990-02-18 10:00:00+00:00,31.47,42.85,170.05,266.43,75.8,394.8,0.83,322.0,100670.0
1990-02-18 11:00:00+00:00,30.02,55.6,10.75,27.71,7.8,382.0,0.69,301.0,100730.0
1990-02-18 12:00:00+00:00,28.62,59.1,0.0,0.0,0.0,376.0,0.76,270.0,100820.0
1990-02-18 13:00:00+00:00,27.02,69.5,0.0,0.0,0.0,377.4,0.76,245.0,100940.0
1990-02-18 14:00:00+00:00,26.49,67.15,0.0,0.0,0.0,377.4,0.76,153.0,101050.0
1990-02-18 15:00:00+00:00,24.35,81.65,0.0,0.0,0.0,376.6,1.52,112.0,101140.0
1990-02-18 16:00:00+00:00,23.77,81.55,0.0,0.0,0.0,376.4,2.0,102.0,101200.0
1990-02-18 17:00:00+00:00,23.41,78.9,0.0,0.0,0.0,380.65,2.07,89.0,101170.0
1990-02-18 18:00:00+00:00,22.95,78.85,0.0,0.0,0.0,374.65,2.21,73.0,101110.0
1990-02-18 19:00:00+00:00,22.72,81.45,0.0,0.0,0.0,370.4,2.21,65.0,100980.0
1990-02-18 20:00:00+00:00,22.42,78.75,0.0,0.0,0.0,371.4,2.21,60.0,100920.0
1990-02-18 21:00:00+00:00,21.93,81.4,0.0,0.0,0.0,366.35,2.0,58.0,100920.0
1990-02-18 22:00:00+00:00,21.45,84.1,0.0,0.0,0.0,363.25,2.0,59.0,100940.0
1990-02-18 23:00:00+00:00,21.1,86.95,0.0,0.0,0.0,361.7,2.0,60.0,100990.0
1990-02-19 00:00:00+00:00,21.26,86.95,197.05,1061.9,61.65,363.25,2.0,60.0,101040.0
1990-02-19 01:00:00+00:00,24.02,73.85,450.6,940.6,99.1,359.7,2.34,58.0,101070.0
1990-02-19 02:00:00+00:00,26.4,64.95,677.85,923.88,129.35,372.95,2.9,52.0,101110.0
1990-02-19 03:00:00+00:00,28.26,57.05,809.85,808.61,185.2,377.95,3.1,47.0,101110.0
1990-02-19 04:00:00+00:00,29.52,51.9,952.75,834.7,203.25,380.3,2.83,43.0,101080.0
1990-02-19 05:00:00+00:00,30.59,48.75,1028.5,894.4,168.6,392.45,2.55,41.0,101010.0
1990-02-19 06:00:00+00:00,31.51,44.3,838.0,682.55,183.65,394.6,2.34,35.0,100870.0
1990-02-19 07:00:00+00:00,31.79,44.3,544.8,336.28,245.55,407.95,2.21,44.0,100810.0
1990-02-19 08:00:00+00:00,31.62,44.3,286.7,116.03,198.55,438.15,1.86,55.0,100730.0
1990-02-19 09:00:00+00:00,31.04,45.7,228.25,191.93,117.5,425.95,1.72,72.0,100730.0
1990-02-19 10:00:00+00:00,30.73,47.15,95.25,116.71,53.9,424.6,1.52,82.0,100710.0
1990-02-19 11:00:00+00:00,29.67,55.5,5.9,11.25,4.7,421.1,0.9,112.0,100770.0
1990-02-19 12:00:00+00:00,28.41,61.1,0.0,0.0,0.0,417.25,0.83,136.0,100840.0
1990-02-19 13:00:00+00:00,27.3,71.85,0.0,0.0,0.0,414.9,1.1,105.0,100930.0
1990-02-19 14:00:00+00:00,26.74,69.4,0.0,0.0,0.0,412.6,1.59,82.0,101010.0
1990-02-19 15:00:00+00:00,25.77,74.0,0.0,0.0,0.0,393.45,2.0,68.0,101110.0
1990-02-19 16:00:00+00:00,25.29,73.95,0.0,0.0,0.0,397.1,2.34,59.0,101120.0
1990-02-19 17:00:00+00:00,24.83,73.95,0.0,0.0,0.0,394.6,2.34,52.0,101090.0
1990-02-19 18:00:00+00:00,24.24,76.35,0.0,0.0,0.0,387.05,2.28,49.0,101020.0
1990-02-19 19:00:00+00:00,23.78,78.9,0.0,0.0,0.0,386.85,2.0,52.0,100970.0
1990-02-19 20:00:00+00:00,23.4,78.9,0.0,0.0,0.0,385.5,2.0,51.0,100910.0
1990-02-19 21:00:00+00:00,22.95,81.5,0.0,0.0,0.0,381.85,1.93,52.0,100890.0
1990-02-19 22:00:00+00:00,22.59,84.25,0.0,0.0,0.0,382.4,1.79,52.0,100920.0
1990-02-19 23:00:00+00:00,22.41,84.25,0.0,0.0,0.0,384.35,1.86,51.0,100950.0
1990-02-20 00:00:00+00:00,22.38,84.25,180.2,762.46,82.35,380.3,1.72,52.0,101030.0
1990-02-20 01:00:00+00:00,24.76,76.45,382.1,606.85,154.65,375.55,2.0,51.0,101070.0
1990-02-20 02:00:00+00:00,26.75,67.15,663.85,877.86,141.5,389.0,2.28,48.0,101120.0
1990-02-20 03:00:00+00:00,28.73,57.15,833.75,870.95,159.65,382.6,2.62,43.0,101110.0
1990-02-20 04:00:00+00:00,30.19,52.05,963.85,904.78,150.0,390.55,2.55,42.0,101070.0
1990-02-20 05:00:00+00:00,31.28,48.9,973.9,851.14,154.25,395.4,2.55,44.0,100960.0
1990-02-20 06:00:00+00:00,32.21,42.95,877.5,739.82,167.15,402.75,2.76,45.0,100800.0
1990-02-20 07:00:00+00:00,32.36,42.95,696.25,579.89,179.45,402.9,2.34,46.0,100720.0
1990-02-20 08:00:00+00:00,32.5,41.65,466.1,437.05,133.6,412.4,1.86,48.0,100640.0
1990-02-20 09:00:00+00:00,32.3,41.55,265.75,279.41,104.3,421.5,1.72,52.0,100590.0
1990-02-20 10:00:00+00:00,31.81,42.85,120.5,194.49,51.5,421.9,1.31,66.0,100590.0
1990-02-20 11:00:00+00:00,30.48,52.15,9.95,40.25,5.65,409.9,0.69,96.0,100670.0
1990-02-20 12:00:00+00:00,28.73,61.1,0.0,0.0,0.0,402.35,0.62,126.0,100750.0
1990-02-20 13:00:00+00:00,27.4,65.1,0.0,0.0,0.0,392.65,0.83,120.0,100850.0
1990-02-20 14:00:00+00:00,25.99,76.6,0.0,0.0,0.0,383.2,1.1,104.0,100950.0
1990-02-20 15:00:00+00:00,24.93,79.05,0.0,0.0,0.0,379.3,1.45,91.0,101030.0
1990-02-20 16:00:00+00:00,24.44,79.05,0.0,0.0,0.0,383.0,1.86,76.0,101030.0
1990-02-20 17:00:00+00:00,24.07,78.95,0.0,0.0,0.0,385.1,2.07,65.0,101020.0
1990-02-20 18:00:00+00:00,23.55,81.55,0.0,0.0,0.0,377.4,2.14,60.0,100970.0
1990-02-20 19:00:00+00:00,23.35,84.25,0.0,0.0,0.0,381.25,2.07,59.0,100920.0
1990-02-20 20:00:00+00:00,22.94,84.25,0.0,0.0,0.0,375.05,2.07,57.0,100860.0
1990-02-20 21:00:00+00:00,22.5,87.1,0.0,0.0,0.0,371.75,1.93,57.0,100880.0
1990-02-20 22:00:00+00:00,22.15,90.0,0.0,0.0,0.0,374.5,1.79,57.0,100920.0
1990-02-20 23:00:00+00:00,21.67,89.95,0.0,0.0,0.0,366.75,1.79,57.0,100980.0
1990-02-21 00:00:00+00:00,21.6,93.0,175.5,633.45,93.65,362.65,1.72,58.0,101050.0
1990-02-21 01:00:00+00:00,24.5,79.05,437.85,795.58,138.75,368.6,2.07,58.0,101090.0
1990-02-21 02:00:00+00:00,26.9,67.2,675.2,851.97,167.1,376.8,2.28,56.0,101120.0
1990-02-21 03:00:00+00:00,28.91,57.3,847.9,826.32,207.1,379.1,2.14,55.0,101110.0
1990-02-21 04:00:00+00:00,30.44,50.45,914.15,715.93,269.05,389.55,1.66,54.0,101050.0
1990-02-21 05:00:00+00:00,31.41,47.25,974.1,772.69,228.8,394.6,1.1,51.0,100960.0
1990-02-21 06:00:00+00:00,32.25,42.95,675.5,399.64,291.2,398.65,0.83,42.0,100790.0
1990-02-21 07:00:00+00:00,32.43,44.45,557.35,345.28,249.2,421.7,0.55,77.0,100690.0
1990-02-21 08:00:00+00:00,32.45,43.1,478.45,348.9,212.65,432.9,0.76,95.0,100580.0
1990-02-21 09:00:00+00:00,32.29,44.45,275.7,236.97,138.6,421.3,0.97,106.0,100540.0
1990-02-21 10:00:00+00:00,31.7,47.4,130.45,180.32,66.4,421.7,1.03,126.0,100580.0
1990-02-21 11:00:00+00:00,30.5,53.9,7.25,19.17,5.2,416.1,0.9,152.0,100620.0
1990-02-21 12:00:00+00:00,28.97,63.3,0.0,0.0,0.0,416.1,0.83,174.0,100710.0
1990-02-21 13:00:00+00:00,27.98,67.4,0.0,0.0,0.0,406.6,0.62,175.0,100780.0
1990-02-21 14:00:00+00:00,27.34,69.5,0.0,0.0,0.0,405.25,0.41,168.0,100850.0
1990-02-21 15:00:00+00:00,26.78,74.15,0.0,0.0,0.0,407.55,0.28,130.0,100890.0
1990-02-21 16:00:00+00:00,26.04,79.15,0.0,0.0,0.0,406.4,0.48,94.0,100920.0
1990-02-21 17:00:00+00:00,25.13,84.4,0.0,0.0,0.0,400.6,1.03,82.0,100930.0
1990-02-21 18:00:00+00:00,24.35,84.35,0.0,0.0,0.0,388.8,1.52,70.0,100890.0
1990-02-21 19:00:00+00:00,23.91,81.65,0.0,0.0,0.0,380.85,1.93,73.0,100860.0
1990-02-21 20:00:00+00:00,23.69,84.35,0.0,0.0,0.0,386.1,2.14,69.0,100850.0
1990-02-21 21:00:00+00:00,23.46,81.55,0.0,0.0,0.0,384.55,2.28,68.0,100850.0
1990-02-21 22:00:00+00:00,23.18,84.25,0.0,0.0,0.0,378.95,2.34,69.0,100890.0
1990-02-21 23:00:00+00:00,22.95,84.25,0.0,0.0,0.0,377.95,2.34,69.0,100920.0
1990-02-22 00:00:00+00:00,23.06,87.1,188.55,871.37,75.15,380.3,2.07,69.0,101000.0
1990-02-22 01:00:00+00:00,25.1,79.05,441.4,827.82,129.2,381.95,2.69,65.0,101040.0
1990-02-22 02:00:00+00:00,27.34,67.2,641.75,811.1,156.9,382.8,2.69,61.0,101080.0
1990-02-22 03:00:00+00:00,29.16,57.3,810.75,777.86,206.35,393.65,2.14,60.0,101080.0
1990-02-22 04:00:00+00:00,30.48,50.45,991.45,924.03,157.4,395.95,1.24,54.0,101030.0
1990-02-22 05:00:00+00:00,31.92,47.4,819.65,583.6,255.85,401.75,0.55,348.0,100900.0
1990-02-22 06:00:00+00:00,32.47,43.1,593.05,288.21,315.5,423.45,0.76,294.0,100770.0
1990-02-22 07:00:00+00:00,32.41,42.95,495.2,248.52,273.1,434.45,0.83,287.0,100680.0
1990-02-22 08:00:00+00:00,32.29,44.45,429.75,254.72,235.45,431.55,1.1,257.0,100580.0
1990-02-22 09:00:00+00:00,32.1,45.95,316.75,283.3,152.65,432.35,1.38,243.0,100570.0
1990-02-22 10:00:00+00:00,31.53,49.0,106.8,128.25,61.2,426.35,1.45,236.0,100570.0
1990-02-22 11:00:00+00:00,30.38,55.6,9.45,16.82,7.65,423.65,1.86,239.0,100630.0
1990-02-22 12:00:00+00:00,28.7,63.2,0.0,0.0,0.0,400.2,1.79,249.0,100710.0
1990-02-22 13:00:00+00:00,27.49,71.9,0.0,0.0,0.0,399.45,1.59,267.0,100790.0
1990-02-22 14:00:00+00:00,26.57,79.2,0.0,0.0,0.0,394.2,1.17,287.0,100880.0
1990-02-22 15:00:00+00:00,26.55,76.65,0.0,0.0,0.0,398.45,0.28,338.0,100940.0
1990-02-22 16:00:00+00:00,25.45,84.45,0.0,0.0,0.0,394.8,0.97,84.0,100970.0
1990-02-22 17:00:00+00:00,24.61,84.4,0.0,0.0,0.0,389.95,1.45,86.0,100960.0
1990-02-22 18:00:00+00:00,23.99,84.35,0.0,0.0,0.0,388.0,1.52,85.0,100920.0
1990-02-22 19:00:00+00:00,23.81,84.35,0.0,0.0,0.0,384.35,1.66,78.0,100850.0
1990-02-22 20:00:00+00:00,23.37,81.55,0.0,0.0,0.0,378.95,1.86,77.0,100780.0
1990-02-22 21:00:00+00:00,23.08,81.5,0.0,0.0,0.0,382.4,1.86,76.0,100760.0
1990-02-22 22:00:00+00:00,22.78,84.25,0.0,0.0,0.0,378.95,1.93,73.0,100790.0
1990-02-22 23:00:00+00:00,22.5,81.45,0.0,0.0,0.0,377.4,2.0,72.0,100850.0
1990-02-23 00:00:00+00:00,22.47,81.45,194.95,889.68,78.3,371.0,1.93,69.0,100910.0
1990-02-23 01:00:00+00:00,25.14,73.95,450.6,930.34,98.6,375.75,2.0,63.0,100950.0
1990-02-23 02:00:00+00:00,27.9,59.0,683.2,945.97,116.4,383.4,1.72,55.0,100950.0
1990-02-23 03:00:00+00:00,29.64,55.5,857.85,936.07,129.1,387.65,0.62,19.0,100960.0
1990-02-23 04:00:00+00:00,31.22,50.55,908.0,773.8,208.35,399.65,1.03,291.0,100900.0
1990-02-23 05:00:00+00:00,32.27,45.95,774.1,497.43,292.8,415.5,1.72,274.0,100820.0
1990-02-23 06:00:00+00:00,32.66,44.55,636.05,382.36,267.3,433.5,2.14,264.0,100690.0
1990-02-23 07:00:00+00:00,32.81,46.1,649.75,419.56,274.3,434.85,2.69,271.0,100580.0
1990-02-23 08:00:00+00:00,32.75,47.65,451.55,247.35,262.65,432.75,2.76,266.0,100500.0
1990-02-23 09:00:00+00:00,32.1,50.8,299.45,236.43,162.35,425.0,2.97,265.0,100440.0
1990-02-23 10:00:00+00:00,31.08,55.85,145.9,226.9,65.15,430.0,3.1,264.0,100440.0
1990-02-23 11:00:00+00:00,29.64,65.5,10.4,32.24,6.95,407.4,2.69,263.0,100480.0
1990-02-23 12:00:00+00:00,28.11,74.4,0.0,0.0,0.0,398.45,1.93,263.0,100580.0
1990-02-23 13:00:00+00:00,27.19,81.9,0.0,0.0,0.0,400.6,1.45,264.0,100690.0
1990-02-23 14:00:00+00:00,26.5,87.35,0.0,0.0,0.0,400.4,0.76,284.0,100790.0
1990-02-23 15:00:00+00:00,26.53,87.35,0.0,0.0,0.0,404.1,0.28,21.0,100890.0
1990-02-23 16:00:00+00:00,25.57,90.2,0.0,0.0,0.0,401.2,1.1,90.0,100950.0
1990-02-23 17:00:00+00:00,24.66,90.15,0.0,0.0,0.0,407.4,1.31,83.0,100970.0
1990-02-23 18:00:00+00:00,24.1,90.1,0.0,0.0,0.0,408.35,1.31,90.0,100940.0
1990-02-23 19:00:00+00:00,23.99,90.1,0.0,0.0,0.0,397.1,1.17,72.0,100860.0
1990-02-23 20:00:00+00:00,23.77,93.1,0.0,0.0,0.0,407.4,0.97,66.0,100790.0
1990-02-23 21:00:00+00:00,23.75,93.1,0.0,0.0,0.0,413.4,0.76,60.0,100760.0
1990-02-23 22:00:00+00:00,23.58,93.1,0.0,0.0,0.0,409.3,0.62,47.0,100770.0
1990-02-23 23:00:00+00:00,23.54,93.1,0.0,0.0,0.0,408.55,0.62,47.0,100810.0
1990-02-24 00:00:00+00:00,23.59,93.1,138.0,517.65,69.6,408.75,0.76,57.0,100860.0
1990-02-24 01:00:00+00:00,24.91,87.25,335.0,478.91,153.2,399.75,0.83,49.0,100920.0
1990-02-24 02:00:00+00:00,26.46,76.65,448.1,418.58,196.7,412.6,0.83,16.0,100980.0
1990-02-24 03:00:00+00:00,27.91,69.65,463.45,309.98,221.65,412.8,1.31,335.0,100980.0
1990-02-24 04:00:00+00:00,28.93,63.3,662.8,368.11,329.4,417.05,2.21,319.0,100920.0
1990-02-24 05:00:00+00:00,29.87,61.35,827.0,610.03,235.85,426.35,2.62,298.0,100830.0
1990-02-24 06:00:00+00:00,30.93,57.6,859.05,716.03,167.55,426.35,3.03,284.0,100680.0
1990-02-24 07:00:00+00:00,32.67,47.65,805.05,725.62,154.9,426.35,3.03,283.0,100540.0
1990-02-24 08:00:00+00:00,32.81,47.65,589.6,571.49,152.65,417.85,3.24,270.0,100440.0
1990-02-24 09:00:00+00:00,31.87,52.4,356.15,439.32,101.15,421.7,3.52,267.0,100420.0
1990-02-24 10:00:00+00:00,30.9,57.6,148.05,263.8,54.1,413.95,3.24,272.0,100450.0
1990-02-24 11:00:00+00:00,29.82,63.4,8.65,29.45,5.5,416.3,2.83,268.0,100550.0
1990-02-24 12:00:00+00:00,28.67,67.5,0.0,0.0,0.0,412.8,2.48,268.0,100690.0
1990-02-24 13:00:00+00:00,27.75,74.3,0.0,0.0,0.0,405.45,2.14,275.0,100770.0
1990-02-24 14:00:00+00:00,26.95,76.7,0.0,0.0,0.0,396.75,1.72,290.0,100850.0
1990-02-24 15:00:00+00:00,26.26,84.5,0.0,0.0,0.0,395.55,1.38,305.0,100900.0
1990-02-24 16:00:00+00:00,25.78,87.3,0.0,0.0,0.0,394.2,1.03,330.0,100900.0
1990-02-24 17:00:00+00:00,25.48,87.3,0.0,0.0,0.0,403.1,0.97,352.0,100880.0
1990-02-24 18:00:00+00:00,24.97,90.15,0.0,0.0,0.0,395.55,0.9,18.0,100840.0
1990-02-24 19:00:00+00:00,24.83,90.15,0.0,0.0,0.0,401.2,0.83,65.0,100770.0
1990-02-24 20:00:00+00:00,24.96,90.15,0.0,0.0,0.0,411.45,0.55,27.0,100710.0
1990-02-24 21:00:00+00:00,24.13,93.1,0.0,0.0,0.0,398.1,1.17,24.0,100650.0
1990-02-24 22:00:00+00:00,23.92,93.1,0.0,0.0,0.0,398.3,1.38,23.0,100640.0
1990-02-24 23:00:00+00:00,23.7,93.1,0.0,0.0,0.0,395.2,1.38,26.0,100640.0
1990-02-25 00:00:00+00:00,23.75,93.1,176.8,650.51,90.15,390.95,1.1,27.0,100690.0
1990-02-25 01:00:00+00:00,26.37,81.8,390.4,614.21,156.45,389.1,1.31,5.0,100750.0
1990-02-25 02:00:00+00:00,28.34,67.4,649.2,806.0,163.95,393.45,2.14,345.0,100780.0
1990-02-25 03:00:00+00:00,30.42,52.05,819.4,758.28,226.75,396.35,2.76,334.0,100780.0
1990-02-25 04:00:00+00:00,32.18,42.95,978.8,884.76,176.1,402.75,3.24,319.0,100730.0
1990-02-25 05:00:00+00:00,33.61,36.6,1025.2,878.4,172.7,406.4,3.79,305.0,100640.0
1990-02-25 06:00:00+00:00,34.41,34.35,1002.95,917.85,115.35,405.65,4.41,295.0,100540.0
1990-02-25 07:00:00+00:00,34.4,33.2,859.6,789.23,151.6,400.8,4.69,296.0,100440.0
1990-02-25 08:00:00+00:00,34.17,33.2,680.45,742.62,112.05,396.9,4.9,293.0,100350.0
1990-02-25 09:00:00+00:00,33.48,35.4,444.65,624.4,81.9,392.85,4.76,289.0,100310.0
1990-02-25 10:00:00+00:00,32.11,42.95,185.1,368.33,53.85,388.6,4.48,282.0,100340.0
1990-02-25 11:00:00+00:00,30.18,52.05,11.1,37.9,7.05,383.4,3.66,272.0,100390.0
1990-02-25 12:00:00+00:00,28.27,63.1,0.0,0.0,0.0,378.55,2.9,275.0,100540.0
1990-02-25 13:00:00+00:00,27.15,69.5,0.0,0.0,0.0,376.2,2.48,286.0,100630.0
1990-02-25 14:00:00+00:00,26.36,74.1,0.0,0.0,0.0,373.9,2.34,295.0,100720.0
1990-02-25 15:00:00+00:00,25.93,74.1,0.0,0.0,0.0,383.4,2.14,308.0,100800.0
1990-02-25 16:00:00+00:00,25.48,79.1,0.0,0.0,0.0,387.85,1.86,319.0,100800.0
1990-02-25 17:00:00+00:00,24.86,81.7,0.0,0.0,0.0,383.75,1.52,325.0,100770.0
1990-02-25 18:00:00+00:00,24.36,84.35,0.0,0.0,0.0,384.75,1.31,338.0,100730.0
1990-02-25 19:00:00+00:00,23.66,87.15,0.0,0.0,0.0,370.2,1.24,354.0,100650.0
1990-02-25 20:00:00+00:00,23.06,87.1,0.0,0.0,0.0,366.95,1.24,4.0,100560.0
1990-02-25 21:00:00+00:00,22.6,90.05,0.0,0.0,0.0,364.8,1.24,13.0,100570.0
1990-02-25 22:00:00+00:00,22.23,90.0,0.0,0.0,0.0,364.6,1.24,20.0,100580.0
1990-02-25 23:00:00+00:00,21.86,90.0,0.0,0.0,0.0,359.95,1.24,30.0,100640.0
1990-02-26 00:00:00+00:00,21.81,89.95,214.05,1119.38,63.7,355.9,1.24,38.0,100690.0
1990-02-26 01:00:00+00:00,25.78,71.6,473.2,998.38,91.6,359.1,1.31,357.0,100750.0
1990-02-26 02:00:00+00:00,28.38,57.05,718.75,1019.12,103.7,365.55,2.55,326.0,100780.0
1990-02-26 03:00:00+00:00,30.58,42.6,901.5,1001.97,116.85,372.15,3.38,316.0,100790.0
1990-02-26 04:00:00+00:00,32.39,35.0,1020.1,979.13,130.3,377.95,3.66,311.0,100700.0
1990-02-26 05:00:00+00:00,33.83,29.8,1064.05,970.9,120.4,381.85,3.86,306.0,100620.0
1990-02-26 06:00:00+00:00,34.72,27.05,1018.2,930.55,117.15,383.75,4.14,298.0,100510.0
1990-02-26 07:00:00+00:00,34.57,28.05,888.3,867.77,108.95,383.95,4.55,292.0,100470.0
1990-02-26 08:00:00+00:00,34.25,29.9,692.75,774.0,99.75,384.95,4.76,288.0,100400.0
1990-02-26 09:00:00+00:00,33.33,35.25,447.0,624.94,83.65,385.3,5.1,284.0,100350.0
1990-02-26 10:00:00+00:00,31.71,44.3,180.9,355.83,54.05,384.75,4.97,284.0,100400.0
1990-02-26 11:00:00+00:00,30.0,53.8,11.35,47.8,6.25,387.05,3.93,288.0,100430.0
1990-02-26 12:00:00+00:00,28.49,61.1,0.0,0.0,0.0,377.2,3.03,298.0,100520.0
1990-02-26 13:00:00+00:00,27.53,65.1,0.0,0.0,0.0,373.1,2.55,308.0,100600.0
1990-02-26 14:00:00+00:00,26.64,69.4,0.0,0.0,0.0,370.8,2.34,307.0,100670.0
1990-02-26 15:00:00+00:00,25.88,74.0,0.0,0.0,0.0,371.75,2.07,310.0,100740.0
1990-02-26 16:00:00+00:00,25.17,79.05,0.0,0.0,0.0,373.5,1.66,327.0,100770.0
1990-02-26 17:00:00+00:00,24.67,79.05,0.0,0.0,0.0,374.3,1.31,348.0,100770.0
1990-02-26 18:00:00+00:00,24.14,81.65,0.0,0.0,0.0,374.85,1.1,5.0,100730.0
1990-02-26 19:00:00+00:00,23.95,84.35,0.0,0.0,0.0,375.45,1.17,343.0,100650.0
1990-02-26 20:00:00+00:00,23.94,84.35,0.0,0.0,0.0,375.65,0.9,352.0,100590.0
1990-02-26 21:00:00+00:00,23.96,84.35,0.0,0.0,0.0,375.25,0.69,21.0,100580.0
1990-02-26 22:00:00+00:00,23.52,84.35,0.0,0.0,0.0,372.55,0.76,55.0,100600.0
1990-02-26 23:00:00+00:00,22.67,90.05,0.0,0.0,0.0,373.5,0.97,69.0,100640.0
1990-02-27 00:00:00+00:00,22.6,90.05,203.1,1045.62,61.45,370.4,0.97,68.0,100720.0
1990-02-27 01:00:00+00:00,26.14,74.1,464.95,958.5,97.3,379.8,0.62,353.0,100750.0
1990-02-27 02:00:00+00:00,28.36,59.0,699.75,967.37,114.5,379.5,1.66,314.0,100800.0
1990-02-27 03:00:00+00:00,30.33,47.0,869.4,954.01,120.85,394.0,2.34,303.0,100790.0
1990-02-27 04:00:00+00:00,31.84,41.4,1009.25,962.35,133.25,390.95,2.55,299.0,100760.0
1990-02-27 05:00:00+00:00,33.16,36.5,1044.1,934.68,134.35,398.1,2.69,294.0,100670.0
1990-02-27 06:00:00+00:00,34.07,33.2,994.85,902.05,120.3,400.2,3.03,287.0,100520.0
1990-02-27 07:00:00+00:00,34.6,31.1,856.7,835.56,105.45,400.4,3.38,279.0,100430.0
1990-02-27 08:00:00+00:00,34.42,33.2,583.95,592.22,129.8,402.35,3.72,276.0,100340.0
1990-02-27 09:00:00+00:00,33.52,35.4,428.3,589.1,85.55,406.6,4.0,273.0,100320.0
1990-02-27 10:00:00+00:00,32.24,42.95,165.1,313.25,53.4,396.15,4.14,272.0,100330.0
1990-02-27 11:00:00+00:00,30.25,53.8,10.75,44.6,6.0,395.95,3.38,271.0,100400.0
1990-02-27 12:00:00+00:00,28.53,65.3,0.0,0.0,0.0,393.45,2.83,279.0,100510.0
1990-02-27 13:00:00+00:00,27.59,71.9,0.0,0.0,0.0,392.65,2.14,293.0,100590.0
1990-02-27 14:00:00+00:00,27.01,74.25,0.0,0.0,0.0,395.0,1.52,303.0,100700.0
1990-02-27 15:00:00+00:00,26.34,81.8,0.0,0.0,0.0,389.2,1.03,318.0,100770.0
1990-02-27 16:00:00+00:00,26.12,79.15,0.0,0.0,0.0,387.45,0.69,354.0,100830.0
1990-02-27 17:00:00+00:00,25.7,81.75,0.0,0.0,0.0,389.0,0.62,26.0,100810.0
1990-02-27 18:00:00+00:00,25.25,84.4,0.0,0.0,0.0,390.35,0.62,38.0,100780.0
1990-02-27 19:00:00+00:00,25.28,90.15,0.0,0.0,0.0,394.6,0.48,30.0,100720.0
1990-02-27 20:00:00+00:00,25.09,90.15,0.0,0.0,0.0,395.75,0.41,43.0,100700.0
1990-02-27 21:00:00+00:00,24.43,87.25,0.0,0.0,0.0,384.75,0.69,49.0,100680.0
1990-02-27 22:00:00+00:00,23.59,93.1,0.0,0.0,0.0,385.1,0.97,59.0,100690.0
1990-02-27 23:00:00+00:00,23.32,96.2,0.0,0.0,0.0,389.95,1.03,63.0,100740.0
1990-02-28 00:00:00+00:00,23.66,93.1,203.75,1020.0,64.35,386.45,0.83,63.0,100810.0
1990-02-28 01:00:00+00:00,26.98,76.7,424.55,855.05,95.4,388.9,0.83,36.0,100860.0
1990-02-28 02:00:00+00:00,28.82,67.5,637.25,821.29,139.15,396.95,0.62,25.0,100880.0
1990-02-28 03:00:00+00:00,30.43,57.6,807.6,838.94,148.05,410.45,0.07,299.0,100880.0
1990-02-28 04:00:00+00:00,31.93,50.7,961.4,900.68,140.2,413.95,0.69,252.0,100810.0
1990-02-28 05:00:00+00:00,33.36,43.2,878.05,721.92,174.4,416.1,1.31,247.0,100720.0
1990-02-28 06:00:00+00:00,33.93,40.55,780.15,589.99,207.45,414.75,1.66,243.0,100580.0
1990-02-28 07:00:00+00:00,33.37,47.75,692.45,566.32,182.75,435.25,2.34,239.0,100560.0
1990-02-28 08:00:00+00:00,33.03,46.2,532.0,526.25,128.1,429.45,2.34,237.0,100500.0
1990-02-28 09:00:00+00:00,32.35,47.5,317.9,356.0,110.65,425.75,2.34,242.0,100470.0
1990-02-28 10:00:00+00:00,31.1,48.9,110.7,190.68,42.7,417.65,1.31,253.0,100500.0
1990-02-28 11:00:00+00:00,30.16,50.3,8.3,30.58,5.05,423.85,0.9,291.0,100570.0
1990-02-28 12:00:00+00:00,29.45,53.7,0.0,0.0,0.0,420.15,0.76,305.0,100640.0
1990-02-28 13:00:00+00:00,29.08,57.3,0.0,0.0,0.0,427.3,0.41,341.0,100730.0
1990-02-28 14:00:00+00:00,28.82,59.1,0.0,0.0,0.0,417.65,0.69,56.0,100830.0
1990-02-28 15:00:00+00:00,28.28,63.1,0.0,0.0,0.0,423.45,0.9,74.0,100930.0
1990-02-28 16:00:00+00:00,25.95,75.84,0.0,0.0,0.0,407.94,1.11,87.0,100950.0
1990-02-28 17:00:00+00:00,25.97,76.51,0.0,0.0,0.0,408.58,1.14,103.0,100960.0
1990-02-28 18:00:00+00:00,25.99,77.17,0.0,0.0,0.0,409.21,1.17,103.0,100920.0
1990-02-28 19:00:00+00:00,26.01,77.83,0.0,0.0,0.0,409.85,1.2,76.0,100900.0
1990-02-28 20:00:00+00:00,26.03,78.5,0.0,0.0,0.0,410.49,1.23,70.0,100840.0
1990-02-28 21:00:00+00:00,26.05,79.16,0.0,0.0,0.0,411.13,1.27,68.0,100840.0
1990-02-28 22:00:00+00:00,26.07,79.82,0.0,0.0,0.0,411.77,1.3,69.0,100840.0
1990-02-28 23:00:00+00:00,26.09,80.49,0.0,0.0,0.0,412.4,1.33,68.0,100850.0
1990-03-01 00:00:00+00:00,26.11,81.15,110.85,179.11,86.15,413.04,1.36,68.0,100670.0
1990-03-01 01:00:00+00:00,26.13,81.81,225.5,139.25,171.7,413.68,1.39,78.0,100680.0
1990-03-01 02:00:00+00:00,26.15,82.48,449.3,364.73,227.55,414.32,1.42,96.0,100750.0
1990-03-01 03:00:00+00:00,26.18,83.14,398.9,194.62,245.6,414.95,1.45,82.0,100770.0
1990-03-01 04:00:00+00:00,26.2,83.8,541.5,223.0,337.85,415.59,1.49,70.0,100720.0
1990-03-01 05:00:00+00:00,26.22,84.47,522.4,168.49,357.95,416.23,1.52,70.0,100640.0
1990-03-01 06:00:00+00:00,26.24,85.13,346.15,53.4,294.25,416.87,1.55,66.0,100540.0
1990-03-01 07:00:00+00:00,26.26,85.79,263.65,9.6,255.0,417.51,1.58,86.0,100370.0
1990-03-01 08:00:00+00:00,26.91,84.55,234.95,13.67,224.45,417.45,1.45,87.0,100350.0
1990-03-01 09:00:00+00:00,26.55,84.55,88.8,0.77,88.35,419.4,0.97,89.0,100340.0
1990-03-01 10:00:00+00:00,25.95,87.3,22.5,0.42,22.35,424.0,0.83,62.0,100370.0
1990-03-01 11:00:00+00:00,25.36,90.2,2.2,0.0,2.2,418.2,0.97,70.0,100470.0
1990-03-01 12:00:00+00:00,24.85,93.15,0.0,0.0,0.0,417.65,1.17,98.0,100550.0
1990-03-01 13:00:00+00:00,24.51,90.15,0.0,0.0,0.0,419.2,1.31,75.0,100610.0
1990-03-01 14:00:00+00:00,24.18,93.1,0.0,0.0,0.0,414.15,1.24,79.0,100690.0
1990-03-01 15:00:00+00:00,23.82,96.2,0.0,0.0,0.0,408.75,1.1,68.0,100720.0
1990-03-01 16:00:00+00:00,23.65,96.2,0.0,0.0,0.0,413.2,1.24,50.0,100700.0
1990-03-01 17:00:00+00:00,23.37,96.2,0.0,0.0,0.0,407.4,1.24,66.0,100670.0
1990-03-01 18:00:00+00:00,23.18,96.2,0.0,0.0,0.0,409.1,1.03,65.0,100600.0
1990-03-01 19:00:00+00:00,23.26,96.2,0.0,0.0,0.0,407.55,1.1,69.0,100500.0
1990-03-01 20:00:00+00:00,23.22,96.2,0.0,0.0,0.0,411.65,1.03,58.0,100440.0
1990-03-01 21:00:00+00:00,23.09,96.2,0.0,0.0,0.0,408.55,1.1,54.0,100400.0
1990-03-01 22:00:00+00:00,22.95,96.2,0.0,0.0,0.0,406.2,1.03,42.0,100430.0
1990-03-01 23:00:00+00:00,22.66,99.4,0.0,0.0,0.0,397.1,1.17,49.0,100500.0
1990-03-02 00:00:00+00:00,23.02,96.2,198.4,901.35,72.95,406.0,1.1,54.0,100570.0
1990-03-02 01:00:00+00:00,24.94,87.3,358.2,520.77,156.25,395.5,0.97,51.0,100640.0
1990-03-02 02:00:00+00:00,26.26,84.5,588.1,667.75,181.1,402.55,1.31,57.0,100690.0
1990-03-02 03:00:00+00:00,27.69,74.3,749.1,641.65,242.7,409.5,2.21,50.0,100720.0
1990-03-02 04:00:00+00:00,28.64,69.75,783.8,514.66,313.05,412.4,1.86,43.0,100670.0
1990-03-02 05:00:00+00:00,29.27,69.85,874.1,528.94,357.15,421.1,1.79,42.0,100560.0
1990-03-02 06:00:00+00:00,29.91,67.7,798.8,506.52,306.0,422.85,1.86,45.0,100390.0
1990-03-02 07:00:00+00:00,29.1,72.15,425.85,173.83,269.1,423.85,0.97,9.0,100290.0
1990-03-02 08:00:00+00:00,27.32,79.3,206.15,47.29,169.8,425.95,0.34,128.0,100350.0
1990-03-02 09:00:00+00:00,26.07,84.5,78.8,22.83,65.5,422.65,1.1,86.0,100340.0
1990-03-02 10:00:00+00:00,25.3,90.2,21.15,0.0,21.15,423.05,0.9,55.0,100350.0
1990-03-02 11:00:00+00:00,25.02,87.3,3.35,0.0,3.35,424.6,0.55,22.0,100360.0
1990-03-02 12:00:00+00:00,24.72,93.15,0.0,0.0,0.0,419.0,0.41,89.0,100470.0
1990-03-02 13:00:00+00:00,24.39,93.1,0.0,0.0,0.0,413.4,0.28,53.0,100560.0
1990-03-02 14:00:00+00:00,24.04,93.1,0.0,0.0,0.0,407.75,0.41,37.0,100650.0
1990-03-02 15:00:00+00:00,23.76,96.2,0.0,0.0,0.0,407.2,0.55,84.0,100700.0
1990-03-02 16:00:00+00:00,23.64,96.2,0.0,0.0,0.0,412.4,1.03,58.0,100670.0
1990-03-02 17:00:00+00:00,23.49,96.2,0.0,0.0,0.0,411.65,0.62,30.0,100620.0
1990-03-02 18:00:00+00:00,23.38,96.2,0.0,0.0,0.0,413.2,0.62,61.0,100580.0
1990-03-02 19:00:00+00:00,23.29,96.2,0.0,0.0,0.0,407.95,1.03,53.0,100430.0
1990-03-02 20:00:00+00:00,23.11,96.2,0.0,0.0,0.0,403.5,1.03,50.0,100390.0
1990-03-02 21:00:00+00:00,22.92,96.2,0.0,0.0,0.0,402.35,0.97,46.0,100360.0
1990-03-02 22:00:00+00:00,22.77,99.4,0.0,0.0,0.0,403.1,0.9,58.0,100400.0
1990-03-02 23:00:00+00:00,22.62,99.4,0.0,0.0,0.0,402.15,0.97,71.0,100450.0
1990-03-03 00:00:00+00:00,23.01,96.2,69.2,183.99,43.35,415.1,0.83,76.0,100500.0
1990-03-03 01:00:00+00:00,23.91,90.1,212.95,222.35,126.4,413.5,1.17,71.0,100570.0
1990-03-03 02:00:00+00:00,25.0,84.45,283.8,176.01,176.25,414.55,1.31,65.0,100630.0
1990-03-03 03:00:00+00:00,25.73,84.45,440.8,260.07,235.15,412.4,1.66,56.0,100630.0
1990-03-03 04:00:00+00:00,26.76,79.2,607.35,386.91,252.9,419.4,2.55,51.0,100560.0
1990-03-03 05:00:00+00:00,27.99,72.0,673.7,383.61,298.3,417.25,3.31,49.0,100440.0
1990-03-03 06:00:00+00:00,28.88,69.75,655.5,450.53,216.7,419.75,3.1,54.0,100310.0
1990-03-03 07:00:00+00:00,29.3,67.6,532.05,324.65,239.05,424.6,1.86,40.0,100210.0
1990-03-03 08:00:00+00:00,28.9,69.75,382.8,231.44,204.8,419.0,1.45,67.0,100190.0
1990-03-03 09:00:00+00:00,28.02,72.0,212.5,115.55,145.15,420.55,1.52,101.0,100180.0
1990-03-03 10:00:00+00:00,26.88,79.2,101.35,70.14,76.35,413.75,0.69,100.0,100240.0
1990-03-03 11:00:00+00:00,26.38,84.5,2.9,0.95,2.8,419.4,0.14,48.0,100320.0
1990-03-03 12:00:00+00:00,25.66,87.3,0.0,0.0,0.0,422.1,0.48,314.0,100340.0
1990-03-03 13:00:00+00:00,24.98,87.3,0.0,0.0,0.0,410.45,0.48,355.0,100420.0
1990-03-03 14:00:00+00:00,24.4,93.1,0.0,0.0,0.0,403.9,0.83,18.0,100510.0
1990-03-03 15:00:00+00:00,23.82,93.1,0.0,0.0,0.0,396.75,0.97,29.0,100600.0
1990-03-03 16:00:00+00:00,23.52,93.1,0.0,0.0,0.0,402.95,1.1,39.0,100610.0
1990-03-03 17:00:00+00:00,23.16,96.2,0.0,0.0,0.0,397.5,1.24,50.0,100590.0
1990-03-03 18:00:00+00:00,22.74,99.4,0.0,0.0,0.0,393.25,1.24,54.0,100520.0
1990-03-03 19:00:00+00:00,22.74,99.4,0.0,0.0,0.0,390.15,1.31,65.0,100430.0
1990-03-03 20:00:00+00:00,22.63,99.4,0.0,0.0,0.0,395.75,1.38,66.0,100390.0
1990-03-03 21:00:00+00:00,22.42,96.15,0.0,0.0,0.0,391.1,1.45,71.0,100360.0
1990-03-03 22:00:00+00:00,22.13,99.4,0.0,0.0,0.0,392.45,1.45,70.0,100370.0
1990-03-03 23:00:00+00:00,22.01,99.4,0.0,0.0,0.0,392.3,1.45,68.0,100400.0
1990-03-04 00:00:00+00:00,22.29,99.4,177.8,561.89,98.1,392.45,1.24,67.0,100460.0
1990-03-04 01:00:00+00:00,24.3,90.1,347.55,524.79,142.5,393.75,1.24,65.0,100520.0
1990-03-04 02:00:00+00:00,25.91,84.45,526.75,497.98,221.7,398.45,1.59,67.0,100570.0
1990-03-04 03:00:00+00:00,27.26,76.7,663.25,530.33,243.1,410.45,2.21,65.0,100580.0
1990-03-04 04:00:00+00:00,28.47,69.75,748.6,505.71,284.6,417.65,2.69,65.0,100560.0
1990-03-04 05:00:00+00:00,29.21,67.6,775.2,470.64,314.05,417.25,2.55,65.0,100460.0
1990-03-04 06:00:00+00:00,29.8,65.5,683.6,471.96,223.45,426.9,2.07,63.0,100350.0
1990-03-04 07:00:00+00:00,29.76,65.5,653.9,475.29,224.6,424.4,0.55,52.0,100260.0
1990-03-04 08:00:00+00:00,29.78,65.5,409.0,251.71,215.3,431.2,0.28,130.0,100210.0
1990-03-04 09:00:00+00:00,28.38,72.0,202.7,74.88,159.05,422.85,0.28,200.0,100160.0
1990-03-04 10:00:00+00:00,27.52,76.8,66.95,10.11,63.35,422.1,0.83,156.0,100230.0
1990-03-04 11:00:00+00:00,26.82,84.55,5.9,0.0,5.9,423.05,0.69,245.0,100250.0
1990-03-04 12:00:00+00:00,26.09,90.2,0.0,0.0,0.0,414.9,0.9,203.0,100350.0
1990-03-04 13:00:00+00:00,25.65,93.15,0.0,0.0,0.0,416.85,0.55,164.0,100480.0
1990-03-04 14:00:00+00:00,25.37,93.15,0.0,0.0,0.0,422.3,0.69,92.0,100530.0
1990-03-04 15:00:00+00:00,25.01,93.15,0.0,0.0,0.0,414.75,0.55,62.0,100600.0
1990-03-04 16:00:00+00:00,24.62,93.15,0.0,0.0,0.0,410.1,0.62,52.0,100600.0
1990-03-04 17:00:00+00:00,24.19,96.2,0.0,0.0,0.0,405.45,0.69,54.0,100580.0
1990-03-04 18:00:00+00:00,23.66,96.2,0.0,0.0,0.0,414.15,0.41,45.0,100540.0
1990-03-04 19:00:00+00:00,23.58,96.2,0.0,0.0,0.0,403.7,0.76,351.0,100470.0
1990-03-04 20:00:00+00:00,23.35,99.4,0.0,0.0,0.0,409.5,0.83,297.0,100460.0
1990-03-04 21:00:00+00:00,23.11,96.2,0.0,0.0,0.0,402.55,0.76,354.0,100420.0
1990-03-04 22:00:00+00:00,22.99,96.2,0.0,0.0,0.0,407.55,0.83,20.0,100420.0
1990-03-04 23:00:00+00:00,22.7,99.4,0.0,0.0,0.0,400.2,1.03,27.0,100470.0
1990-03-05 00:00:00+00:00,23.08,96.2,163.25,448.24,99.05,405.25,0.97,21.0,100530.0
1990-03-05 01:00:00+00:00,24.52,90.15,395.1,675.11,130.3,416.6,1.1,2.0,100570.0
1990-03-05 02:00:00+00:00,26.25,84.5,484.35,488.51,184.35,403.9,1.66,350.0,100660.0
1990-03-05 03:00:00+00:00,27.27,81.9,734.1,679.69,194.6,416.3,1.52,340.0,100670.0
1990-03-05 04:00:00+00:00,28.41,79.4,901.55,798.62,167.7,418.4,1.59,341.0,100620.0
1990-03-05 05:00:00+00:00,29.4,77.0,874.8,639.53,247.4,419.4,1.38,324.0,100510.0
1990-03-05 06:00:00+00:00,29.85,74.65,720.85,505.57,227.45,425.2,1.45,300.0,100370.0
1990-03-05 07:00:00+00:00,29.46,77.1,663.25,395.45,305.8,425.75,1.93,295.0,100280.0
1990-03-05 08:00:00+00:00,28.95,82.1,383.65,201.78,228.3,434.1,2.41,297.0,100200.0
1990-03-05 09:00:00+00:00,27.63,84.65,142.9,25.38,128.1,432.35,2.21,296.0,100200.0
1990-03-05 10:00:00+00:00,26.46,87.35,45.2,0.84,44.9,425.4,0.9,331.0,100280.0
1990-03-05 11:00:00+00:00,25.69,90.2,2.7,0.0,2.7,422.3,0.55,1.0,100350.0
1990-03-05 12:00:00+00:00,24.7,93.15,0.0,0.0,0.0,415.3,0.55,29.0,100440.0
1990-03-05 13:00:00+00:00,24.32,96.2,0.0,0.0,0.0,414.9,0.41,24.0,100520.0
1990-03-05 14:00:00+00:00,24.06,96.2,0.0,0.0,0.0,408.9,0.69,12.0,100580.0
1990-03-05 15:00:00+00:00,23.77,96.2,0.0,0.0,0.0,402.55,0.76,31.0,100630.0
1990-03-05 16:00:00+00:00,23.36,99.4,0.0,0.0,0.0,402.75,0.83,45.0,100600.0
1990-03-05 17:00:00+00:00,23.21,96.2,0.0,0.0,0.0,411.85,0.69,39.0,100600.0
1990-03-05 18:00:00+00:00,22.95,96.2,0.0,0.0,0.0,415.7,0.9,45.0,100560.0
1990-03-05 19:00:00+00:00,23.31,96.2,0.0,0.0,0.0,410.65,0.83,11.0,100480.0
1990-03-05 20:00:00+00:00,23.06,96.2,0.0,0.0,0.0,419.0,1.03,31.0,100440.0
1990-03-05 21:00:00+00:00,23.08,96.2,0.0,0.0,0.0,415.7,0.9,48.0,100430.0
1990-03-05 22:00:00+00:00,22.9,96.2,0.0,0.0,0.0,409.1,0.76,63.0,100450.0
1990-03-05 23:00:00+00:00,22.98,96.2,0.0,0.0,0.0,416.3,0.69,76.0,100520.0
1990-03-06 00:00:00+00:00,23.17,96.2,133.5,240.24,98.75,415.5,0.69,65.0,100570.0
1990-03-06 01:00:00+00:00,24.66,93.15,381.25,509.33,180.7,415.4,0.34,63.0,100600.0
1990-03-06 02:00:00+00:00,26.25,87.3,626.6,753.5,162.7,421.3,0.76,317.0,100650.0
1990-03-06 03:00:00+00:00,27.55,81.95,766.6,747.57,172.1,409.5,1.17,307.0,100650.0
1990-03-06 04:00:00+00:00,28.52,82.1,851.6,697.41,209.8,416.85,1.38,298.0,100590.0
1990-03-06 05:00:00+00:00,29.47,74.65,784.65,613.63,181.95,423.25,1.86,287.0,100480.0
1990-03-06 06:00:00+00:00,29.51,74.65,750.65,583.68,180.5,430.8,2.55,278.0,100360.0
1990-03-06 07:00:00+00:00,29.01,74.55,637.2,500.1,184.85,417.65,2.07,282.0,100290.0
1990-03-06 08:00:00+00:00,28.91,76.95,531.7,491.23,153.35,424.8,1.52,285.0,100180.0
1990-03-06 09:00:00+00:00,29.11,74.55,359.5,416.36,116.75,421.3,1.45,278.0,100140.0
1990-03-06 10:00:00+00:00,27.76,79.35,128.2,183.13,63.05,415.9,1.66,285.0,100170.0
1990-03-06 11:00:00+00:00,26.46,84.55,5.1,13.0,3.75,413.55,1.24,316.0,100290.0
1990-03-06 12:00:00+00:00,25.19,90.2,0.0,0.0,0.0,423.65,0.76,304.0,100450.0
1990-03-06 13:00:00+00:00,24.41,93.15,0.0,0.0,0.0,421.3,0.48,336.0,100530.0
1990-03-06 14:00:00+00:00,24.13,93.1,0.0,0.0,0.0,417.25,0.55,24.0,100610.0
1990-03-06 15:00:00+00:00,23.81,96.2,0.0,0.0,0.0,406.2,0.97,84.0,100640.0
1990-03-06 16:00:00+00:00,23.53,96.2,0.0,0.0,0.0,403.1,1.31,97.0,100670.0
1990-03-06 17:00:00+00:00,23.3,96.2,0.0,0.0,0.0,402.15,1.45,97.0,100660.0
1990-03-06 18:00:00+00:00,23.29,96.2,0.0,0.0,0.0,408.9,1.31,80.0,100600.0
1990-03-06 19:00:00+00:00,23.49,93.1,0.0,0.0,0.0,398.65,1.1,64.0,100440.0
1990-03-06 20:00:00+00:00,23.42,93.1,0.0,0.0,0.0,404.85,1.03,63.0,100400.0
1990-03-06 21:00:00+00:00,23.05,96.2,0.0,0.0,0.0,400.0,0.9,61.0,100420.0
1990-03-06 22:00:00+00:00,22.77,99.4,0.0,0.0,0.0,398.1,0.97,68.0,100460.0
1990-03-06 23:00:00+00:00,22.66,99.4,0.0,0.0,0.0,406.0,0.97,81.0,100510.0
1990-03-07 00:00:00+00:00,22.81,99.4,129.25,231.36,95.45,417.25,0.9,96.0,100580.0
1990-03-07 01:00:00+00:00,24.27,93.1,336.35,427.91,167.2,414.85,0.9,116.0,100650.0
1990-03-07 02:00:00+00:00,25.87,87.3,609.35,708.76,171.9,411.65,1.1,155.0,100680.0
1990-03-07 03:00:00+00:00,27.39,79.3,712.5,580.13,250.3,400.8,0.9,195.0,100690.0
1990-03-07 04:00:00+00:00,28.24,74.4,857.2,586.7,316.5,417.05,1.17,234.0,100650.0
1990-03-07 05:00:00+00:00,28.97,74.55,798.95,515.35,292.2,419.75,1.86,238.0,100560.0
1990-03-07 06:00:00+00:00,28.87,79.5,764.55,529.06,247.3,422.3,2.0,243.0,100450.0
1990-03-07 07:00:00+00:00,28.57,74.5,593.65,423.83,210.05,421.3,1.59,244.0,100370.0
1990-03-07 08:00:00+00:00,27.48,79.35,477.65,346.55,210.65,416.85,1.45,274.0,100340.0
1990-03-07 09:00:00+00:00,27.73,81.95,288.35,236.8,150.3,411.25,0.76,310.0,100280.0
1990-03-07 10:00:00+00:00,27.79,81.95,122.4,156.14,66.9,415.7,0.69,320.0,100290.0
1990-03-07 11:00:00+00:00,27.12,81.9,7.6,14.03,6.15,414.15,0.97,296.0,100400.0
1990-03-07 12:00:00+00:00,25.79,90.2,0.0,0.0,0.0,406.8,0.48,311.0,100520.0
1990-03-07 13:00:00+00:00,24.88,93.15,0.0,0.0,0.0,412.8,1.03,25.0,100590.0
1990-03-07 14:00:00+00:00,24.75,93.15,0.0,0.0,0.0,423.25,1.24,50.0,100670.0
1990-03-07 15:00:00+00:00,24.51,90.15,0.0,0.0,0.0,419.95,1.59,56.0,100740.0
1990-03-07 16:00:00+00:00,24.11,90.1,0.0,0.0,0.0,410.3,1.59,60.0,100760.0
1990-03-07 17:00:00+00:00,23.91,90.1,0.0,0.0,0.0,411.45,1.52,69.0,100710.0
1990-03-07 18:00:00+00:00,23.56,93.1,0.0,0.0,0.0,401.2,1.31,72.0,100670.0
1990-03-07 19:00:00+00:00,23.2,96.2,0.0,0.0,0.0,396.95,0.76,68.0,100550.0
1990-03-07 20:00:00+00:00,22.78,99.4,0.0,0.0,0.0,392.1,0.9,45.0,100510.0
1990-03-07 21:00:00+00:00,22.39,96.15,0.0,0.0,0.0,389.4,0.97,46.0,100470.0
1990-03-07 22:00:00+00:00,22.34,99.4,0.0,0.0,0.0,396.35,1.03,61.0,100480.0
1990-03-07 23:00:00+00:00,22.1,99.4,0.0,0.0,0.0,389.4,1.17,63.0,100530.0
1990-03-08 00:00:00+00:00,22.41,99.4,186.8,604.45,97.6,389.4,0.97,67.0,100560.0
1990-03-08 01:00:00+00:00,24.84,87.25,450.85,819.09,125.8,392.2,0.76,83.0,100600.0
1990-03-08 02:00:00+00:00,26.49,79.2,649.15,751.27,184.3,391.7,0.69,116.0,100640.0
1990-03-08 03:00:00+00:00,27.67,74.3,800.8,742.56,208.1,405.65,0.62,141.0,100680.0
1990-03-08 04:00:00+00:00,28.7,72.1,849.25,673.91,227.3,412.4,0.34,173.0,100630.0
1990-03-08 05:00:00+00:00,29.25,72.15,943.1,778.6,176.65,417.85,0.34,192.0,100540.0
1990-03-08 06:00:00+00:00,29.97,67.8,635.9,461.27,184.55,417.25,0.76,203.0,100410.0
1990-03-08 07:00:00+00:00,28.8,74.5,498.05,336.47,193.35,428.3,1.24,230.0,100340.0
1990-03-08 08:00:00+00:00,28.0,74.4,437.5,361.9,158.6,421.7,0.83,222.0,100300.0
1990-03-08 09:00:00+00:00,28.34,76.85,307.45,309.75,126.9,418.8,0.14,188.0,100260.0
1990-03-08 10:00:00+00:00,28.26,76.85,114.95,186.72,48.65,420.15,0.34,356.0,100260.0
1990-03-08 11:00:00+00:00,27.01,81.9,5.1,11.19,3.95,412.4,0.55,18.0,100290.0
1990-03-08 12:00:00+00:00,26.33,87.3,0.0,0.0,0.0,412.8,0.76,50.0,100380.0
1990-03-08 13:00:00+00:00,25.87,90.2,0.0,0.0,0.0,413.0,0.9,96.0,100470.0
1990-03-08 14:00:00+00:00,25.45,90.2,0.0,0.0,0.0,412.0,1.24,93.0,100540.0
1990-03-08 15:00:00+00:00,25.05,90.2,0.0,0.0,0.0,407.55,1.45,91.0,100600.0
1990-03-08 16:00:00+00:00,24.65,90.15,0.0,0.0,0.0,403.3,1.52,88.0,100600.0
1990-03-08 17:00:00+00:00,24.27,93.1,0.0,0.0,0.0,400.6,1.52,81.0,100570.0
1990-03-08 18:00:00+00:00,24.03,93.1,0.0,0.0,0.0,403.3,1.38,78.0,100540.0
1990-03-08 19:00:00+00:00,23.98,90.1,0.0,0.0,0.0,407.4,1.17,84.0,100460.0
1990-03-08 20:00:00+00:00,23.69,93.1,0.0,0.0,0.0,400.0,1.24,90.0,100430.0
1990-03-08 21:00:00+00:00,23.43,93.1,0.0,0.0,0.0,397.3,1.31,89.0,100430.0
1990-03-08 22:00:00+00:00,23.37,96.2,0.0,0.0,0.0,402.95,1.31,86.0,100460.0
1990-03-08 23:00:00+00:00,23.34,96.2,0.0,0.0,0.0,405.45,1.17,80.0,100500.0
1990-03-09 00:00:00+00:00,23.65,93.1,151.45,509.46,75.5,405.45,1.38,65.0,100550.0
1990-03-09 01:00:00+00:00,24.95,87.3,457.85,884.51,105.45,405.35,1.52,64.0,100600.0
1990-03-09 02:00:00+00:00,26.46,81.85,612.95,756.97,143.4,399.25,1.38,62.0,100650.0
1990-03-09 03:00:00+00:00,27.63,76.8,787.25,813.57,136.7,410.85,0.97,61.0,100670.0
1990-03-09 04:00:00+00:00,28.63,74.5,803.4,688.89,166.75,418.8,0.55,47.0,100610.0
1990-03-09 05:00:00+00:00,29.44,69.85,794.65,539.91,262.6,412.8,0.07,21.0,100490.0
1990-03-09 06:00:00+00:00,29.65,67.7,822.35,681.64,154.85,423.25,0.28,226.0,100390.0
1990-03-09 07:00:00+00:00,29.67,67.7,740.45,627.45,171.95,417.65,0.41,1.0,100270.0
1990-03-09 08:00:00+00:00,30.0,65.6,505.7,486.7,130.55,415.7,0.48,2.0,100190.0
1990-03-09 09:00:00+00:00,29.0,69.85,355.95,458.36,88.85,420.9,0.76,352.0,100150.0
1990-03-09 10:00:00+00:00,28.32,74.4,132.7,237.55,48.45,421.3,1.24,328.0,100180.0
1990-03-09 11:00:00+00:00,26.8,81.85,5.7,17.63,3.9,409.5,0.9,270.0,100280.0
1990-03-09 12:00:00+00:00,25.79,90.2,0.0,0.0,0.0,417.65,0.97,211.0,100400.0
1990-03-09 13:00:00+00:00,25.3,90.2,0.0,0.0,0.0,412.0,0.76,163.0,100460.0
1990-03-09 14:00:00+00:00,24.93,90.2,0.0,0.0,0.0,404.65,0.9,106.0,100530.0
1990-03-09 15:00:00+00:00,24.53,90.15,0.0,0.0,0.0,399.25,1.24,98.0,100580.0
1990-03-09 16:00:00+00:00,24.38,93.1,0.0,0.0,0.0,405.45,1.38,96.0,100620.0
1990-03-09 17:00:00+00:00,23.99,90.1,0.0,0.0,0.0,395.0,1.59,91.0,100590.0
1990-03-09 18:00:00+00:00,23.77,93.1,0.0,0.0,0.0,396.75,1.72,86.0,100520.0
1990-03-09 19:00:00+00:00,24.0,90.1,0.0,0.0,0.0,395.75,1.79,78.0,100400.0
1990-03-09 20:00:00+00:00,23.82,93.1,0.0,0.0,0.0,397.7,1.79,75.0,100360.0
1990-03-09 21:00:00+00:00,23.59,93.1,0.0,0.0,0.0,396.35,1.79,75.0,100360.0
1990-03-09 22:00:00+00:00,23.26,96.2,0.0,0.0,0.0,390.75,1.79,74.0,100400.0
1990-03-09 23:00:00+00:00,23.09,93.05,0.0,0.0,0.0,394.6,1.72,70.0,100450.0
1990-03-10 00:00:00+00:00,23.21,93.05,171.8,655.99,73.0,393.05,1.66,65.0,100540.0
1990-03-10 01:00:00+00:00,24.89,87.25,380.25,654.39,118.5,400.3,1.66,58.0,100590.0
1990-03-10 02:00:00+00:00,26.5,79.2,686.65,875.45,142.25,401.2,1.79,54.0,100630.0
1990-03-10 03:00:00+00:00,28.17,72.0,902.05,989.94,109.05,406.2,1.93,47.0,100610.0
1990-03-10 04:00:00+00:00,29.33,67.6,1001.55,935.58,135.75,399.05,1.72,40.0,100530.0
1990-03-10 05:00:00+00:00,30.13,63.5,976.1,807.0,180.05,405.45,1.59,27.0,100450.0
1990-03-10 06:00:00+00:00,30.4,63.5,777.1,556.86,231.4,416.1,1.17,15.0,100340.0
1990-03-10 07:00:00+00:00,30.5,61.55,747.85,663.8,146.15,426.15,1.31,339.0,100270.0
1990-03-10 08:00:00+00:00,30.22,63.5,559.7,560.53,127.6,422.1,1.38,332.0,100190.0
1990-03-10 09:00:00+00:00,29.85,65.5,348.95,420.16,104.2,416.45,1.38,329.0,100170.0
1990-03-10 10:00:00+00:00,29.25,67.6,142.4,269.2,47.05,416.65,1.31,319.0,100160.0
1990-03-10 11:00:00+00:00,28.36,74.4,7.65,27.1,4.9,414.55,1.24,284.0,100240.0
1990-03-10 12:00:00+00:00,27.31,81.9,0.0,0.0,0.0,412.0,1.31,248.0,100370.0
1990-03-10 13:00:00+00:00,26.46,84.55,0.0,0.0,0.0,415.1,1.03,229.0,100450.0
1990-03-10 14:00:00+00:00,25.96,87.3,0.0,0.0,0.0,413.2,0.55,183.0,100550.0
1990-03-10 15:00:00+00:00,25.43,90.2,0.0,0.0,0.0,415.9,1.17,88.0,100590.0
1990-03-10 16:00:00+00:00,25.05,90.2,0.0,0.0,0.0,411.25,1.38,79.0,100610.0
1990-03-10 17:00:00+00:00,24.85,90.15,0.0,0.0,0.0,411.85,1.45,81.0,100630.0
1990-03-10 18:00:00+00:00,24.7,90.15,0.0,0.0,0.0,413.0,1.31,93.0,100580.0
1990-03-10 19:00:00+00:00,24.97,93.15,0.0,0.0,0.0,432.75,0.69,48.0,100510.0
1990-03-10 20:00:00+00:00,25.03,93.15,0.0,0.0,0.0,432.35,0.62,71.0,100430.0
1990-03-10 21:00:00+00:00,24.84,96.2,0.0,0.0,0.0,421.9,0.48,105.0,100430.0
1990-03-10 22:00:00+00:00,24.39,96.2,0.0,0.0,0.0,406.8,0.69,116.0,100470.0
1990-03-10 23:00:00+00:00,24.03,96.2,0.0,0.0,0.0,405.45,0.9,101.0,100550.0
1990-03-11 00:00:00+00:00,24.07,96.2,199.7,895.39,63.45,397.9,0.97,83.0,100620.0
1990-03-11 01:00:00+00:00,25.82,90.2,439.0,832.2,104.8,399.55,1.17,89.0,100690.0
1990-03-11 02:00:00+00:00,27.14,81.9,642.4,798.86,144.4,403.7,1.1,95.0,100730.0
1990-03-11 03:00:00+00:00,28.19,79.4,813.55,833.98,144.3,413.2,0.55,130.0,100770.0
1990-03-11 04:00:00+00:00,29.08,79.55,867.95,751.33,171.75,411.05,0.62,190.0,100740.0
1990-03-11 05:00:00+00:00,30.05,70.0,793.35,593.43,207.4,421.7,1.03,225.0,100630.0
1990-03-11 06:00:00+00:00,30.03,70.0,827.9,704.35,137.2,427.9,1.45,242.0,100510.0
1990-03-11 07:00:00+00:00,29.67,72.25,682.45,570.36,165.25,422.85,1.79,228.0,100450.0
1990-03-11 08:00:00+00:00,28.84,74.5,450.0,384.74,153.4,422.1,1.31,220.0,100370.0
1990-03-11 09:00:00+00:00,28.36,76.85,235.0,254.09,87.05,429.45,0.34,301.0,100350.0
1990-03-11 10:00:00+00:00,28.28,76.85,106.3,162.85,48.7,422.85,0.69,328.0,100350.0
1990-03-11 11:00:00+00:00,27.4,81.9,6.15,11.91,4.95,420.55,0.55,308.0,100430.0
1990-03-11 12:00:00+00:00,26.39,87.3,0.0,0.0,0.0,413.95,0.69,321.0,100570.0
1990-03-11 13:00:00+00:00,25.84,90.2,0.0,0.0,0.0,419.55,0.62,8.0,100660.0
1990-03-11 14:00:00+00:00,25.14,90.2,0.0,0.0,0.0,411.25,0.83,46.0,100750.0
1990-03-11 15:00:00+00:00,24.82,93.15,0.0,0.0,0.0,421.5,0.97,70.0,100840.0
1990-03-11 16:00:00+00:00,24.45,93.15,0.0,0.0,0.0,414.35,0.83,74.0,100850.0
1990-03-11 17:00:00+00:00,23.83,96.2,0.0,0.0,0.0,408.75,0.55,64.0,100850.0
1990-03-11 18:00:00+00:00,23.79,96.2,0.0,0.0,0.0,421.3,0.76,62.0,100780.0
1990-03-11 19:00:00+00:00,22.52,93.05,0.0,0.0,0.0,402.9,0.9,35.0,100780.0
1990-03-11 20:00:00+00:00,22.27,93.05,0.0,0.0,0.0,401.95,1.17,53.0,100740.0
1990-03-11 21:00:00+00:00,22.05,87.05,0.0,0.0,0.0,414.15,1.59,70.0,100720.0
1990-03-11 22:00:00+00:00,21.93,87.05,0.0,0.0,0.0,413.55,1.38,74.0,100730.0
1990-03-11 23:00:00+00:00,21.68,89.95,0.0,0.0,0.0,394.2,1.24,75.0,100750.0
1990-03-12 00:00:00+00:00,21.9,90.0,188.25,811.07,63.55,395.2,1.17,63.0,100820.0
1990-03-12 01:00:00+00:00,23.63,90.1,419.45,756.98,114.25,391.4,0.83,56.0,100840.0
1990-03-12 02:00:00+00:00,25.72,84.45,702.2,945.87,111.1,393.45,0.48,8.0,100870.0
1990-03-12 03:00:00+00:00,27.42,79.3,809.4,819.23,150.85,397.3,0.9,269.0,100870.0
1990-03-12 04:00:00+00:00,28.32,76.85,871.65,779.47,148.45,405.85,1.45,249.0,100830.0
1990-03-12 05:00:00+00:00,28.86,79.5,943.6,766.52,186.05,415.5,1.86,250.0,100750.0
1990-03-12 06:00:00+00:00,29.24,77.0,866.15,712.11,167.4,418.2,2.41,259.0,100600.0
1990-03-12 07:00:00+00:00,29.49,72.25,702.15,562.96,191.5,418.4,2.83,280.0,100540.0
1990-03-12 08:00:00+00:00,28.53,76.95,478.65,482.1,107.0,424.0,2.41,281.0,100420.0
1990-03-12 09:00:00+00:00,28.13,79.4,370.25,466.02,99.05,420.55,2.48,302.0,100380.0
1990-03-12 10:00:00+00:00,27.95,79.4,142.0,258.25,50.8,408.15,2.0,326.0,100340.0
1990-03-12 11:00:00+00:00,27.36,81.9,8.1,27.99,5.3,406.0,0.97,311.0,100430.0
1990-03-12 12:00:00+00:00,26.54,84.55,0.0,0.0,0.0,405.05,1.1,286.0,100550.0
1990-03-12 13:00:00+00:00,25.84,93.15,0.0,0.0,0.0,401.2,0.69,283.0,100670.0
1990-03-12 14:00:00+00:00,25.37,90.2,0.0,0.0,0.0,401.4,0.69,345.0,100760.0
1990-03-12 15:00:00+00:00,24.8,93.15,0.0,0.0,0.0,401.95,1.03,17.0,100820.0
1990-03-12 16:00:00+00:00,24.44,93.15,0.0,0.0,0.0,402.55,1.03,30.0,100840.0
1990-03-12 17:00:00+00:00,23.95,93.1,0.0,0.0,0.0,395.2,1.17,31.0,100780.0
1990-03-12 18:00:00+00:00,23.59,96.2,0.0,0.0,0.0,404.85,0.97,32.0,100710.0
1990-03-12 19:00:00+00:00,23.68,93.1,0.0,0.0,0.0,393.45,1.17,36.0,100620.0
1990-03-12 20:00:00+00:00,23.64,93.1,0.0,0.0,0.0,402.75,1.03,44.0,100560.0
1990-03-12 21:00:00+00:00,23.67,93.1,0.0,0.0,0.0,408.75,0.97,47.0,100570.0
1990-03-12 22:00:00+00:00,23.33,96.2,0.0,0.0,0.0,397.9,1.1,54.0,100580.0
1990-03-12 23:00:00+00:00,23.12,96.2,0.0,0.0,0.0,399.05,1.03,57.0,100620.0
1990-03-13 00:00:00+00:00,23.47,93.1,174.15,558.74,87.35,402.9,0.97,54.0,100680.0
1990-03-13 01:00:00+00:00,26.11,87.3,349.65,545.47,128.85,413.1,0.97,60.0,100710.0
1990-03-13 02:00:00+00:00,27.36,79.3,633.35,768.85,151.7,408.75,0.83,80.0,100760.0
1990-03-13 03:00:00+00:00,28.67,72.1,814.5,809.95,162.3,403.1,0.55,52.0,100780.0
1990-03-13 04:00:00+00:00,29.62,67.7,944.0,866.89,138.7,416.3,0.76,350.0,100700.0
1990-03-13 05:00:00+00:00,30.41,63.5,914.95,748.4,174.65,407.2,0.9,330.0,100610.0
1990-03-13 06:00:00+00:00,30.66,61.55,845.3,704.43,153.7,415.7,0.9,308.0,100490.0
1990-03-13 07:00:00+00:00,30.8,63.6,720.1,633.74,145.1,412.6,1.86,297.0,100410.0
1990-03-13 08:00:00+00:00,30.49,63.6,525.5,431.95,192.55,418.8,2.0,292.0,100300.0
1990-03-13 09:00:00+00:00,30.13,65.6,343.8,426.76,95.6,418.8,2.07,293.0,100250.0
1990-03-13 10:00:00+00:00,29.62,69.95,134.5,229.47,53.6,414.55,2.14,285.0,100250.0
1990-03-13 11:00:00+00:00,28.6,76.95,5.9,19.64,3.95,417.25,2.07,279.0,100330.0
1990-03-13 12:00:00+00:00,27.54,81.95,0.0,0.0,0.0,417.05,1.52,277.0,100450.0
1990-03-13 13:00:00+00:00,26.6,84.55,0.0,0.0,0.0,412.8,0.21,295.0,100560.0
1990-03-13 14:00:00+00:00,25.51,90.2,0.0,0.0,0.0,414.9,1.52,86.0,100710.0
1990-03-13 15:00:00+00:00,25.09,90.2,0.0,0.0,0.0,427.1,1.79,88.0,100810.0
1990-03-13 16:00:00+00:00,24.43,90.15,0.0,0.0,0.0,405.85,1.59,90.0,100820.0
1990-03-13 17:00:00+00:00,24.13,90.1,0.0,0.0,0.0,404.65,1.17,82.0,100790.0
1990-03-13 18:00:00+00:00,23.95,90.1,0.0,0.0,0.0,408.55,1.03,76.0,100720.0
1990-03-13 19:00:00+00:00,24.44,93.15,0.0,0.0,0.0,413.55,0.28,325.0,100670.0
1990-03-13 20:00:00+00:00,24.09,93.1,0.0,0.0,0.0,411.65,0.62,265.0,100630.0
1990-03-13 21:00:00+00:00,24.07,93.1,0.0,0.0,0.0,424.8,0.69,228.0,100630.0
1990-03-13 22:00:00+00:00,23.8,96.2,0.0,0.0,0.0,425.55,0.41,169.0,100660.0
1990-03-13 23:00:00+00:00,23.67,96.2,0.0,0.0,0.0,420.75,0.69,136.0,100720.0
1990-03-14 00:00:00+00:00,23.68,96.2,138.35,398.49,75.8,417.25,0.69,150.0,100780.0
1990-03-14 01:00:00+00:00,24.26,93.1,345.6,482.04,149.7,407.5,1.17,124.0,100860.0
1990-03-14 02:00:00+00:00,25.63,87.3,484.55,503.77,168.2,403.9,1.31,113.0,100880.0
1990-03-14 03:00:00+00:00,26.9,84.55,691.6,492.57,294.3,412.2,1.17,103.0,100890.0
1990-03-14 04:00:00+00:00,28.2,79.4,797.5,451.21,377.85,419.0,0.76,107.0,100820.0
1990-03-14 05:00:00+00:00,29.21,77.0,776.6,385.46,395.0,429.85,0.28,146.0,100680.0
1990-03-14 06:00:00+00:00,29.64,74.65,743.35,449.66,301.65,435.45,0.41,214.0,100560.0
1990-03-14 07:00:00+00:00,30.12,77.15,584.8,297.52,314.8,434.85,1.03,196.0,100500.0
1990-03-14 08:00:00+00:00,30.0,74.7,419.65,231.16,241.5,432.9,1.45,200.0,100350.0
1990-03-14 09:00:00+00:00,29.74,77.1,326.6,308.16,147.5,435.85,1.66,204.0,100340.0
1990-03-14 10:00:00+00:00,28.58,76.95,124.5,173.91,63.3,426.15,1.66,217.0,100340.0
1990-03-14 11:00:00+00:00,27.04,81.9,5.55,18.78,3.7,412.2,0.48,233.0,100450.0
1990-03-14 12:00:00+00:00,26.43,84.55,0.0,0.0,0.0,411.65,0.34,306.0,100520.0
1990-03-14 13:00:00+00:00,26.01,90.2,0.0,0.0,0.0,413.2,0.28,353.0,100600.0
1990-03-14 14:00:00+00:00,25.72,93.15,0.0,0.0,0.0,418.6,0.28,54.0,100690.0
1990-03-14 15:00:00+00:00,25.19,93.15,0.0,0.0,0.0,412.0,0.48,72.0,100760.0
1990-03-14 16:00:00+00:00,24.57,93.15,0.0,0.0,0.0,405.85,0.69,52.0,100800.0
1990-03-14 17:00:00+00:00,24.35,96.2,0.0,0.0,0.0,412.0,0.69,36.0,100780.0
1990-03-14 18:00:00+00:00,23.97,96.2,0.0,0.0,0.0,405.65,0.83,44.0,100720.0
1990-03-14 19:00:00+00:00,23.87,96.2,0.0,0.0,0.0,409.5,0.41,45.0,100640.0
1990-03-14 20:00:00+00:00,23.56,96.2,0.0,0.0,0.0,407.55,0.62,41.0,100600.0
1990-03-14 21:00:00+00:00,23.55,96.2,0.0,0.0,0.0,408.35,0.83,42.0,100590.0
1990-03-14 22:00:00+00:00,23.56,96.2,0.0,0.0,0.0,413.2,0.76,31.0,100610.0
1990-03-14 23:00:00+00:00,23.3,96.2,0.0,0.0,0.0,405.85,1.03,10.0,100680.0
1990-03-15 00:00:00+00:00,23.54,93.1,162.6,493.37,84.35,399.85,1.03,10.0,100710.0
1990-03-15 01:00:00+00:00,25.12,90.2,400.35,694.83,116.85,409.6,1.03,7.0,100740.0
1990-03-15 02:00:00+00:00,26.57,84.55,631.6,765.4,149.8,408.9,1.03,355.0,100760.0
1990-03-15 03:00:00+00:00,28.07,79.4,867.1,930.55,115.3,408.75,0.83,329.0,100750.0
1990-03-15 04:00:00+00:00,29.26,77.0,945.25,819.8,181.9,409.5,1.17,299.0,100690.0
1990-03-15 05:00:00+00:00,29.94,74.65,982.9,820.52,169.95,417.05,1.45,284.0,100590.0
1990-03-15 06:00:00+00:00,30.39,72.35,859.3,708.01,163.5,416.65,1.66,268.0,100470.0
1990-03-15 07:00:00+00:00,30.81,63.6,707.35,639.53,126.9,412.6,1.59,287.0,100350.0
1990-03-15 08:00:00+00:00,30.64,63.6,592.6,624.27,111.6,418.6,1.52,285.0,100270.0
1990-03-15 09:00:00+00:00,30.6,63.6,398.95,534.85,88.35,416.45,1.24,292.0,100210.0
1990-03-15 10:00:00+00:00,30.29,65.6,151.05,299.94,45.7,415.5,1.24,287.0,100200.0
1990-03-15 11:00:00+00:00,29.33,74.55,7.5,25.59,5.0,412.6,1.45,271.0,100280.0
1990-03-15 12:00:00+00:00,28.05,79.4,0.0,0.0,0.0,417.65,1.59,258.0,100350.0
1990-03-15 13:00:00+00:00,27.22,84.6,0.0,0.0,0.0,416.65,1.45,260.0,100420.0
1990-03-15 14:00:00+00:00,26.6,90.25,0.0,0.0,0.0,417.65,1.1,286.0,100520.0
1990-03-15 15:00:00+00:00,25.99,93.2,0.0,0.0,0.0,414.75,0.97,9.0,100570.0
1990-03-15 16:00:00+00:00,25.84,93.15,0.0,0.0,0.0,427.1,1.1,51.0,100620.0
1990-03-15 17:00:00+00:00,25.43,93.15,0.0,0.0,0.0,429.85,1.03,62.0,100600.0
1990-03-15 18:00:00+00:00,24.95,90.2,0.0,0.0,0.0,432.55,0.41,63.0,100590.0
1990-03-15 19:00:00+00:00,24.07,93.1,0.0,0.0,0.0,415.5,0.55,4.0,100480.0
1990-03-15 20:00:00+00:00,23.52,93.1,0.0,0.0,0.0,410.1,0.97,18.0,100480.0
1990-03-15 21:00:00+00:00,23.3,96.2,0.0,0.0,0.0,411.65,1.52,21.0,100430.0
1990-03-15 22:00:00+00:00,23.16,96.2,0.0,0.0,0.0,405.45,1.86,31.0,100470.0
1990-03-15 23:00:00+00:00,23.17,96.2,0.0,0.0,0.0,406.8,1.38,49.0,100470.0
1990-03-16 00:00:00+00:00,23.42,93.1,163.45,592.81,68.45,403.9,1.38,52.0,100550.0
1990-03-16 01:00:00+00:00,24.86,90.15,380.55,654.13,112.6,407.85,1.31,50.0,100600.0
1990-03-16 02:00:00+00:00,26.56,84.55,598.55,743.77,129.25,408.15,1.24,50.0,100600.0
1990-03-16 03:00:00+00:00,28.03,79.4,775.15,743.94,173.15,414.75,0.69,82.0,100630.0
1990-03-16 04:00:00+00:00,29.09,77.0,790.9,599.03,232.5,413.75,0.41,170.0,100610.0
1990-03-16 05:00:00+00:00,29.89,72.25,617.65,406.1,215.0,432.9,1.38,214.0,100490.0
1990-03-16 06:00:00+00:00,28.4,76.85,753.15,518.58,243.3,435.65,1.38,217.0,100420.0
1990-03-16 07:00:00+00:00,29.19,79.55,666.85,489.87,222.2,425.75,2.07,232.0,100340.0
1990-03-16 08:00:00+00:00,29.37,79.55,373.2,245.44,184.15,420.9,1.72,232.0,100250.0
1990-03-16 09:00:00+00:00,27.41,84.6,268.1,172.35,168.1,428.65,1.45,288.0,100290.0
1990-03-16 10:00:00+00:00,26.8,84.55,90.35,87.58,59.65,430.2,1.31,325.0,100320.0
1990-03-16 11:00:00+00:00,26.44,84.55,4.85,7.23,4.15,415.1,1.24,352.0,100320.0
1990-03-16 12:00:00+00:00,25.81,90.2,0.0,0.0,0.0,409.3,1.17,351.0,100460.0
1990-03-16 13:00:00+00:00,25.46,90.2,0.0,0.0,0.0,413.0,0.83,2.0,100540.0
1990-03-16 14:00:00+00:00,25.14,90.2,0.0,0.0,0.0,416.45,1.03,20.0,100590.0
1990-03-16 15:00:00+00:00,24.79,93.15,0.0,0.0,0.0,409.7,1.03,52.0,100620.0
1990-03-16 16:00:00+00:00,24.47,93.15,0.0,0.0,0.0,408.15,0.76,84.0,100660.0
1990-03-16 17:00:00+00:00,24.17,96.2,0.0,0.0,0.0,404.1,0.55,61.0,100670.0
1990-03-16 18:00:00+00:00,23.83,96.2,0.0,0.0,0.0,407.95,0.41,52.0,100640.0
1990-03-16 19:00:00+00:00,23.8,96.2,0.0,0.0,0.0,413.0,0.9,20.0,100540.0
1990-03-16 20:00:00+00:00,23.76,96.2,0.0,0.0,0.0,416.45,1.03,16.0,100480.0
1990-03-16 21:00:00+00:00,23.57,96.2,0.0,0.0,0.0,419.2,0.97,21.0,100510.0
1990-03-16 22:00:00+00:00,23.37,99.4,0.0,0.0,0.0,424.0,0.9,42.0,100540.0
1990-03-16 23:00:00+00:00,23.28,96.2,0.0,0.0,0.0,424.2,0.76,58.0,100560.0
1990-03-17 00:00:00+00:00,23.35,96.2,128.45,215.23,93.6,421.3,0.97,62.0,100620.0
1990-03-17 01:00:00+00:00,24.14,93.1,347.6,534.6,127.75,418.9,1.03,55.0,100650.0
1990-03-17 02:00:00+00:00,25.91,90.2,564.95,576.8,200.15,414.35,0.41,43.0,100690.0
1990-03-17 03:00:00+00:00,27.35,81.9,796.95,748.14,190.6,414.35,0.41,316.0,100730.0
1990-03-17 04:00:00+00:00,28.58,79.5,818.8,502.91,349.5,411.85,0.9,282.0,100720.0
1990-03-17 05:00:00+00:00,29.46,72.25,705.5,454.5,254.55,429.25,1.79,255.0,100570.0
1990-03-17 06:00:00+00:00,28.84,76.95,771.9,613.51,168.5,425.95,2.21,245.0,100430.0
1990-03-17 07:00:00+00:00,28.35,82.05,538.0,422.98,154.05,424.6,1.72,237.0,100310.0
1990-03-17 08:00:00+00:00,28.44,82.05,374.9,284.29,156.0,417.85,0.83,324.0,100270.0
1990-03-17 09:00:00+00:00,28.35,82.05,292.6,289.04,125.05,426.15,0.97,271.0,100310.0
1990-03-17 10:00:00+00:00,27.73,81.95,107.9,152.81,54.45,417.05,0.69,273.0,100300.0
1990-03-17 11:00:00+00:00,27.19,84.6,5.0,15.11,3.55,425.2,0.62,261.0,100350.0
1990-03-17 12:00:00+00:00,26.23,87.3,0.0,0.0,0.0,420.9,0.9,279.0,100490.0
1990-03-17 13:00:00+00:00,25.32,90.2,0.0,0.0,0.0,427.3,0.21,340.0,100600.0
1990-03-17 14:00:00+00:00,24.99,93.15,0.0,0.0,0.0,427.9,0.62,352.0,100670.0
1990-03-17 15:00:00+00:00,24.85,96.2,0.0,0.0,0.0,421.3,0.83,21.0,100730.0
1990-03-17 16:00:00+00:00,24.49,93.15,0.0,0.0,0.0,409.1,1.03,47.0,100770.0
1990-03-17 17:00:00+00:00,24.24,96.2,0.0,0.0,0.0,410.3,0.97,49.0,100750.0
1990-03-17 18:00:00+00:00,23.87,99.4,0.0,0.0,0.0,406.4,0.83,62.0,100710.0
1990-03-17 19:00:00+00:00,24.14,96.2,0.0,0.0,0.0,409.1,0.62,109.0,100610.0
1990-03-17 20:00:00+00:00,24.23,96.2,0.0,0.0,0.0,408.15,0.55,105.0,100590.0
1990-03-17 21:00:00+00:00,23.8,96.2,0.0,0.0,0.0,407.4,0.55,24.0,100600.0
1990-03-17 22:00:00+00:00,23.55,96.2,0.0,0.0,0.0,409.1,0.9,23.0,100650.0
1990-03-17 23:00:00+00:00,23.73,96.2,0.0,0.0,0.0,417.25,0.83,53.0,100690.0
1990-03-18 00:00:00+00:00,24.18,96.2,149.15,361.57,90.0,416.65,0.69,73.0,100750.0
1990-03-18 01:00:00+00:00,25.61,93.15,388.0,586.53,145.85,420.05,0.83,81.0,100810.0
1990-03-18 02:00:00+00:00,26.9,90.25,530.35,536.75,190.1,414.75,1.1,91.0,100830.0
1990-03-18 03:00:00+00:00,27.95,84.7,665.85,440.06,308.65,425.4,0.69,94.0,100860.0
1990-03-18 04:00:00+00:00,29.09,74.55,722.5,453.41,298.95,431.55,0.28,163.0,100810.0
1990-03-18 05:00:00+00:00,29.74,72.25,653.8,430.03,226.85,439.5,0.9,193.0,100700.0
1990-03-18 06:00:00+00:00,29.7,72.25,773.6,572.72,210.15,434.3,1.38,195.0,100590.0
1990-03-18 07:00:00+00:00,29.27,74.55,586.1,366.81,253.15,432.9,1.45,212.0,100470.0
1990-03-18 08:00:00+00:00,28.18,79.4,389.95,169.56,259.45,433.9,1.38,232.0,100400.0
1990-03-18 09:00:00+00:00,28.15,79.4,210.1,105.77,148.85,420.9,0.21,346.0,100410.0
1990-03-18 10:00:00+00:00,27.49,79.35,82.2,38.4,68.8,428.45,0.41,111.0,100450.0
1990-03-18 11:00:00+00:00,25.77,90.2,2.35,0.0,2.35,419.4,0.28,126.0,100570.0
1990-03-18 12:00:00+00:00,24.82,93.15,0.0,0.0,0.0,425.75,0.41,233.0,100670.0
1990-03-18 13:00:00+00:00,24.25,96.2,0.0,0.0,0.0,419.2,0.07,296.0,100770.0
1990-03-18 14:00:00+00:00,23.97,93.1,0.0,0.0,0.0,418.2,0.62,79.0,100850.0
1990-03-18 15:00:00+00:00,23.82,96.2,0.0,0.0,0.0,417.85,0.83,61.0,100900.0
1990-03-18 16:00:00+00:00,23.54,96.2,0.0,0.0,0.0,411.85,0.48,87.0,100910.0
1990-03-18 17:00:00+00:00,23.33,96.2,0.0,0.0,0.0,411.05,0.9,99.0,100900.0
1990-03-18 18:00:00+00:00,23.32,96.2,0.0,0.0,0.0,418.4,1.31,79.0,100820.0
1990-03-18 19:00:00+00:00,23.71,96.2,0.0,0.0,0.0,404.65,0.97,73.0,100690.0
1990-03-18 20:00:00+00:00,23.54,96.2,0.0,0.0,0.0,404.65,0.76,91.0,100660.0
1990-03-18 21:00:00+00:00,23.2,96.2,0.0,0.0,0.0,398.85,0.62,74.0,100700.0
1990-03-18 22:00:00+00:00,22.99,96.2,0.0,0.0,0.0,398.45,1.17,52.0,100700.0
1990-03-18 23:00:00+00:00,23.1,96.2,0.0,0.0,0.0,404.45,1.17,59.0,100700.0
1990-03-19 00:00:00+00:00,23.29,96.2,218.95,831.65,81.5,395.95,0.48,63.0,100740.0
1990-03-19 01:00:00+00:00,25.31,90.2,429.3,689.7,143.45,397.8,0.07,41.0,100780.0
1990-03-19 02:00:00+00:00,26.54,81.85,632.85,743.83,160.25,411.05,0.48,231.0,100820.0
1990-03-19 03:00:00+00:00,27.51,81.95,644.15,555.46,192.6,413.55,0.97,232.0,100870.0
1990-03-19 04:00:00+00:00,28.17,84.7,755.5,560.07,231.8,419.0,1.24,238.0,100870.0
1990-03-19 05:00:00+00:00,29.11,74.55,684.75,338.62,348.35,427.3,1.72,246.0,100760.0
1990-03-19 06:00:00+00:00,27.32,81.9,667.3,415.77,258.15,433.1,2.41,247.0,100720.0
1990-03-19 07:00:00+00:00,28.16,84.7,697.35,556.85,191.95,425.75,1.45,252.0,100600.0
1990-03-19 08:00:00+00:00,28.77,84.75,551.3,500.16,166.55,423.05,1.31,272.0,100480.0
1990-03-19 09:00:00+00:00,29.21,79.55,302.35,299.85,128.9,420.35,2.07,269.0,100430.0
1990-03-19 10:00:00+00:00,26.55,84.55,84.05,62.47,62.3,416.45,1.79,266.0,100570.0
1990-03-19 11:00:00+00:00,25.54,87.3,2.9,3.19,2.6,418.0,0.62,324.0,100630.0
1990-03-19 12:00:00+00:00,25.18,90.2,0.0,0.0,0.0,416.65,0.55,310.0,100720.0
1990-03-19 13:00:00+00:00,24.78,93.15,0.0,0.0,0.0,415.1,0.9,18.0,100800.0
1990-03-19 14:00:00+00:00,24.58,93.15,0.0,0.0,0.0,412.8,0.97,37.0,100900.0
1990-03-19 15:00:00+00:00,24.23,96.2,0.0,0.0,0.0,400.8,1.1,37.0,100960.0
1990-03-19 16:00:00+00:00,24.06,93.1,0.0,0.0,0.0,405.65,1.03,34.0,101000.0
1990-03-19 17:00:00+00:00,23.8,96.2,0.0,0.0,0.0,407.2,0.55,50.0,100940.0
1990-03-19 18:00:00+00:00,23.42,96.2,0.0,0.0,0.0,405.05,0.55,83.0,100880.0
1990-03-19 19:00:00+00:00,24.21,96.2,0.0,0.0,0.0,411.25,0.07,351.0,100720.0
1990-03-19 20:00:00+00:00,23.83,96.2,0.0,0.0,0.0,405.85,0.34,318.0,100710.0
1990-03-19 21:00:00+00:00,23.42,96.2,0.0,0.0,0.0,407.4,0.97,24.0,100710.0
1990-03-19 22:00:00+00:00,23.55,96.2,0.0,0.0,0.0,422.1,0.76,9.0,100710.0
1990-03-19 23:00:00+00:00,23.43,93.1,0.0,0.0,0.0,411.05,0.83,347.0,100750.0
1990-03-20 00:00:00+00:00,23.65,96.2,188.3,539.33,98.25,400.4,0.69,17.0,100790.0
1990-03-20 01:00:00+00:00,25.11,87.3,401.3,522.65,183.85,404.0,0.83,16.0,100810.0
1990-03-20 02:00:00+00:00,26.54,81.85,580.45,573.35,215.35,406.4,1.17,5.0,100820.0
1990-03-20 03:00:00+00:00,27.77,79.35,778.15,698.38,209.6,416.1,1.03,344.0,100820.0
1990-03-20 04:00:00+00:00,28.81,79.5,867.1,681.08,229.65,421.5,1.1,314.0,100780.0
1990-03-20 05:00:00+00:00,29.64,74.65,767.75,565.61,205.55,430.6,1.79,289.0,100670.0
1990-03-20 06:00:00+00:00,29.06,77.0,430.55,158.04,275.0,436.0,2.34,267.0,100600.0
1990-03-20 07:00:00+00:00,27.14,81.9,530.7,261.0,293.85,425.2,1.59,274.0,100640.0
1990-03-20 08:00:00+00:00,27.6,81.95,401.2,291.87,176.8,420.9,1.59,274.0,100520.0
1990-03-20 09:00:00+00:00,27.62,79.35,209.75,102.29,150.65,419.95,1.93,307.0,100490.0
1990-03-20 10:00:00+00:00,27.28,79.3,63.05,27.21,53.6,427.9,2.0,305.0,100470.0
1990-03-20 11:00:00+00:00,26.76,84.55,2.7,0.0,2.7,424.6,1.66,309.0,100560.0
1990-03-20 12:00:00+00:00,26.16,87.3,0.0,0.0,0.0,423.05,1.59,307.0,100630.0
1990-03-20 13:00:00+00:00,25.79,90.2,0.0,0.0,0.0,423.65,1.31,300.0,100710.0
1990-03-20 14:00:00+00:00,25.47,90.2,0.0,0.0,0.0,422.85,1.17,300.0,100800.0
1990-03-20 15:00:00+00:00,25.17,90.2,0.0,0.0,0.0,421.1,1.59,311.0,100850.0
1990-03-20 16:00:00+00:00,24.97,87.3,0.0,0.0,0.0,422.3,1.93,327.0,100850.0
1990-03-20 17:00:00+00:00,24.63,90.15,0.0,0.0,0.0,412.6,1.86,349.0,100810.0
1990-03-20 18:00:00+00:00,24.43,87.25,0.0,0.0,0.0,414.75,1.59,349.0,100730.0
1990-03-20 19:00:00+00:00,24.45,90.15,0.0,0.0,0.0,413.2,1.1,360.0,100620.0
1990-03-20 20:00:00+00:00,24.09,90.1,0.0,0.0,0.0,403.1,0.97,13.0,100570.0
1990-03-20 21:00:00+00:00,23.91,90.1,0.0,0.0,0.0,399.85,0.62,35.0,100600.0
1990-03-20 22:00:00+00:00,23.5,93.1,0.0,0.0,0.0,403.1,0.62,51.0,100640.0
1990-03-20 23:00:00+00:00,23.22,96.2,0.0,0.0,0.0,413.0,0.9,40.0,100670.0
1990-03-21 00:00:00+00:00,23.51,93.1,160.55,402.88,92.6,392.1,0.97,40.0,100720.0
1990-03-21 01:00:00+00:00,25.78,87.3,388.4,595.24,139.8,406.3,0.83,28.0,100750.0
1990-03-21 02:00:00+00:00,27.48,74.3,637.25,734.19,168.7,406.6,1.1,358.0,100780.0
1990-03-21 03:00:00+00:00,28.82,69.75,818.55,795.89,169.7,406.0,1.66,332.0,100780.0
1990-03-21 04:00:00+00:00,29.79,65.5,964.9,861.63,157.75,407.75,2.34,319.0,100720.0
1990-03-21 05:00:00+00:00,30.44,65.6,875.3,647.33,231.55,409.3,3.03,310.0,100620.0
1990-03-21 06:00:00+00:00,30.53,63.6,857.0,671.62,195.85,417.05,3.31,304.0,100520.0
1990-03-21 07:00:00+00:00,30.21,65.6,671.4,531.53,189.15,418.2,3.66,297.0,100480.0
1990-03-21 08:00:00+00:00,29.74,67.7,565.35,580.14,119.6,418.4,3.86,293.0,100380.0
1990-03-21 09:00:00+00:00,29.27,69.85,338.35,420.58,95.65,412.4,3.79,294.0,100320.0
1990-03-21 10:00:00+00:00,28.7,74.5,139.7,252.99,52.05,412.6,3.1,302.0,100380.0
1990-03-21 11:00:00+00:00,27.83,79.35,5.65,16.26,4.15,407.95,2.48,304.0,100440.0
1990-03-21 12:00:00+00:00,26.92,84.55,0.0,0.0,0.0,407.75,2.0,314.0,100510.0
1990-03-21 13:00:00+00:00,26.35,87.3,0.0,0.0,0.0,409.5,1.79,323.0,100600.0
1990-03-21 14:00:00+00:00,25.83,90.2,0.0,0.0,0.0,406.6,1.66,335.0,100670.0
1990-03-21 15:00:00+00:00,25.28,90.2,0.0,0.0,0.0,402.55,1.31,354.0,100760.0
1990-03-21 16:00:00+00:00,24.86,93.15,0.0,0.0,0.0,404.65,1.1,13.0,100770.0
1990-03-21 17:00:00+00:00,24.49,93.15,0.0,0.0,0.0,404.85,0.97,25.0,100740.0
1990-03-21 18:00:00+00:00,24.03,93.1,0.0,0.0,0.0,400.0,0.97,36.0,100680.0
1990-03-21 19:00:00+00:00,24.24,93.1,0.0,0.0,0.0,405.25,0.97,45.0,100550.0
1990-03-21 20:00:00+00:00,23.91,93.1,0.0,0.0,0.0,400.0,1.03,42.0,100500.0
1990-03-21 21:00:00+00:00,23.69,96.2,0.0,0.0,0.0,400.4,1.1,35.0,100490.0
1990-03-21 22:00:00+00:00,23.32,96.2,0.0,0.0,0.0,394.8,1.17,58.0,100520.0
1990-03-21 23:00:00+00:00,23.24,96.2,0.0,0.0,0.0,407.0,0.83,57.0,100540.0
1990-03-22 00:00:00+00:00,23.69,96.2,159.7,273.83,113.05,412.0,0.83,52.0,100580.0
1990-03-22 01:00:00+00:00,25.71,93.15,397.7,616.25,139.35,410.8,0.76,57.0,100610.0
1990-03-22 02:00:00+00:00,27.59,79.35,667.3,795.22,158.7,405.85,0.69,44.0,100640.0
1990-03-22 03:00:00+00:00,28.92,74.5,728.0,553.61,276.05,407.75,0.9,39.0,100630.0
1990-03-22 04:00:00+00:00,29.83,67.7,728.25,445.14,310.9,422.3,0.97,24.0,100590.0
1990-03-22 05:00:00+00:00,30.39,63.5,826.95,443.9,385.3,428.45,0.97,357.0,100480.0
1990-03-22 06:00:00+00:00,30.92,61.55,795.9,536.41,267.8,423.65,1.1,332.0,100370.0
1990-03-22 07:00:00+00:00,31.0,59.65,692.05,532.6,208.95,421.7,1.52,285.0,100320.0
1990-03-22 08:00:00+00:00,30.66,63.6,536.85,512.62,143.25,423.85,1.79,278.0,100260.0
1990-03-22 09:00:00+00:00,30.15,65.6,334.35,422.17,91.05,427.9,2.07,268.0,100240.0
1990-03-22 10:00:00+00:00,29.48,69.95,98.4,134.42,51.95,426.35,2.14,267.0,100240.0
1990-03-22 11:00:00+00:00,28.31,79.4,4.3,7.12,3.65,421.7,1.79,262.0,100330.0
1990-03-22 12:00:00+00:00,27.46,81.95,0.0,0.0,0.0,426.75,1.52,266.0,100430.0
1990-03-22 13:00:00+00:00,26.65,87.35,0.0,0.0,0.0,425.95,0.83,304.0,100490.0
1990-03-22 14:00:00+00:00,26.34,90.2,0.0,0.0,0.0,429.45,0.76,357.0,100570.0
1990-03-22 15:00:00+00:00,26.04,90.2,0.0,0.0,0.0,425.95,1.03,43.0,100640.0
1990-03-22 16:00:00+00:00,25.73,93.15,0.0,0.0,0.0,424.8,1.1,44.0,100650.0
1990-03-22 17:00:00+00:00,25.48,93.15,0.0,0.0,0.0,425.0,0.76,46.0,100690.0
1990-03-22 18:00:00+00:00,25.0,90.2,0.0,0.0,0.0,421.1,0.76,51.0,100670.0
1990-03-22 19:00:00+00:00,25.06,93.15,0.0,0.0,0.0,416.85,1.24,56.0,100530.0
1990-03-22 20:00:00+00:00,24.83,93.15,0.0,0.0,0.0,415.3,1.31,73.0,100470.0
1990-03-22 21:00:00+00:00,24.5,93.15,0.0,0.0,0.0,412.4,1.03,94.0,100480.0
1990-03-22 22:00:00+00:00,24.29,96.2,0.0,0.0,0.0,415.7,0.97,125.0,100540.0
1990-03-22 23:00:00+00:00,23.98,96.2,0.0,0.0,0.0,409.9,0.97,102.0,100560.0
1990-03-23 00:00:00+00:00,24.6,93.15,178.4,566.38,80.95,417.45,0.69,96.0,100600.0
1990-03-23 01:00:00+00:00,26.08,90.2,445.55,795.28,110.9,412.3,0.76,125.0,100630.0
1990-03-23 02:00:00+00:00,27.44,84.65,631.3,738.39,158.05,410.85,0.9,149.0,100660.0
1990-03-23 03:00:00+00:00,28.54,82.1,744.1,702.13,170.15,415.5,1.03,159.0,100690.0
1990-03-23 04:00:00+00:00,29.82,74.65,646.25,412.92,258.8,423.65,1.1,168.0,100640.0
1990-03-23 05:00:00+00:00,30.05,72.35,685.95,461.76,226.35,436.0,1.1,189.0,100540.0
1990-03-23 06:00:00+00:00,30.31,72.35,791.0,628.45,172.25,434.45,1.1,198.0,100420.0
1990-03-23 07:00:00+00:00,31.18,67.95,605.8,477.24,173.05,431.55,0.97,197.0,100260.0
1990-03-23 08:00:00+00:00,31.23,65.8,551.1,524.34,148.8,437.75,1.24,211.0,100180.0
1990-03-23 09:00:00+00:00,29.28,74.55,255.8,177.41,153.7,428.65,1.52,221.0,100230.0
1990-03-23 10:00:00+00:00,28.24,79.4,87.05,89.52,56.2,427.7,0.55,269.0,100260.0
1990-03-23 11:00:00+00:00,27.65,81.95,5.05,10.52,4.1,428.45,0.41,61.0,100380.0
1990-03-23 12:00:00+00:00,26.56,87.35,0.0,0.0,0.0,418.2,0.41,81.0,100450.0
1990-03-23 13:00:00+00:00,25.66,93.15,0.0,0.0,0.0,416.3,1.03,46.0,100570.0
1990-03-23 14:00:00+00:00,25.21,93.15,0.0,0.0,0.0,418.6,1.03,55.0,100680.0
1990-03-23 15:00:00+00:00,24.9,93.15,0.0,0.0,0.0,413.2,1.38,64.0,100740.0
1990-03-23 16:00:00+00:00,24.67,93.15,0.0,0.0,0.0,413.55,1.38,51.0,100750.0
1990-03-23 17:00:00+00:00,24.41,93.15,0.0,0.0,0.0,418.6,1.45,37.0,100750.0
1990-03-23 18:00:00+00:00,24.13,93.1,0.0,0.0,0.0,411.25,1.72,51.0,100690.0
1990-03-23 19:00:00+00:00,24.65,96.2,0.0,0.0,0.0,412.2,0.55,19.0,100530.0
1990-03-23 20:00:00+00:00,24.61,93.15,0.0,0.0,0.0,405.25,0.07,120.0,100530.0
1990-03-23 21:00:00+00:00,24.35,96.2,0.0,0.0,0.0,417.85,0.34,54.0,100560.0
1990-03-23 22:00:00+00:00,24.19,96.2,0.0,0.0,0.0,421.7,0.48,54.0,100590.0
1990-03-23 23:00:00+00:00,24.14,96.2,0.0,0.0,0.0,422.45,0.62,67.0,100630.0
1990-03-24 00:00:00+00:00,24.28,96.2,108.55,201.43,73.55,419.55,0.9,74.0,100690.0
1990-03-24 01:00:00+00:00,25.02,87.3,321.0,455.9,128.45,418.15,1.24,82.0,100760.0
1990-03-24 02:00:00+00:00,26.17,84.5,476.65,444.29,191.3,415.1,1.66,88.0,100820.0
1990-03-24 03:00:00+00:00,27.34,81.9,663.65,462.13,285.4,416.85,1.31,95.0,100810.0
1990-03-24 04:00:00+00:00,28.34,82.05,752.3,430.39,348.15,426.75,0.83,104.0,100780.0
1990-03-24 05:00:00+00:00,29.4,77.0,638.1,224.67,414.4,435.85,0.48,170.0,100650.0
1990-03-24 06:00:00+00:00,29.76,74.65,689.35,370.73,324.35,441.45,0.97,216.0,100510.0
1990-03-24 07:00:00+00:00,28.68,79.5,619.0,385.69,269.4,419.55,1.38,201.0,100430.0
1990-03-24 08:00:00+00:00,28.98,77.0,312.05,119.68,220.3,429.85,1.38,217.0,100380.0
1990-03-24 09:00:00+00:00,27.7,81.95,221.9,162.26,128.65,429.45,0.62,266.0,100430.0
1990-03-24 10:00:00+00:00,26.83,84.55,70.85,69.69,46.9,424.8,1.03,345.0,100490.0
1990-03-24 11:00:00+00:00,25.76,90.2,3.5,1.68,3.35,423.45,1.17,23.0,100550.0
1990-03-24 12:00:00+00:00,25.31,90.2,0.0,0.0,0.0,424.6,1.45,54.0,100580.0
1990-03-24 13:00:00+00:00,25.03,90.2,0.0,0.0,0.0,415.5,1.03,54.0,100640.0
1990-03-24 14:00:00+00:00,24.62,93.15,0.0,0.0,0.0,405.05,0.69,18.0,100750.0
1990-03-24 15:00:00+00:00,24.45,93.15,0.0,0.0,0.0,410.85,0.34,28.0,100810.0
1990-03-24 16:00:00+00:00,24.32,96.2,0.0,0.0,0.0,415.3,0.69,64.0,100830.0
1990-03-24 17:00:00+00:00,24.03,96.2,0.0,0.0,0.0,411.05,0.76,37.0,100790.0
1990-03-24 18:00:00+00:00,23.97,96.2,0.0,0.0,0.0,417.85,0.48,10.0,100730.0
1990-03-24 19:00:00+00:00,23.83,96.2,0.0,0.0,0.0,415.5,0.48,333.0,100670.0
1990-03-24 20:00:00+00:00,23.74,96.2,0.0,0.0,0.0,423.65,0.83,27.0,100600.0
1990-03-24 21:00:00+00:00,23.48,96.2,0.0,0.0,0.0,413.0,0.97,44.0,100610.0
1990-03-24 22:00:00+00:00,23.31,99.4,0.0,0.0,0.0,415.9,1.1,53.0,100620.0
1990-03-24 23:00:00+00:00,23.01,96.2,0.0,0.0,0.0,412.4,0.97,50.0,100640.0
1990-03-25 00:00:00+00:00,23.27,96.2,201.8,611.84,94.45,416.1,0.9,63.0,100710.0
1990-03-25 01:00:00+00:00,25.19,93.15,418.45,623.98,153.95,414.65,0.9,77.0,100750.0
1990-03-25 02:00:00+00:00,27.01,84.6,692.65,862.93,137.3,416.1,0.9,82.0,100790.0
1990-03-25 03:00:00+00:00,28.63,74.5,840.3,860.17,135.4,409.3,0.69,77.0,100780.0
1990-03-25 04:00:00+00:00,29.83,69.95,858.9,726.46,176.25,417.45,0.21,87.0,100720.0
1990-03-25 05:00:00+00:00,30.38,70.0,883.25,728.83,157.35,419.75,0.41,213.0,100620.0
1990-03-25 06:00:00+00:00,30.78,67.85,899.9,703.1,207.7,425.2,0.97,232.0,100510.0
1990-03-25 07:00:00+00:00,31.18,70.2,695.05,507.53,235.2,431.2,1.17,254.0,100390.0
1990-03-25 08:00:00+00:00,31.0,70.2,450.25,361.76,173.15,434.85,1.59,257.0,100280.0
1990-03-25 09:00:00+00:00,29.36,77.0,279.95,286.59,115.5,434.85,2.0,241.0,100240.0
1990-03-25 10:00:00+00:00,28.16,79.4,72.05,59.38,51.7,432.35,1.24,253.0,100330.0
1990-03-25 11:00:00+00:00,26.96,84.6,3.3,6.23,2.75,424.8,0.41,357.0,100410.0
1990-03-25 12:00:00+00:00,26.39,93.2,0.0,0.0,0.0,423.45,0.83,36.0,100490.0
1990-03-25 13:00:00+00:00,26.14,93.2,0.0,0.0,0.0,432.15,0.62,49.0,100600.0
1990-03-25 14:00:00+00:00,25.71,96.25,0.0,0.0,0.0,434.65,0.55,91.0,100710.0
1990-03-25 15:00:00+00:00,25.39,96.25,0.0,0.0,0.0,425.95,0.69,110.0,100790.0
1990-03-25 16:00:00+00:00,25.18,96.25,0.0,0.0,0.0,421.1,0.28,64.0,100830.0
1990-03-25 17:00:00+00:00,24.82,96.2,0.0,0.0,0.0,415.5,0.21,66.0,100800.0
1990-03-25 18:00:00+00:00,24.82,96.2,0.0,0.0,0.0,426.9,0.55,70.0,100720.0
1990-03-25 19:00:00+00:00,24.5,93.15,0.0,0.0,0.0,422.85,1.1,79.0,100590.0
1990-03-25 20:00:00+00:00,24.22,93.1,0.0,0.0,0.0,425.75,0.9,83.0,100560.0
1990-03-25 21:00:00+00:00,23.84,93.1,0.0,0.0,0.0,422.85,0.97,98.0,100560.0
1990-03-25 22:00:00+00:00,23.73,96.2,0.0,0.0,0.0,424.0,0.9,103.0,100610.0
1990-03-25 23:00:00+00:00,23.6,96.2,0.0,0.0,0.0,416.1,0.55,113.0,100670.0
1990-03-26 00:00:00+00:00,23.45,93.1,66.85,46.01,58.7,414.95,0.55,150.0,100750.0
1990-03-26 01:00:00+00:00,23.96,90.1,171.1,99.43,128.8,413.5,0.9,156.0,100850.0
1990-03-26 02:00:00+00:00,24.9,90.15,456.15,410.65,191.35,414.55,1.1,174.0,100910.0
1990-03-26 03:00:00+00:00,26.4,84.5,611.7,408.25,276.75,409.9,1.03,141.0,100910.0
1990-03-26 04:00:00+00:00,27.8,81.95,798.0,503.88,324.2,421.1,1.31,157.0,100860.0
1990-03-26 05:00:00+00:00,28.89,79.5,561.7,354.19,208.85,426.9,1.59,188.0,100760.0
1990-03-26 06:00:00+00:00,28.03,82.05,782.3,579.64,211.7,432.35,1.52,187.0,100650.0
1990-03-26 07:00:00+00:00,29.7,74.65,581.15,450.24,173.4,427.1,0.62,160.0,100450.0
1990-03-26 08:00:00+00:00,29.88,74.65,436.9,345.1,172.8,427.1,0.76,134.0,100360.0
1990-03-26 09:00:00+00:00,29.15,74.55,233.4,185.54,127.1,420.9,0.69,87.0,100340.0
1990-03-26 10:00:00+00:00,28.01,76.85,110.05,136.39,63.45,419.55,0.9,111.0,100350.0
1990-03-26 11:00:00+00:00,27.38,84.6,4.9,6.3,4.35,415.7,0.55,174.0,100430.0
1990-03-26 12:00:00+00:00,26.46,87.35,0.0,0.0,0.0,411.85,1.03,225.0,100600.0
1990-03-26 13:00:00+00:00,25.87,93.15,0.0,0.0,0.0,412.2,0.83,210.0,100680.0
1990-03-26 14:00:00+00:00,25.5,93.15,0.0,0.0,0.0,408.9,1.03,150.0,100800.0
1990-03-26 15:00:00+00:00,25.14,93.15,0.0,0.0,0.0,411.05,1.24,127.0,100910.0
1990-03-26 16:00:00+00:00,24.82,93.15,0.0,0.0,0.0,408.75,0.97,84.0,100900.0
1990-03-26 17:00:00+00:00,24.59,93.15,0.0,0.0,0.0,413.0,1.03,67.0,100840.0
1990-03-26 18:00:00+00:00,24.16,93.1,0.0,0.0,0.0,402.35,1.24,90.0,100780.0
1990-03-26 19:00:00+00:00,24.32,96.2,0.0,0.0,0.0,402.15,1.38,84.0,100640.0
1990-03-26 20:00:00+00:00,24.16,96.2,0.0,0.0,0.0,401.95,1.24,88.0,100580.0
1990-03-26 21:00:00+00:00,23.89,96.2,0.0,0.0,0.0,397.7,1.24,79.0,100590.0
1990-03-26 22:00:00+00:00,23.63,96.2,0.0,0.0,0.0,398.3,1.1,72.0,100620.0
1990-03-26 23:00:00+00:00,23.47,96.2,0.0,0.0,0.0,400.2,1.1,75.0,100670.0
1990-03-27 00:00:00+00:00,23.83,96.2,186.05,458.26,104.1,394.6,0.83,81.0,100750.0
1990-03-27 01:00:00+00:00,26.21,93.2,405.0,488.62,196.4,406.15,0.48,117.0,100810.0
1990-03-27 02:00:00+00:00,27.64,81.95,554.1,498.08,232.3,404.85,0.55,102.0,100890.0
1990-03-27 03:00:00+00:00,28.66,79.5,650.5,468.17,265.95,411.05,1.24,61.0,100900.0
1990-03-27 04:00:00+00:00,29.45,77.0,808.35,561.39,280.15,421.9,1.03,60.0,100840.0
1990-03-27 05:00:00+00:00,30.13,72.35,761.25,534.0,229.15,421.1,0.34,30.0,100690.0
1990-03-27 06:00:00+00:00,30.52,67.85,862.55,663.71,209.3,422.3,0.07,235.0,100560.0
1990-03-27 07:00:00+00:00,31.3,59.65,545.9,363.09,217.25,424.0,1.1,83.0,100440.0
1990-03-27 08:00:00+00:00,31.11,59.65,482.4,461.52,129.55,430.8,0.69,84.0,100360.0
1990-03-27 09:00:00+00:00,30.32,65.6,335.15,420.62,94.55,432.55,0.69,334.0,100340.0
1990-03-27 10:00:00+00:00,29.06,72.15,101.1,115.81,61.65,423.65,1.38,289.0,100420.0
1990-03-27 11:00:00+00:00,27.21,84.6,2.9,5.22,2.45,420.9,1.17,314.0,100560.0
1990-03-27 12:00:00+00:00,26.2,90.2,0.0,0.0,0.0,421.5,1.24,317.0,100650.0
1990-03-27 13:00:00+00:00,25.65,93.15,0.0,0.0,0.0,412.8,0.97,340.0,100760.0
1990-03-27 14:00:00+00:00,25.33,93.15,0.0,0.0,0.0,411.45,0.62,6.0,100860.0
1990-03-27 15:00:00+00:00,25.21,93.15,0.0,0.0,0.0,418.6,0.83,62.0,100880.0
1990-03-27 16:00:00+00:00,24.91,93.15,0.0,0.0,0.0,410.85,0.83,21.0,100900.0
1990-03-27 17:00:00+00:00,24.49,96.2,0.0,0.0,0.0,406.0,0.76,360.0,100850.0
1990-03-27 18:00:00+00:00,24.23,96.2,0.0,0.0,0.0,407.2,0.62,352.0,100760.0
1990-03-27 19:00:00+00:00,24.46,96.2,0.0,0.0,0.0,405.45,0.69,61.0,100660.0
1990-03-27 20:00:00+00:00,24.45,93.15,0.0,0.0,0.0,399.45,0.34,87.0,100630.0
1990-03-27 21:00:00+00:00,23.89,96.2,0.0,0.0,0.0,403.7,0.55,148.0,100670.0
1990-03-27 22:00:00+00:00,23.79,96.2,0.0,0.0,0.0,407.75,0.69,133.0,100700.0
1990-03-27 23:00:00+00:00,23.62,96.2,0.0,0.0,0.0,406.0,0.48,110.0,100750.0
1990-03-28 00:00:00+00:00,24.06,96.2,198.95,585.3,93.3,406.8,0.48,118.0,100820.0
1990-03-28 01:00:00+00:00,25.43,90.2,446.6,742.65,128.45,411.55,0.9,141.0,100850.0
1990-03-28 02:00:00+00:00,26.83,84.55,614.15,688.17,168.7,407.75,1.17,119.0,100880.0
1990-03-28 03:00:00+00:00,28.28,76.85,697.8,612.08,194.5,420.55,1.1,90.0,100870.0
1990-03-28 04:00:00+00:00,29.13,72.15,881.15,700.65,221.55,429.65,0.69,92.0,100830.0
1990-03-28 05:00:00+00:00,30.07,70.0,830.1,512.35,319.5,423.25,0.34,150.0,100710.0
1990-03-28 06:00:00+00:00,30.05,67.8,524.4,215.89,311.95,431.95,0.76,151.0,100570.0
1990-03-28 07:00:00+00:00,28.19,79.4,429.35,165.48,279.65,434.45,1.72,193.0,100570.0
1990-03-28 08:00:00+00:00,27.65,79.35,217.15,23.7,199.05,422.45,1.31,152.0,100460.0
1990-03-28 09:00:00+00:00,26.76,81.85,173.75,91.76,121.35,426.15,0.55,122.0,100430.0
1990-03-28 10:00:00+00:00,26.92,81.85,81.7,44.32,66.65,421.3,0.14,50.0,100500.0
1990-03-28 11:00:00+00:00,26.2,87.3,2.45,0.0,2.45,419.95,0.21,222.0,100580.0
1990-03-28 12:00:00+00:00,25.31,90.2,0.0,0.0,0.0,421.1,0.69,268.0,100680.0
1990-03-28 13:00:00+00:00,24.64,93.15,0.0,0.0,0.0,422.45,0.48,284.0,100790.0
1990-03-28 14:00:00+00:00,24.31,96.2,0.0,0.0,0.0,418.8,0.21,351.0,100890.0
1990-03-28 15:00:00+00:00,24.14,93.1,0.0,0.0,0.0,417.25,0.83,44.0,100930.0
1990-03-28 16:00:00+00:00,23.99,93.1,0.0,0.0,0.0,411.65,0.9,41.0,100960.0
1990-03-28 17:00:00+00:00,23.97,93.1,0.0,0.0,0.0,415.9,0.69,59.0,100920.0
1990-03-28 18:00:00+00:00,23.81,96.2,0.0,0.0,0.0,412.4,0.69,80.0,100830.0
1990-03-28 19:00:00+00:00,24.05,93.1,0.0,0.0,0.0,413.95,1.1,98.0,100670.0
1990-03-28 20:00:00+00:00,23.92,93.1,0.0,0.0,0.0,413.75,0.76,62.0,100620.0
1990-03-28 21:00:00+00:00,23.7,96.2,0.0,0.0,0.0,408.9,1.1,41.0,100650.0
1990-03-28 22:00:00+00:00,23.63,96.2,0.0,0.0,0.0,410.1,1.17,44.0,100690.0
1990-03-28 23:00:00+00:00,23.53,93.1,0.0,0.0,0.0,411.25,1.1,49.0,100750.0
1990-03-29 00:00:00+00:00,23.8,96.2,185.25,557.72,83.65,409.7,0.55,62.0,100790.0
1990-03-29 01:00:00+00:00,25.4,90.2,360.35,507.14,142.35,406.7,0.28,128.0,100880.0
1990-03-29 02:00:00+00:00,26.47,84.55,578.6,618.06,177.8,410.3,0.62,167.0,100930.0
1990-03-29 03:00:00+00:00,27.53,81.95,728.75,586.06,246.35,410.85,0.62,182.0,100950.0
1990-03-29 04:00:00+00:00,28.56,79.5,783.8,531.8,282.9,421.9,0.76,214.0,100890.0
1990-03-29 05:00:00+00:00,29.31,77.0,715.3,401.78,314.85,429.05,1.52,222.0,100740.0
1990-03-29 06:00:00+00:00,28.95,77.0,700.35,412.13,294.9,432.75,1.45,205.0,100650.0
1990-03-29 07:00:00+00:00,28.62,79.5,645.05,449.91,238.3,429.25,1.38,241.0,100550.0
1990-03-29 08:00:00+00:00,29.22,79.55,469.7,377.35,181.8,420.35,1.31,274.0,100470.0
1990-03-29 09:00:00+00:00,28.38,79.4,209.85,146.74,126.2,429.25,1.1,274.0,100470.0
1990-03-29 10:00:00+00:00,26.99,81.9,54.95,51.69,37.45,425.0,0.62,308.0,100520.0
1990-03-29 11:00:00+00:00,26.05,90.2,2.15,0.0,2.15,421.1,1.03,47.0,100600.0
1990-03-29 12:00:00+00:00,25.37,93.15,0.0,0.0,0.0,420.75,0.41,80.0,100730.0
1990-03-29 13:00:00+00:00,24.96,93.15,0.0,0.0,0.0,417.45,0.07,62.0,100830.0
1990-03-29 14:00:00+00:00,24.54,96.2,0.0,0.0,0.0,415.9,0.76,89.0,100930.0
1990-03-29 15:00:00+00:00,24.36,96.2,0.0,0.0,0.0,418.4,1.03,86.0,100980.0
1990-03-29 16:00:00+00:00,24.24,96.2,0.0,0.0,0.0,416.3,1.03,73.0,100990.0
1990-03-29 17:00:00+00:00,24.11,96.2,0.0,0.0,0.0,414.75,0.9,60.0,100960.0
1990-03-29 18:00:00+00:00,23.94,96.2,0.0,0.0,0.0,414.35,0.76,48.0,100910.0
1990-03-29 19:00:00+00:00,23.91,93.1,0.0,0.0,0.0,420.9,0.48,21.0,100810.0
1990-03-29 20:00:00+00:00,23.83,96.2,0.0,0.0,0.0,420.9,0.41,20.0,100740.0
1990-03-29 21:00:00+00:00,23.63,96.2,0.0,0.0,0.0,416.45,0.55,25.0,100730.0
1990-03-29 22:00:00+00:00,23.46,96.2,0.0,0.0,0.0,421.9,0.76,37.0,100750.0
1990-03-29 23:00:00+00:00,23.34,99.4,0.0,0.0,0.0,422.3,0.9,51.0,100780.0
1990-03-30 00:00:00+00:00,23.57,96.2,152.15,198.83,115.6,417.25,0.97,56.0,100850.0
1990-03-30 01:00:00+00:00,24.99,93.15,367.75,358.22,213.25,423.15,0.48,56.0,100910.0
1990-03-30 02:00:00+00:00,26.45,84.55,624.25,658.99,196.15,417.05,0.21,5.0,100930.0
1990-03-30 03:00:00+00:00,28.02,76.85,853.5,818.39,179.2,411.65,0.21,326.0,100970.0
1990-03-30 04:00:00+00:00,29.22,74.55,859.5,656.88,240.5,421.3,0.34,266.0,100920.0
1990-03-30 05:00:00+00:00,29.82,74.65,859.85,506.09,355.4,420.35,1.1,242.0,100840.0
1990-03-30 06:00:00+00:00,29.59,72.25,532.05,241.43,294.6,434.3,2.07,249.0,100680.0
1990-03-30 07:00:00+00:00,28.26,76.85,356.7,87.72,277.45,436.0,1.59,241.0,100640.0
1990-03-30 08:00:00+00:00,28.2,79.4,178.3,11.15,169.8,427.7,0.76,170.0,100610.0
1990-03-30 09:00:00+00:00,26.99,81.9,150.6,6.94,146.65,420.55,0.55,144.0,100600.0
1990-03-30 10:00:00+00:00,26.22,84.5,63.55,3.26,62.45,421.1,0.48,153.0,100590.0
1990-03-30 11:00:00+00:00,25.91,90.2,2.9,0.0,2.9,419.4,0.07,86.0,100640.0
1990-03-30 12:00:00+00:00,25.41,93.15,0.0,0.0,0.0,416.45,1.1,60.0,100730.0
1990-03-30 13:00:00+00:00,25.08,90.2,0.0,0.0,0.0,415.9,1.31,71.0,100820.0
1990-03-30 14:00:00+00:00,24.98,90.2,0.0,0.0,0.0,419.4,1.24,68.0,100900.0
1990-03-30 15:00:00+00:00,24.77,93.15,0.0,0.0,0.0,415.3,1.24,73.0,100970.0
1990-03-30 16:00:00+00:00,24.58,93.15,0.0,0.0,0.0,415.7,1.17,85.0,101000.0
1990-03-30 17:00:00+00:00,24.3,96.2,0.0,0.0,0.0,412.2,1.03,85.0,100940.0
1990-03-30 18:00:00+00:00,24.03,93.1,0.0,0.0,0.0,409.7,1.03,81.0,100850.0
1990-03-30 19:00:00+00:00,23.86,96.2,0.0,0.0,0.0,407.75,0.97,63.0,100760.0
1990-03-30 20:00:00+00:00,23.72,96.2,0.0,0.0,0.0,417.05,0.9,58.0,100730.0
1990-03-30 21:00:00+00:00,23.53,96.2,0.0,0.0,0.0,419.0,1.17,62.0,100720.0
1990-03-30 22:00:00+00:00,23.38,99.4,0.0,0.0,0.0,421.5,0.97,59.0,100750.0
1990-03-30 23:00:00+00:00,23.31,96.2,0.0,0.0,0.0,421.1,0.97,59.0,100770.0
1990-03-31 00:00:00+00:00,23.57,96.2,137.2,212.71,97.75,420.35,0.83,62.0,100840.0
1990-03-31 01:00:00+00:00,24.95,93.15,287.65,234.8,186.05,418.3,0.41,50.0,100870.0
1990-03-31 02:00:00+00:00,26.2,87.3,473.45,315.18,268.35,424.0,0.48,34.0,100920.0
1990-03-31 03:00:00+00:00,27.38,81.9,470.8,247.73,266.5,416.85,0.14,70.0,100950.0
1990-03-31 04:00:00+00:00,27.97,74.4,507.2,230.08,290.3,421.5,0.21,254.0,100910.0
1990-03-31 05:00:00+00:00,28.46,72.1,503.55,156.76,347.3,425.0,0.62,238.0,100830.0
1990-03-31 06:00:00+00:00,28.62,74.5,440.45,144.84,298.05,428.65,1.1,250.0,100720.0
1990-03-31 07:00:00+00:00,28.68,74.5,467.3,214.16,273.95,427.9,1.31,240.0,100590.0
1990-03-31 08:00:00+00:00,28.9,74.5,521.0,459.32,171.35,424.6,1.59,236.0,100460.0
1990-03-31 09:00:00+00:00,29.12,72.15,263.9,286.86,100.95,418.2,1.31,255.0,100440.0
1990-03-31 10:00:00+00:00,28.74,74.5,104.0,113.85,65.7,421.3,1.24,274.0,100470.0
1990-03-31 11:00:00+00:00,28.02,79.4,3.5,1.83,3.35,415.3,1.45,281.0,100540.0
1990-03-31 12:00:00+00:00,27.06,84.6,0.0,0.0,0.0,416.65,1.24,268.0,100610.0
1990-03-31 13:00:00+00:00,26.32,90.2,0.0,0.0,0.0,412.2,0.97,273.0,100630.0
1990-03-31 14:00:00+00:00,25.75,93.15,0.0,0.0,0.0,413.2,1.03,320.0,100730.0
1990-03-31 15:00:00+00:00,25.24,93.15,0.0,0.0,0.0,407.95,0.97,353.0,100790.0
1990-03-31 16:00:00+00:00,23.03,99.64,0.0,0.0,0.0,410.09,0.66,355.0,100840.0
1990-03-31 17:00:00+00:00,23.37,98.43,0.0,0.0,0.0,411.24,0.73,7.0,100800.0
1990-03-31 18:00:00+00:00,23.71,97.22,0.0,0.0,0.0,412.39,0.8,30.0,100720.0
1990-03-31 19:00:00+00:00,24.05,96.01,0.0,0.0,0.0,413.54,0.87,47.0,100690.0
1990-03-31 20:00:00+00:00,24.39,94.8,0.0,0.0,0.0,414.69,0.94,33.0,100630.0
1990-03-31 21:00:00+00:00,24.72,93.59,0.0,0.0,0.0,415.84,1.01,17.0,100640.0
1990-03-31 22:00:00+00:00,25.06,92.38,0.0,0.0,0.0,416.99,1.08,45.0,100640.0
1990-03-31 23:00:00+00:00,25.4,91.17,0.0,0.0,0.0,418.14,1.15,40.0,100640.0
1990-04-01 00:00:00+00:00,25.74,89.96,122.2,298.53,66.35,419.29,1.22,20.0,100690.0
1990-04-01 01:00:00+00:00,26.08,88.75,367.55,358.68,211.85,420.44,1.28,44.0,100730.0
1990-04-01 02:00:00+00:00,26.42,87.54,602.25,619.81,198.25,421.59,1.35,334.0,100760.0
1990-04-01 03:00:00+00:00,26.76,86.33,587.35,403.8,254.05,422.74,1.42,324.0,100790.0
1990-04-01 04:00:00+00:00,27.09,85.12,713.95,458.45,281.6,423.89,1.49,304.0,100770.0
1990-04-01 05:00:00+00:00,27.43,83.91,701.5,361.73,340.95,425.04,1.56,278.0,100690.0
1990-04-01 06:00:00+00:00,27.77,82.7,414.0,131.67,284.6,426.19,1.63,274.0,100570.0
1990-04-01 07:00:00+00:00,28.11,81.49,336.6,86.85,258.25,427.34,1.7,275.0,100430.0
1990-04-01 08:00:00+00:00,27.56,87.45,242.15,48.01,205.65,425.95,1.93,293.0,100390.0
1990-04-01 09:00:00+00:00,26.56,90.25,116.7,1.06,116.1,422.45,1.93,294.0,100420.0
1990-04-01 10:00:00+00:00,25.83,96.25,26.75,0.3,26.65,426.15,1.31,280.0,100450.0
1990-04-01 11:00:00+00:00,25.31,93.15,1.75,0.0,1.75,424.8,0.9,300.0,100520.0
1990-04-01 12:00:00+00:00,24.96,93.15,0.0,0.0,0.0,417.85,1.03,339.0,100610.0
1990-04-01 13:00:00+00:00,24.71,96.2,0.0,0.0,0.0,411.85,1.17,357.0,100700.0
1990-04-01 14:00:00+00:00,24.59,96.2,0.0,0.0,0.0,416.85,0.62,4.0,100780.0
1990-04-01 15:00:00+00:00,24.36,96.2,0.0,0.0,0.0,411.45,0.41,34.0,100870.0
1990-04-01 16:00:00+00:00,24.14,96.2,0.0,0.0,0.0,423.05,0.34,345.0,100900.0
1990-04-01 17:00:00+00:00,24.06,96.2,0.0,0.0,0.0,427.1,0.41,286.0,100830.0
1990-04-01 18:00:00+00:00,24.12,96.2,0.0,0.0,0.0,432.35,0.62,259.0,100760.0
1990-04-01 19:00:00+00:00,23.83,96.2,0.0,0.0,0.0,420.15,1.86,308.0,100720.0
1990-04-01 20:00:00+00:00,23.72,96.2,0.0,0.0,0.0,415.7,1.86,315.0,100650.0
1990-04-01 21:00:00+00:00,23.68,96.2,0.0,0.0,0.0,420.75,1.38,321.0,100630.0
1990-04-01 22:00:00+00:00,23.44,93.1,0.0,0.0,0.0,411.65,0.9,343.0,100620.0
1990-04-01 23:00:00+00:00,23.34,96.2,0.0,0.0,0.0,413.75,0.76,357.0,100630.0
1990-04-02 00:00:00+00:00,23.54,93.1,156.9,315.6,97.35,410.45,0.55,329.0,100670.0
1990-04-02 01:00:00+00:00,24.58,90.15,293.95,258.35,181.45,410.95,0.76,313.0,100740.0
1990-04-02 02:00:00+00:00,25.57,87.3,363.95,159.15,260.05,415.7,1.59,319.0,100830.0
1990-04-02 03:00:00+00:00,26.3,84.5,587.1,315.88,326.15,420.15,2.14,316.0,100870.0
1990-04-02 04:00:00+00:00,27.21,79.3,441.65,111.89,336.1,420.35,2.28,313.0,100830.0
1990-04-02 05:00:00+00:00,27.42,79.3,583.3,222.5,361.55,427.3,2.62,308.0,100760.0
1990-04-02 06:00:00+00:00,27.8,79.35,505.3,162.72,345.45,426.55,2.83,301.0,100630.0
1990-04-02 07:00:00+00:00,27.51,79.35,534.75,260.37,300.05,425.95,2.69,277.0,100540.0
1990-04-02 08:00:00+00:00,27.71,81.95,319.6,128.06,222.35,426.35,2.48,286.0,100460.0
1990-04-02 09:00:00+00:00,26.41,90.2,152.2,28.89,135.85,430.0,2.76,297.0,100430.0
1990-04-02 10:00:00+00:00,25.83,90.2,57.45,10.17,54.05,423.45,1.86,312.0,100460.0
1990-04-02 11:00:00+00:00,25.53,90.2,2.0,0.0,2.0,420.55,0.55,326.0,100560.0
1990-04-02 12:00:00+00:00,25.09,90.2,0.0,0.0,0.0,415.3,0.48,291.0,100650.0
1990-04-02 13:00:00+00:00,24.79,93.15,0.0,0.0,0.0,415.5,0.48,308.0,100720.0
1990-04-02 14:00:00+00:00,24.54,93.15,0.0,0.0,0.0,412.6,0.34,4.0,100790.0
1990-04-02 15:00:00+00:00,24.32,96.2,0.0,0.0,0.0,414.15,0.9,359.0,100850.0
1990-04-02 16:00:00+00:00,24.17,96.2,0.0,0.0,0.0,414.75,0.83,12.0,100870.0
1990-04-02 17:00:00+00:00,23.96,96.2,0.0,0.0,0.0,416.45,0.76,8.0,100820.0
1990-04-02 18:00:00+00:00,23.66,96.2,0.0,0.0,0.0,414.35,0.9,4.0,100730.0
1990-04-02 19:00:00+00:00,24.08,93.1,0.0,0.0,0.0,418.8,0.69,304.0,100650.0
1990-04-02 20:00:00+00:00,23.84,96.2,0.0,0.0,0.0,407.75,0.48,279.0,100600.0
1990-04-02 21:00:00+00:00,23.83,96.2,0.0,0.0,0.0,418.6,0.07,333.0,100620.0
1990-04-02 22:00:00+00:00,23.55,96.2,0.0,0.0,0.0,415.9,0.14,346.0,100650.0
1990-04-02 23:00:00+00:00,23.59,96.2,0.0,0.0,0.0,428.3,0.62,310.0,100720.0
1990-04-03 00:00:00+00:00,23.75,93.1,105.4,119.3,82.7,428.85,0.9,318.0,100790.0
1990-04-03 01:00:00+00:00,24.42,90.15,319.25,328.09,175.95,423.75,0.76,308.0,100800.0
1990-04-03 02:00:00+00:00,25.65,87.3,602.75,644.71,181.2,414.15,1.03,300.0,100830.0
1990-04-03 03:00:00+00:00,27.29,81.9,638.85,523.75,205.85,419.2,1.38,297.0,100850.0
1990-04-03 04:00:00+00:00,28.0,82.05,611.35,379.29,253.45,419.55,1.79,285.0,100820.0
1990-04-03 05:00:00+00:00,28.1,82.05,602.95,318.36,285.7,428.85,2.62,276.0,100760.0
1990-04-03 06:00:00+00:00,27.51,87.45,699.2,380.34,325.75,429.25,2.55,271.0,100630.0
1990-04-03 07:00:00+00:00,28.06,87.5,375.25,179.15,213.9,429.25,2.55,259.0,100570.0
1990-04-03 08:00:00+00:00,27.12,87.4,368.05,208.86,209.65,431.55,2.41,270.0,100510.0
1990-04-03 09:00:00+00:00,27.19,84.6,252.1,219.71,128.0,422.65,2.62,289.0,100480.0
1990-04-03 10:00:00+00:00,26.84,84.55,93.45,52.54,75.95,421.1,2.48,296.0,100440.0
1990-04-03 11:00:00+00:00,26.4,87.3,3.4,1.27,3.3,413.55,1.72,299.0,100560.0
1990-04-03 12:00:00+00:00,25.65,90.2,0.0,0.0,0.0,407.55,1.38,292.0,100690.0
1990-04-03 13:00:00+00:00,24.91,90.2,0.0,0.0,0.0,408.15,1.38,298.0,100760.0
1990-04-03 14:00:00+00:00,24.6,93.15,0.0,0.0,0.0,410.3,1.17,302.0,100860.0
1990-04-03 15:00:00+00:00,24.39,96.2,0.0,0.0,0.0,414.35,0.83,301.0,100890.0
1990-04-03 16:00:00+00:00,24.16,96.2,0.0,0.0,0.0,410.1,0.55,294.0,100940.0
1990-04-03 17:00:00+00:00,23.98,96.2,0.0,0.0,0.0,411.05,0.69,278.0,100870.0
1990-04-03 18:00:00+00:00,23.77,96.2,0.0,0.0,0.0,412.6,0.9,305.0,100800.0
1990-04-03 19:00:00+00:00,23.77,96.2,0.0,0.0,0.0,407.95,0.97,284.0,100690.0
1990-04-03 20:00:00+00:00,23.66,96.2,0.0,0.0,0.0,409.1,1.17,292.0,100610.0
1990-04-03 21:00:00+00:00,23.65,96.2,0.0,0.0,0.0,414.55,1.24,311.0,100610.0
1990-04-03 22:00:00+00:00,23.76,96.2,0.0,0.0,0.0,425.0,1.45,322.0,100620.0
1990-04-03 23:00:00+00:00,23.7,96.2,0.0,0.0,0.0,420.15,1.17,327.0,100670.0
1990-04-04 00:00:00+00:00,23.8,96.2,170.2,323.98,108.05,411.05,1.03,334.0,100710.0
1990-04-04 01:00:00+00:00,25.14,87.3,294.1,325.63,151.45,416.8,1.24,301.0,100780.0
1990-04-04 02:00:00+00:00,26.04,87.3,611.95,632.62,197.7,419.75,1.52,283.0,100860.0
1990-04-04 03:00:00+00:00,27.27,90.25,781.95,686.37,214.1,416.85,1.93,279.0,100860.0
1990-04-04 04:00:00+00:00,28.17,87.5,746.35,530.19,245.95,416.3,2.41,274.0,100810.0
1990-04-04 05:00:00+00:00,28.22,90.35,708.9,397.7,312.65,428.45,2.76,274.0,100720.0
1990-04-04 06:00:00+00:00,28.11,90.35,830.05,680.18,162.55,430.8,2.55,276.0,100590.0
1990-04-04 07:00:00+00:00,29.58,67.7,704.05,600.31,163.85,419.55,3.86,284.0,100450.0
1990-04-04 08:00:00+00:00,29.43,69.85,464.75,413.38,151.65,425.4,3.59,288.0,100340.0
1990-04-04 09:00:00+00:00,28.88,74.5,350.75,449.43,97.4,423.85,3.03,292.0,100320.0
1990-04-04 10:00:00+00:00,28.51,74.5,87.45,109.19,51.2,414.75,2.48,286.0,100360.0
1990-04-04 11:00:00+00:00,27.59,81.95,3.5,5.77,3.05,416.3,1.79,269.0,100460.0
1990-04-04 12:00:00+00:00,26.78,87.35,0.0,0.0,0.0,419.2,1.52,277.0,100550.0
1990-04-04 13:00:00+00:00,26.3,90.2,0.0,0.0,0.0,418.4,1.24,301.0,100600.0
1990-04-04 14:00:00+00:00,25.71,93.15,0.0,0.0,0.0,407.75,1.24,293.0,100700.0
1990-04-04 15:00:00+00:00,25.13,90.2,0.0,0.0,0.0,407.0,1.03,316.0,100790.0
1990-04-04 16:00:00+00:00,24.86,93.15,0.0,0.0,0.0,410.45,1.1,346.0,100800.0
1990-04-04 17:00:00+00:00,24.64,93.15,0.0,0.0,0.0,417.05,0.69,309.0,100750.0
1990-04-04 18:00:00+00:00,24.45,90.15,0.0,0.0,0.0,417.05,0.9,270.0,100700.0
1990-04-04 19:00:00+00:00,24.21,93.1,0.0,0.0,0.0,401.0,1.17,292.0,100570.0
1990-04-04 20:00:00+00:00,24.05,93.1,0.0,0.0,0.0,405.25,0.97,281.0,100520.0
1990-04-04 21:00:00+00:00,23.91,93.1,0.0,0.0,0.0,407.2,1.03,279.0,100510.0
1990-04-04 22:00:00+00:00,23.86,96.2,0.0,0.0,0.0,411.45,0.9,277.0,100520.0
1990-04-04 23:00:00+00:00,23.9,93.1,0.0,0.0,0.0,420.55,0.69,272.0,100550.0
1990-04-05 00:00:00+00:00,24.19,93.1,145.25,195.99,107.35,417.25,1.38,285.0,100610.0
1990-04-05 01:00:00+00:00,25.04,90.2,320.85,388.77,150.05,425.3,2.48,297.0,100660.0
1990-04-05 02:00:00+00:00,26.19,87.3,541.15,573.62,165.0,422.45,2.83,301.0,100710.0
1990-04-05 03:00:00+00:00,27.42,84.6,783.15,741.55,169.25,420.75,2.9,304.0,100710.0
1990-04-05 04:00:00+00:00,28.66,76.95,854.0,728.95,165.9,414.35,3.31,294.0,100650.0
1990-04-05 05:00:00+00:00,29.27,74.55,898.35,691.68,209.35,422.85,3.79,284.0,100540.0
1990-04-05 06:00:00+00:00,29.02,74.55,824.0,697.64,139.75,420.55,4.14,279.0,100430.0
1990-04-05 07:00:00+00:00,29.6,69.95,534.25,416.62,159.7,418.2,3.45,289.0,100340.0
1990-04-05 08:00:00+00:00,29.35,72.15,518.15,490.42,147.2,417.45,3.45,289.0,100230.0
1990-04-05 09:00:00+00:00,29.21,69.85,339.55,412.55,107.45,415.5,3.17,290.0,100210.0
1990-04-05 10:00:00+00:00,28.73,72.1,115.25,180.59,55.5,415.9,2.97,291.0,100230.0
1990-04-05 11:00:00+00:00,27.59,79.35,4.3,6.5,3.8,409.1,2.34,302.0,100310.0
1990-04-05 12:00:00+00:00,26.58,84.55,0.0,0.0,0.0,406.0,2.21,304.0,100390.0
1990-04-05 13:00:00+00:00,25.85,90.2,0.0,0.0,0.0,405.25,2.21,305.0,100490.0
1990-04-05 14:00:00+00:00,25.35,90.2,0.0,0.0,0.0,405.05,2.07,317.0,100590.0
1990-04-05 15:00:00+00:00,25.0,87.3,0.0,0.0,0.0,406.4,1.79,329.0,100650.0
1990-04-05 16:00:00+00:00,24.55,90.15,0.0,0.0,0.0,399.25,1.45,334.0,100690.0
1990-04-05 17:00:00+00:00,24.23,93.1,0.0,0.0,0.0,401.55,1.31,331.0,100630.0
1990-04-05 18:00:00+00:00,24.01,93.1,0.0,0.0,0.0,402.55,1.24,319.0,100560.0
1990-04-05 19:00:00+00:00,24.3,90.1,0.0,0.0,0.0,409.5,1.24,301.0,100440.0
1990-04-05 20:00:00+00:00,24.16,90.1,0.0,0.0,0.0,403.5,1.59,300.0,100380.0
1990-04-05 21:00:00+00:00,23.89,93.1,0.0,0.0,0.0,402.55,1.31,295.0,100410.0
1990-04-05 22:00:00+00:00,23.74,93.1,0.0,0.0,0.0,405.85,1.1,315.0,100420.0
1990-04-05 23:00:00+00:00,23.65,93.1,0.0,0.0,0.0,399.45,0.83,11.0,100460.0
1990-04-06 00:00:00+00:00,24.16,93.1,207.0,657.81,78.8,401.2,0.41,12.0,100520.0
1990-04-06 01:00:00+00:00,25.74,87.3,436.25,701.61,127.15,404.0,1.03,314.0,100570.0
1990-04-06 02:00:00+00:00,26.96,81.9,607.6,649.15,181.35,409.3,1.59,303.0,100620.0
1990-04-06 03:00:00+00:00,27.95,76.85,755.25,724.92,154.75,412.0,2.0,290.0,100630.0
1990-04-06 04:00:00+00:00,28.66,79.5,823.65,680.25,181.45,415.1,2.07,287.0,100550.0
1990-04-06 05:00:00+00:00,29.17,79.55,953.45,732.08,224.4,419.0,2.0,285.0,100450.0
1990-04-06 06:00:00+00:00,29.88,79.6,850.45,616.15,246.5,420.9,2.34,279.0,100340.0
1990-04-06 07:00:00+00:00,29.1,77.0,612.75,406.83,247.35,425.75,2.97,283.0,100220.0
1990-04-06 08:00:00+00:00,29.06,79.55,356.8,173.89,225.45,423.85,2.34,282.0,100150.0
1990-04-06 09:00:00+00:00,27.83,84.65,173.75,66.17,136.6,427.3,1.79,295.0,100160.0
1990-04-06 10:00:00+00:00,26.69,87.35,63.25,39.12,50.35,419.2,2.0,296.0,100230.0
1990-04-06 11:00:00+00:00,25.7,90.2,2.75,1.32,2.65,419.95,1.1,315.0,100360.0
1990-04-06 12:00:00+00:00,25.22,90.2,0.0,0.0,0.0,413.95,1.1,339.0,100390.0
1990-04-06 13:00:00+00:00,24.99,90.2,0.0,0.0,0.0,411.65,0.97,348.0,100510.0
1990-04-06 14:00:00+00:00,24.85,93.15,0.0,0.0,0.0,414.55,0.76,342.0,100550.0
1990-04-06 15:00:00+00:00,24.48,93.15,0.0,0.0,0.0,405.65,0.83,321.0,100600.0
1990-04-06 16:00:00+00:00,24.18,96.2,0.0,0.0,0.0,402.55,0.69,340.0,100670.0
1990-04-06 17:00:00+00:00,24.16,96.2,0.0,0.0,0.0,406.4,0.55,356.0,100610.0
1990-04-06 18:00:00+00:00,23.74,99.4,0.0,0.0,0.0,413.55,0.69,43.0,100540.0
1990-04-06 19:00:00+00:00,24.0,93.1,0.0,0.0,0.0,408.75,1.1,253.0,100440.0
1990-04-06 20:00:00+00:00,24.16,96.2,0.0,0.0,0.0,421.1,1.03,294.0,100420.0
1990-04-06 21:00:00+00:00,24.07,96.2,0.0,0.0,0.0,419.0,0.83,308.0,100410.0
1990-04-06 22:00:00+00:00,24.23,96.2,0.0,0.0,0.0,426.75,0.83,315.0,100420.0
1990-04-06 23:00:00+00:00,24.22,96.2,0.0,0.0,0.0,421.9,0.97,296.0,100460.0
1990-04-07 00:00:00+00:00,24.53,93.15,153.55,353.91,84.05,422.45,1.38,283.0,100550.0
1990-04-07 01:00:00+00:00,25.14,90.2,360.75,461.68,156.8,415.05,1.79,289.0,100630.0
1990-04-07 02:00:00+00:00,26.24,93.2,513.4,484.21,195.05,408.9,1.72,290.0,100680.0
1990-04-07 03:00:00+00:00,27.21,87.4,627.0,477.85,230.95,414.9,1.66,286.0,100670.0
1990-04-07 04:00:00+00:00,28.1,84.7,809.85,623.33,221.35,421.1,2.0,284.0,100600.0
1990-04-07 05:00:00+00:00,28.88,84.75,805.85,564.06,244.3,423.45,2.41,280.0,100520.0
1990-04-07 06:00:00+00:00,29.23,84.8,509.65,308.66,207.3,423.65,2.48,276.0,100380.0
1990-04-07 07:00:00+00:00,28.05,84.7,537.8,370.9,205.0,428.1,1.52,288.0,100380.0
1990-04-07 08:00:00+00:00,28.55,84.75,451.25,296.25,227.8,420.35,2.0,293.0,100250.0
1990-04-07 09:00:00+00:00,28.31,87.5,277.65,268.6,127.15,425.95,2.0,282.0,100210.0
1990-04-07 10:00:00+00:00,27.92,87.45,93.9,127.2,52.1,418.0,1.66,296.0,100240.0
1990-04-07 11:00:00+00:00,27.01,87.4,2.9,6.0,2.45,419.55,1.17,282.0,100360.0
1990-04-07 12:00:00+00:00,26.37,93.2,0.0,0.0,0.0,411.45,1.1,315.0,100450.0
1990-04-07 13:00:00+00:00,25.98,93.2,0.0,0.0,0.0,415.3,0.97,338.0,100520.0
1990-04-07 14:00:00+00:00,25.54,96.25,0.0,0.0,0.0,410.85,0.76,356.0,100590.0
1990-04-07 15:00:00+00:00,25.24,93.15,0.0,0.0,0.0,416.65,0.9,24.0,100650.0
1990-04-07 16:00:00+00:00,24.92,93.15,0.0,0.0,0.0,413.55,0.97,9.0,100680.0
1990-04-07 17:00:00+00:00,24.6,96.2,0.0,0.0,0.0,407.55,0.83,345.0,100610.0
1990-04-07 18:00:00+00:00,24.34,96.2,0.0,0.0,0.0,402.75,0.76,51.0,100520.0
1990-04-07 19:00:00+00:00,24.29,96.2,0.0,0.0,0.0,412.6,0.62,72.0,100430.0
1990-04-07 20:00:00+00:00,24.19,96.2,0.0,0.0,0.0,419.2,0.48,70.0,100400.0
1990-04-07 21:00:00+00:00,24.16,96.2,0.0,0.0,0.0,422.85,0.07,5.0,100440.0
1990-04-07 22:00:00+00:00,23.83,96.2,0.0,0.0,0.0,431.0,0.41,318.0,100450.0
1990-04-07 23:00:00+00:00,23.72,96.2,0.0,0.0,0.0,421.3,0.48,87.0,100510.0
1990-04-08 00:00:00+00:00,24.02,93.1,204.45,461.23,113.2,419.75,0.76,66.0,100570.0
1990-04-08 01:00:00+00:00,25.35,90.2,410.45,531.83,174.9,412.3,0.55,10.0,100590.0
1990-04-08 02:00:00+00:00,26.83,84.55,543.25,468.66,234.75,414.35,0.69,305.0,100610.0
1990-04-08 03:00:00+00:00,28.04,76.85,712.75,548.65,257.8,425.55,1.03,287.0,100640.0
1990-04-08 04:00:00+00:00,28.98,72.15,853.35,715.04,178.25,424.6,1.38,277.0,100570.0
1990-04-08 05:00:00+00:00,29.63,74.65,821.75,547.73,276.65,423.85,1.52,261.0,100510.0
1990-04-08 06:00:00+00:00,29.73,74.65,494.55,231.74,267.7,432.15,2.21,255.0,100360.0
1990-04-08 07:00:00+00:00,28.37,79.4,489.1,160.49,345.25,432.55,1.52,253.0,100340.0
1990-04-08 08:00:00+00:00,28.55,79.5,343.75,133.3,243.35,422.3,1.31,248.0,100300.0
1990-04-08 09:00:00+00:00,27.65,81.95,182.7,53.38,152.85,425.0,1.52,236.0,100320.0
1990-04-08 10:00:00+00:00,26.65,84.55,39.55,0.92,39.25,419.4,0.83,221.0,100340.0
1990-04-08 11:00:00+00:00,26.23,90.2,1.25,0.0,1.25,426.55,0.48,65.0,100420.0
1990-04-08 12:00:00+00:00,25.72,93.15,0.0,0.0,0.0,423.65,0.83,30.0,100510.0
1990-04-08 13:00:00+00:00,25.35,96.25,0.0,0.0,0.0,424.6,0.55,24.0,100580.0
1990-04-08 14:00:00+00:00,25.08,96.25,0.0,0.0,0.0,419.0,0.55,99.0,100650.0
1990-04-08 15:00:00+00:00,24.71,96.2,0.0,0.0,0.0,408.75,0.83,77.0,100720.0
1990-04-08 16:00:00+00:00,24.42,96.2,0.0,0.0,0.0,412.6,0.83,51.0,100750.0
1990-04-08 17:00:00+00:00,24.13,96.2,0.0,0.0,0.0,414.35,0.9,37.0,100720.0
1990-04-08 18:00:00+00:00,23.98,96.2,0.0,0.0,0.0,420.75,0.97,32.0,100630.0
1990-04-08 19:00:00+00:00,23.83,96.2,0.0,0.0,0.0,410.3,0.83,41.0,100440.0
1990-04-08 20:00:00+00:00,23.64,96.2,0.0,0.0,0.0,415.5,0.83,71.0,100400.0
1990-04-08 21:00:00+00:00,23.49,96.2,0.0,0.0,0.0,419.2,1.1,73.0,100400.0
1990-04-08 22:00:00+00:00,23.43,96.2,0.0,0.0,0.0,418.0,1.03,61.0,100430.0
1990-04-08 23:00:00+00:00,23.39,99.4,0.0,0.0,0.0,422.45,0.83,56.0,100450.0
1990-04-09 00:00:00+00:00,23.73,96.2,178.5,359.81,106.8,419.2,0.69,37.0,100560.0
1990-04-09 01:00:00+00:00,24.94,90.2,423.1,587.13,162.4,418.7,0.62,15.0,100640.0
1990-04-09 02:00:00+00:00,26.85,84.55,697.8,843.91,141.65,417.85,0.28,15.0,100670.0
1990-04-09 03:00:00+00:00,28.45,76.95,779.1,643.09,245.6,410.65,0.21,64.0,100640.0
1990-04-09 04:00:00+00:00,29.62,69.95,862.3,652.2,246.55,423.65,0.14,179.0,100580.0
1990-04-09 05:00:00+00:00,30.38,72.35,782.75,503.07,282.3,430.0,0.83,212.0,100490.0
1990-04-09 06:00:00+00:00,30.35,72.35,787.25,564.32,235.25,435.65,1.66,229.0,100380.0
1990-04-09 07:00:00+00:00,29.4,74.55,511.85,281.72,259.6,429.85,2.0,217.0,100200.0
1990-04-09 08:00:00+00:00,28.9,76.95,302.6,194.4,156.4,425.75,0.48,226.0,100170.0
1990-04-09 09:00:00+00:00,28.54,76.95,121.3,30.38,104.35,431.75,0.62,110.0,100200.0
1990-04-09 10:00:00+00:00,27.32,84.6,36.3,0.0,36.3,433.7,0.9,81.0,100270.0
1990-04-09 11:00:00+00:00,25.96,90.2,1.55,0.0,1.55,423.85,0.34,65.0,100370.0
1990-04-09 12:00:00+00:00,25.15,93.15,0.0,0.0,0.0,420.35,0.41,35.0,100490.0
1990-04-09 13:00:00+00:00,24.71,93.15,0.0,0.0,0.0,418.4,1.24,57.0,100550.0
1990-04-09 14:00:00+00:00,24.66,93.15,0.0,0.0,0.0,425.95,1.59,52.0,100610.0
1990-04-09 15:00:00+00:00,24.48,90.15,0.0,0.0,0.0,416.45,1.24,50.0,100630.0
1990-04-09 16:00:00+00:00,24.17,93.1,0.0,0.0,0.0,409.3,1.1,49.0,100620.0
1990-04-09 17:00:00+00:00,23.97,93.1,0.0,0.0,0.0,410.85,1.1,72.0,100610.0
1990-04-09 18:00:00+00:00,23.78,96.2,0.0,0.0,0.0,412.8,1.38,67.0,100570.0
1990-04-09 19:00:00+00:00,23.83,96.2,0.0,0.0,0.0,420.55,0.34,81.0,100520.0
1990-04-09 20:00:00+00:00,23.81,96.2,0.0,0.0,0.0,417.65,0.48,60.0,100430.0
1990-04-09 21:00:00+00:00,23.63,96.2,0.0,0.0,0.0,410.65,0.62,31.0,100410.0
1990-04-09 22:00:00+00:00,23.52,96.2,0.0,0.0,0.0,408.9,0.76,27.0,100390.0
1990-04-09 23:00:00+00:00,23.25,96.2,0.0,0.0,0.0,400.2,1.1,39.0,100390.0
1990-04-10 00:00:00+00:00,23.92,93.1,237.35,718.83,93.1,396.35,0.76,40.0,100450.0
1990-04-10 01:00:00+00:00,25.87,87.3,461.4,752.29,126.55,399.95,0.14,54.0,100550.0
1990-04-10 02:00:00+00:00,27.2,81.9,630.55,698.17,169.95,409.9,0.48,189.0,100600.0
1990-04-10 03:00:00+00:00,28.31,76.85,754.95,655.62,210.85,416.85,1.03,202.0,100640.0
1990-04-10 04:00:00+00:00,29.04,77.0,886.15,639.22,282.7,417.65,1.38,220.0,100590.0
1990-04-10 05:00:00+00:00,29.4,77.0,593.25,316.89,278.15,431.55,1.93,212.0,100440.0
1990-04-10 06:00:00+00:00,28.42,82.05,614.75,419.78,204.45,434.45,1.17,219.0,100360.0
1990-04-10 07:00:00+00:00,28.42,82.05,485.2,321.05,198.05,427.3,0.76,202.0,100280.0
1990-04-10 08:00:00+00:00,28.71,79.5,329.95,231.17,156.35,429.05,0.14,150.0,100200.0
1990-04-10 09:00:00+00:00,28.72,76.95,289.65,277.64,135.05,422.65,0.41,228.0,100160.0
1990-04-10 10:00:00+00:00,28.77,76.95,96.75,141.88,50.6,421.7,1.17,257.0,100200.0
1990-04-10 11:00:00+00:00,27.85,81.95,2.7,4.16,2.4,419.95,1.38,283.0,100300.0
1990-04-10 12:00:00+00:00,26.76,87.35,0.0,0.0,0.0,423.45,1.52,304.0,100330.0
1990-04-10 13:00:00+00:00,26.17,90.2,0.0,0.0,0.0,417.05,0.9,307.0,100380.0
1990-04-10 14:00:00+00:00,25.59,93.15,0.0,0.0,0.0,407.55,0.62,20.0,100490.0
1990-04-10 15:00:00+00:00,24.99,93.15,0.0,0.0,0.0,405.25,1.1,56.0,100530.0
1990-04-10 16:00:00+00:00,24.59,93.15,0.0,0.0,0.0,405.65,1.17,56.0,100560.0
1990-04-10 17:00:00+00:00,24.34,96.2,0.0,0.0,0.0,407.95,1.17,52.0,100560.0
1990-04-10 18:00:00+00:00,23.92,96.2,0.0,0.0,0.0,418.0,0.83,58.0,100470.0
1990-04-10 19:00:00+00:00,24.71,96.2,0.0,0.0,0.0,414.55,0.34,74.0,100380.0
1990-04-10 20:00:00+00:00,24.68,93.15,0.0,0.0,0.0,413.2,0.07,138.0,100340.0
1990-04-10 21:00:00+00:00,24.43,93.15,0.0,0.0,0.0,410.65,0.48,192.0,100310.0
1990-04-10 22:00:00+00:00,24.23,96.2,0.0,0.0,0.0,413.2,0.83,150.0,100340.0
1990-04-10 23:00:00+00:00,24.26,96.2,0.0,0.0,0.0,420.55,0.9,121.0,100400.0
1990-04-11 00:00:00+00:00,24.82,96.2,175.15,366.26,101.15,417.45,0.62,114.0,100460.0
1990-04-11 01:00:00+00:00,26.02,90.2,372.4,418.69,185.6,413.7,0.69,151.0,100550.0
1990-04-11 02:00:00+00:00,27.06,87.4,500.0,354.11,266.15,419.95,0.69,205.0,100620.0
1990-04-11 03:00:00+00:00,27.92,90.3,522.45,259.83,306.75,427.5,1.1,216.0,100640.0
1990-04-11 04:00:00+00:00,28.16,90.35,696.8,323.65,391.3,428.65,1.38,218.0,100580.0
1990-04-11 05:00:00+00:00,28.38,90.35,661.45,260.39,402.65,432.35,1.79,216.0,100450.0
1990-04-11 06:00:00+00:00,28.74,82.1,588.9,367.64,229.85,432.35,1.66,220.0,100320.0
1990-04-11 07:00:00+00:00,28.16,82.05,416.95,209.71,229.6,435.45,1.66,206.0,100290.0
1990-04-11 08:00:00+00:00,27.95,84.7,304.55,78.22,245.9,425.75,1.59,218.0,100150.0
1990-04-11 09:00:00+00:00,28.05,84.7,183.45,64.79,147.45,429.25,1.1,219.0,100190.0
1990-04-11 10:00:00+00:00,27.03,87.4,53.6,12.03,49.7,427.7,0.9,195.0,100250.0
1990-04-11 11:00:00+00:00,25.9,93.15,1.0,0.0,1.0,425.0,0.0,156.0,100360.0
1990-04-11 12:00:00+00:00,25.32,93.15,0.0,0.0,0.0,425.4,0.9,354.0,100380.0
1990-04-11 13:00:00+00:00,25.13,93.15,0.0,0.0,0.0,425.4,1.1,14.0,100450.0
1990-04-11 14:00:00+00:00,24.86,96.2,0.0,0.0,0.0,416.65,1.03,59.0,100530.0
1990-04-11 15:00:00+00:00,24.66,96.2,0.0,0.0,0.0,415.9,0.97,75.0,100610.0
1990-04-11 16:00:00+00:00,24.47,96.2,0.0,0.0,0.0,415.3,0.97,73.0,100620.0
1990-04-11 17:00:00+00:00,24.16,96.2,0.0,0.0,0.0,416.65,0.83,69.0,100580.0
1990-04-11 18:00:00+00:00,23.93,96.2,0.0,0.0,0.0,416.1,0.9,78.0,100510.0
1990-04-11 19:00:00+00:00,24.13,96.2,0.0,0.0,0.0,420.15,1.24,62.0,100400.0
1990-04-11 20:00:00+00:00,23.99,96.2,0.0,0.0,0.0,421.5,1.03,55.0,100380.0
1990-04-11 21:00:00+00:00,23.85,96.2,0.0,0.0,0.0,422.85,1.17,65.0,100350.0
1990-04-11 22:00:00+00:00,23.73,96.2,0.0,0.0,0.0,418.0,1.17,67.0,100360.0
1990-04-11 23:00:00+00:00,23.5,96.2,0.0,0.0,0.0,416.85,0.97,71.0,100410.0
1990-04-12 00:00:00+00:00,23.91,93.1,170.6,177.01,134.6,419.55,1.1,75.0,100510.0
1990-04-12 01:00:00+00:00,25.43,93.15,350.4,313.43,210.25,422.4,0.9,97.0,100560.0
1990-04-12 02:00:00+00:00,27.04,84.6,554.3,463.53,247.9,419.75,1.31,111.0,100630.0
1990-04-12 03:00:00+00:00,28.19,82.05,675.8,387.83,353.75,425.4,1.17,115.0,100640.0
1990-04-12 04:00:00+00:00,29.09,82.15,718.4,370.97,368.3,435.65,0.62,154.0,100600.0
1990-04-12 05:00:00+00:00,29.79,79.6,737.2,384.91,354.85,444.75,1.1,201.0,100470.0
1990-04-12 06:00:00+00:00,29.81,79.6,561.6,295.44,273.3,440.1,1.86,214.0,100340.0
1990-04-12 07:00:00+00:00,28.32,76.85,465.5,164.73,318.5,444.55,1.72,198.0,100180.0
1990-04-12 08:00:00+00:00,28.38,76.85,269.4,108.4,188.25,427.9,0.62,196.0,100230.0
1990-04-12 09:00:00+00:00,28.3,79.4,191.35,76.38,149.0,431.55,0.62,166.0,100270.0
1990-04-12 10:00:00+00:00,27.77,81.95,68.85,18.11,63.0,425.2,0.34,101.0,100250.0
1990-04-12 11:00:00+00:00,27.36,87.4,2.2,0.0,2.2,422.3,0.0,62.0,100320.0
1990-04-12 12:00:00+00:00,26.65,90.25,0.0,0.0,0.0,413.55,0.9,55.0,100440.0
1990-04-12 13:00:00+00:00,25.88,96.25,0.0,0.0,0.0,416.65,1.31,79.0,100540.0
1990-04-12 14:00:00+00:00,25.67,96.25,0.0,0.0,0.0,420.15,1.24,86.0,100640.0
1990-04-12 15:00:00+00:00,25.35,93.15,0.0,0.0,0.0,415.7,1.1,78.0,100710.0
1990-04-12 16:00:00+00:00,25.11,93.15,0.0,0.0,0.0,419.95,0.83,116.0,100720.0
1990-04-12 17:00:00+00:00,24.74,96.2,0.0,0.0,0.0,409.1,1.03,116.0,100680.0
1990-04-12 18:00:00+00:00,24.56,93.15,0.0,0.0,0.0,415.7,0.76,98.0,100580.0
1990-04-12 19:00:00+00:00,24.56,96.2,0.0,0.0,0.0,420.9,0.41,141.0,100520.0
1990-04-12 20:00:00+00:00,24.34,96.2,0.0,0.0,0.0,422.45,0.76,133.0,100480.0
1990-04-12 21:00:00+00:00,23.84,96.2,0.0,0.0,0.0,425.0,0.76,104.0,100500.0
1990-04-12 22:00:00+00:00,23.8,96.2,0.0,0.0,0.0,428.65,0.97,98.0,100570.0
1990-04-12 23:00:00+00:00,23.76,96.2,0.0,0.0,0.0,424.2,1.1,85.0,100620.0
1990-04-13 00:00:00+00:00,24.06,93.1,81.15,34.69,74.05,427.1,1.31,74.0,100680.0
1990-04-13 01:00:00+00:00,24.78,93.15,211.9,101.09,166.6,427.8,1.45,72.0,100730.0
1990-04-13 02:00:00+00:00,25.93,87.3,418.25,227.18,267.95,423.25,1.72,78.0,100810.0
1990-04-13 03:00:00+00:00,27.14,87.4,596.1,333.81,318.85,425.0,1.66,89.0,100800.0
1990-04-13 04:00:00+00:00,28.26,84.7,613.05,284.41,344.7,431.55,1.52,105.0,100750.0
1990-04-13 05:00:00+00:00,29.18,77.0,625.8,293.87,334.05,431.4,1.38,144.0,100650.0
1990-04-13 06:00:00+00:00,28.93,79.5,646.0,343.34,311.25,434.85,1.79,170.0,100520.0
1990-04-13 07:00:00+00:00,28.97,74.55,457.6,224.28,257.7,430.4,1.52,195.0,100450.0
1990-04-13 08:00:00+00:00,28.87,76.95,388.5,269.04,187.4,432.35,0.34,209.0,100340.0
1990-04-13 09:00:00+00:00,28.65,76.95,208.7,201.52,97.2,427.3,0.9,157.0,100410.0
1990-04-13 10:00:00+00:00,26.53,81.85,72.35,84.94,45.0,425.4,0.48,130.0,100460.0
1990-04-13 11:00:00+00:00,25.96,87.3,2.3,1.44,2.2,423.85,0.83,33.0,100570.0
1990-04-13 12:00:00+00:00,25.25,90.2,0.0,0.0,0.0,412.0,0.83,35.0,100630.0
1990-04-13 13:00:00+00:00,24.84,93.15,0.0,0.0,0.0,409.7,1.03,41.0,100690.0
1990-04-13 14:00:00+00:00,24.53,93.15,0.0,0.0,0.0,407.55,1.24,70.0,100750.0
1990-04-13 15:00:00+00:00,24.25,93.1,0.0,0.0,0.0,402.15,1.45,81.0,100780.0
1990-04-13 16:00:00+00:00,24.01,93.1,0.0,0.0,0.0,401.2,1.45,73.0,100780.0
1990-04-13 17:00:00+00:00,23.69,96.2,0.0,0.0,0.0,398.85,1.38,66.0,100750.0
1990-04-13 18:00:00+00:00,23.45,93.1,0.0,0.0,0.0,400.2,1.38,68.0,100680.0
1990-04-13 19:00:00+00:00,23.4,93.1,0.0,0.0,0.0,401.55,1.38,65.0,100600.0
1990-04-13 20:00:00+00:00,23.26,96.2,0.0,0.0,0.0,401.75,1.38,62.0,100550.0
1990-04-13 21:00:00+00:00,23.12,96.2,0.0,0.0,0.0,401.55,1.31,63.0,100520.0
1990-04-13 22:00:00+00:00,23.05,96.2,0.0,0.0,0.0,403.7,1.24,58.0,100530.0
1990-04-13 23:00:00+00:00,22.7,99.4,0.0,0.0,0.0,404.85,1.38,57.0,100570.0
1990-04-14 00:00:00+00:00,23.26,96.2,225.9,547.72,113.1,401.0,1.24,62.0,100610.0
1990-04-14 01:00:00+00:00,25.42,93.15,391.9,458.88,185.85,410.8,1.03,73.0,100650.0
1990-04-14 02:00:00+00:00,27.34,81.9,606.35,639.99,182.6,413.95,1.31,83.0,100710.0
1990-04-14 03:00:00+00:00,28.65,74.5,817.9,798.72,154.4,409.5,1.24,82.0,100710.0
1990-04-14 04:00:00+00:00,29.61,69.95,782.5,620.54,197.15,418.0,1.17,91.0,100640.0
1990-04-14 05:00:00+00:00,30.04,67.8,741.2,554.38,191.15,426.9,0.69,127.0,100560.0
1990-04-14 06:00:00+00:00,30.55,65.7,774.6,587.0,202.8,428.65,0.28,102.0,100430.0
1990-04-14 07:00:00+00:00,30.76,67.85,744.15,654.04,161.9,430.6,0.28,352.0,100340.0
1990-04-14 08:00:00+00:00,30.85,67.85,439.2,383.36,153.1,427.3,0.34,249.0,100260.0
1990-04-14 09:00:00+00:00,28.63,76.95,239.55,245.78,103.85,425.0,1.38,222.0,100340.0
1990-04-14 10:00:00+00:00,27.26,79.3,53.5,41.44,40.2,423.25,0.97,199.0,100410.0
1990-04-14 11:00:00+00:00,26.22,90.2,2.2,0.73,2.15,428.3,0.21,303.0,100420.0
1990-04-14 12:00:00+00:00,25.5,93.15,0.0,0.0,0.0,414.9,0.41,328.0,100520.0
1990-04-14 13:00:00+00:00,25.37,96.25,0.0,0.0,0.0,429.25,0.41,345.0,100550.0
1990-04-14 14:00:00+00:00,25.29,96.25,0.0,0.0,0.0,426.55,0.28,34.0,100600.0
1990-04-14 15:00:00+00:00,25.01,96.25,0.0,0.0,0.0,416.85,0.41,84.0,100640.0
1990-04-14 16:00:00+00:00,24.86,96.2,0.0,0.0,0.0,417.05,0.28,91.0,100660.0
1990-04-14 17:00:00+00:00,24.59,96.2,0.0,0.0,0.0,407.4,0.34,50.0,100650.0
1990-04-14 18:00:00+00:00,24.31,99.4,0.0,0.0,0.0,413.55,0.69,40.0,100600.0
1990-04-14 19:00:00+00:00,23.89,99.4,0.0,0.0,0.0,406.8,0.69,34.0,100480.0
1990-04-14 20:00:00+00:00,23.75,99.4,0.0,0.0,0.0,408.15,0.69,17.0,100470.0
1990-04-14 21:00:00+00:00,23.74,96.2,0.0,0.0,0.0,421.7,0.69,34.0,100480.0
1990-04-14 22:00:00+00:00,23.56,96.2,0.0,0.0,0.0,415.5,0.83,45.0,100510.0
1990-04-14 23:00:00+00:00,23.39,99.4,0.0,0.0,0.0,414.55,0.76,48.0,100580.0
1990-04-15 00:00:00+00:00,23.91,93.1,154.7,222.52,108.6,417.05,0.69,55.0,100630.0
1990-04-15 01:00:00+00:00,25.5,93.15,366.35,408.09,182.75,422.6,0.41,81.0,100670.0
1990-04-15 02:00:00+00:00,26.8,87.35,636.95,732.56,151.55,423.45,0.62,133.0,100720.0
1990-04-15 03:00:00+00:00,28.24,79.4,802.25,724.01,200.75,413.0,0.55,133.0,100700.0
1990-04-15 04:00:00+00:00,29.2,77.0,783.5,624.77,194.35,418.2,0.34,170.0,100660.0
1990-04-15 05:00:00+00:00,29.78,74.65,875.75,668.04,213.35,425.55,0.28,143.0,100530.0
1990-04-15 06:00:00+00:00,30.47,70.1,748.4,549.53,213.6,425.95,0.14,118.0,100400.0
1990-04-15 07:00:00+00:00,30.25,67.8,676.85,589.17,153.0,424.0,0.21,235.0,100300.0
1990-04-15 08:00:00+00:00,29.85,69.95,384.4,292.24,166.65,426.9,1.45,272.0,100280.0
1990-04-15 09:00:00+00:00,27.8,79.35,240.2,221.16,118.35,428.85,1.93,277.0,100330.0
1990-04-15 10:00:00+00:00,26.74,84.55,77.3,107.54,42.9,421.5,1.1,278.0,100380.0
1990-04-15 11:00:00+00:00,26.02,87.3,2.0,5.17,1.65,421.3,0.41,302.0,100420.0
1990-04-15 12:00:00+00:00,25.31,93.15,0.0,0.0,0.0,419.0,0.28,265.0,100480.0
1990-04-15 13:00:00+00:00,24.83,96.2,0.0,0.0,0.0,415.7,0.14,33.0,100530.0
1990-04-15 14:00:00+00:00,24.62,96.2,0.0,0.0,0.0,415.5,0.28,356.0,100630.0
1990-04-15 15:00:00+00:00,24.39,99.4,0.0,0.0,0.0,413.2,0.41,15.0,100690.0
1990-04-15 16:00:00+00:00,24.2,96.2,0.0,0.0,0.0,416.3,0.48,45.0,100730.0
1990-04-15 17:00:00+00:00,24.13,96.2,0.0,0.0,0.0,418.4,0.76,74.0,100720.0
1990-04-15 18:00:00+00:00,23.98,96.2,0.0,0.0,0.0,422.3,1.03,74.0,100620.0
1990-04-15 19:00:00+00:00,24.22,96.2,0.0,0.0,0.0,421.7,0.41,136.0,100540.0
1990-04-15 20:00:00+00:00,24.17,96.2,0.0,0.0,0.0,418.4,0.97,106.0,100460.0
1990-04-15 21:00:00+00:00,24.06,96.2,0.0,0.0,0.0,414.15,1.03,104.0,100450.0
1990-04-15 22:00:00+00:00,23.88,96.2,0.0,0.0,0.0,408.35,1.03,89.0,100470.0
1990-04-15 23:00:00+00:00,23.75,96.2,0.0,0.0,0.0,408.75,0.9,66.0,100520.0
1990-04-16 00:00:00+00:00,24.25,96.2,220.4,621.74,90.85,405.05,0.69,53.0,100580.0
1990-04-16 01:00:00+00:00,26.04,87.3,462.4,775.17,113.0,408.85,0.62,67.0,100630.0
1990-04-16 02:00:00+00:00,27.51,79.35,685.25,823.77,139.05,410.85,0.55,110.0,100670.0
1990-04-16 03:00:00+00:00,28.78,74.5,782.95,753.16,157.2,413.95,0.62,132.0,100660.0
1990-04-16 04:00:00+00:00,29.58,69.95,874.45,783.59,135.8,415.9,0.76,152.0,100600.0
1990-04-16 05:00:00+00:00,30.36,70.0,916.6,728.99,194.25,423.85,0.83,163.0,100530.0
1990-04-16 06:00:00+00:00,30.89,70.1,763.3,610.49,169.75,424.8,0.83,179.0,100420.0
1990-04-16 07:00:00+00:00,30.87,65.7,696.95,633.94,134.0,430.6,0.83,191.0,100380.0
1990-04-16 08:00:00+00:00,30.9,67.85,541.85,575.87,113.45,422.65,0.55,191.0,100260.0
1990-04-16 09:00:00+00:00,30.79,67.85,331.1,420.07,100.15,426.75,0.41,180.0,100220.0
1990-04-16 10:00:00+00:00,30.27,70.0,124.1,249.97,44.4,426.35,0.48,168.0,100210.0
1990-04-16 11:00:00+00:00,28.3,79.4,3.0,8.98,2.4,421.1,0.62,203.0,100370.0
1990-04-16 12:00:00+00:00,26.95,84.6,0.0,0.0,0.0,416.85,0.83,186.0,100470.0
1990-04-16 13:00:00+00:00,26.47,87.35,0.0,0.0,0.0,417.25,0.62,96.0,100550.0
1990-04-16 14:00:00+00:00,26.07,90.2,0.0,0.0,0.0,414.35,1.17,83.0,100640.0
1990-04-16 15:00:00+00:00,25.76,93.15,0.0,0.0,0.0,412.2,1.24,87.0,100730.0
1990-04-16 16:00:00+00:00,25.45,93.15,0.0,0.0,0.0,411.25,1.38,81.0,100740.0
1990-04-16 17:00:00+00:00,25.11,93.15,0.0,0.0,0.0,406.8,1.45,73.0,100710.0
1990-04-16 18:00:00+00:00,24.7,93.15,0.0,0.0,0.0,401.55,1.45,70.0,100630.0
1990-04-16 19:00:00+00:00,24.61,93.15,0.0,0.0,0.0,403.5,1.31,72.0,100530.0
1990-04-16 20:00:00+00:00,24.34,96.2,0.0,0.0,0.0,399.85,1.38,72.0,100520.0
1990-04-16 21:00:00+00:00,24.15,96.2,0.0,0.0,0.0,400.2,1.45,77.0,100510.0
1990-04-16 22:00:00+00:00,24.02,93.1,0.0,0.0,0.0,400.8,1.38,75.0,100560.0
1990-04-16 23:00:00+00:00,23.76,96.2,0.0,0.0,0.0,404.85,1.38,73.0,100580.0
1990-04-17 00:00:00+00:00,24.57,93.15,260.8,897.3,72.8,400.8,1.24,72.0,100640.0
1990-04-17 01:00:00+00:00,27.0,90.25,469.15,818.78,99.45,401.7,1.03,84.0,100670.0
1990-04-17 02:00:00+00:00,28.46,79.5,703.3,883.72,117.0,413.55,1.03,106.0,100730.0
1990-04-17 03:00:00+00:00,29.38,77.0,862.05,889.89,122.7,411.05,0.62,140.0,100730.0
1990-04-17 04:00:00+00:00,30.41,72.35,878.55,792.82,131.5,416.45,0.69,222.0,100700.0
1990-04-17 05:00:00+00:00,30.96,70.1,736.7,457.39,283.8,421.9,1.31,222.0,100570.0
1990-04-17 06:00:00+00:00,29.65,72.25,792.75,646.0,165.3,433.1,1.38,198.0,100510.0
1990-04-17 07:00:00+00:00,30.97,65.8,675.6,602.5,141.25,432.55,1.17,195.0,100360.0
1990-04-17 08:00:00+00:00,30.07,70.0,450.15,455.15,112.1,424.2,0.83,237.0,100270.0
1990-04-17 09:00:00+00:00,29.09,74.55,319.65,429.62,83.95,423.25,0.83,283.0,100280.0
1990-04-17 10:00:00+00:00,29.11,74.55,114.7,216.64,45.85,416.85,0.21,350.0,100260.0
1990-04-17 11:00:00+00:00,28.66,79.5,2.9,12.87,2.05,421.5,0.55,312.0,100300.0
1990-04-17 12:00:00+00:00,27.87,87.45,0.0,0.0,0.0,415.9,0.55,262.0,100400.0
1990-04-17 13:00:00+00:00,27.25,90.25,0.0,0.0,0.0,419.2,0.55,173.0,100530.0
1990-04-17 14:00:00+00:00,26.73,90.25,0.0,0.0,0.0,416.3,0.55,111.0,100650.0
1990-04-17 15:00:00+00:00,25.91,96.25,0.0,0.0,0.0,418.0,1.24,53.0,100760.0
1990-04-17 16:00:00+00:00,25.37,93.15,0.0,0.0,0.0,415.9,1.59,47.0,100790.0
1990-04-17 17:00:00+00:00,25.16,90.2,0.0,0.0,0.0,412.4,1.45,48.0,100710.0
1990-04-17 18:00:00+00:00,24.77,93.15,0.0,0.0,0.0,404.65,1.31,45.0,100660.0
1990-04-17 19:00:00+00:00,25.08,90.2,0.0,0.0,0.0,405.25,1.38,50.0,100560.0
1990-04-17 20:00:00+00:00,24.99,90.2,0.0,0.0,0.0,412.0,1.45,53.0,100530.0
1990-04-17 21:00:00+00:00,24.58,93.15,0.0,0.0,0.0,399.45,1.38,57.0,100530.0
1990-04-17 22:00:00+00:00,24.47,93.15,0.0,0.0,0.0,413.0,1.03,62.0,100610.0
1990-04-17 23:00:00+00:00,24.59,93.15,0.0,0.0,0.0,414.55,0.34,54.0,100710.0
1990-04-18 00:00:00+00:00,24.97,93.15,172.4,474.53,72.45,415.3,0.07,298.0,100730.0
1990-04-18 01:00:00+00:00,26.05,90.2,384.1,552.21,134.35,419.85,1.24,273.0,100780.0
1990-04-18 02:00:00+00:00,26.78,84.55,540.9,585.05,152.55,421.1,1.52,271.0,100810.0
1990-04-18 03:00:00+00:00,27.73,79.35,728.0,542.38,277.4,411.45,0.76,258.0,100780.0
1990-04-18 04:00:00+00:00,29.18,72.15,777.65,504.7,302.3,430.8,1.03,264.0,100710.0
1990-04-18 05:00:00+00:00,29.94,69.95,886.7,672.85,220.95,432.9,1.17,262.0,100620.0
1990-04-18 06:00:00+00:00,30.39,70.0,597.75,280.12,325.95,428.1,1.24,259.0,100520.0
1990-04-18 07:00:00+00:00,28.38,84.7,484.5,237.26,274.35,429.85,1.86,240.0,100450.0
1990-04-18 08:00:00+00:00,28.3,84.7,305.55,108.43,225.15,421.5,0.83,239.0,100410.0
1990-04-18 09:00:00+00:00,28.38,84.7,164.65,50.87,136.8,433.5,0.69,214.0,100380.0
1990-04-18 10:00:00+00:00,28.01,84.7,63.0,19.1,56.95,430.4,0.28,199.0,100380.0
1990-04-18 11:00:00+00:00,27.41,87.4,1.8,0.0,1.8,425.95,0.76,249.0,100430.0
1990-04-18 12:00:00+00:00,26.39,93.2,0.0,0.0,0.0,422.65,0.34,247.0,100590.0
1990-04-18 13:00:00+00:00,26.05,93.2,0.0,0.0,0.0,416.85,0.21,57.0,100650.0
1990-04-18 14:00:00+00:00,25.6,93.15,0.0,0.0,0.0,415.9,0.9,30.0,100730.0
1990-04-18 15:00:00+00:00,25.33,93.15,0.0,0.0,0.0,422.1,1.1,40.0,100760.0
1990-04-18 16:00:00+00:00,25.02,93.15,0.0,0.0,0.0,414.15,1.03,44.0,100810.0
1990-04-18 17:00:00+00:00,24.64,93.15,0.0,0.0,0.0,410.65,0.9,45.0,100760.0
1990-04-18 18:00:00+00:00,24.29,96.2,0.0,0.0,0.0,409.1,0.69,58.0,100700.0
1990-04-18 19:00:00+00:00,24.17,96.2,0.0,0.0,0.0,419.75,0.76,47.0,100580.0
1990-04-18 20:00:00+00:00,23.89,99.4,0.0,0.0,0.0,418.4,0.69,56.0,100530.0
1990-04-18 21:00:00+00:00,23.91,96.2,0.0,0.0,0.0,420.75,0.76,61.0,100490.0
1990-04-18 22:00:00+00:00,23.71,96.2,0.0,0.0,0.0,417.85,0.62,91.0,100510.0
1990-04-18 23:00:00+00:00,23.61,96.2,0.0,0.0,0.0,422.1,0.83,68.0,100550.0
1990-04-19 00:00:00+00:00,24.03,96.2,219.25,499.06,113.6,413.0,0.83,75.0,100600.0
1990-04-19 01:00:00+00:00,25.99,93.2,427.7,595.85,157.8,422.0,0.55,106.0,100650.0
1990-04-19 02:00:00+00:00,27.47,81.95,584.9,641.55,158.85,423.85,0.41,179.0,100700.0
1990-04-19 03:00:00+00:00,28.63,76.95,725.0,700.14,143.4,418.4,0.9,244.0,100720.0
1990-04-19 04:00:00+00:00,29.34,77.0,799.05,620.09,215.3,425.75,1.86,247.0,100670.0
1990-04-19 05:00:00+00:00,29.12,79.55,691.6,500.93,196.35,429.45,2.48,246.0,100620.0
1990-04-19 06:00:00+00:00,28.21,87.5,769.9,638.56,150.95,432.9,1.72,255.0,100580.0
1990-04-19 07:00:00+00:00,29.36,77.0,551.5,395.95,201.25,429.65,1.86,263.0,100470.0
1990-04-19 08:00:00+00:00,28.99,77.0,436.85,234.83,263.0,429.05,1.45,259.0,100340.0
1990-04-19 09:00:00+00:00,29.04,79.55,249.25,193.75,143.4,422.1,1.52,298.0,100370.0
1990-04-19 10:00:00+00:00,27.7,84.65,82.9,76.78,58.65,424.2,1.52,313.0,100410.0
1990-04-19 11:00:00+00:00,26.67,87.35,1.85,0.0,1.85,424.6,1.03,318.0,100540.0
1990-04-19 12:00:00+00:00,26.02,93.2,0.0,0.0,0.0,420.55,1.03,330.0,100660.0
1990-04-19 13:00:00+00:00,25.68,96.25,0.0,0.0,0.0,419.55,0.9,24.0,100690.0
1990-04-19 14:00:00+00:00,25.39,93.15,0.0,0.0,0.0,419.2,1.03,44.0,100800.0
1990-04-19 15:00:00+00:00,25.1,93.15,0.0,0.0,0.0,415.9,1.1,74.0,100830.0
1990-04-19 16:00:00+00:00,24.88,96.2,0.0,0.0,0.0,416.1,1.17,64.0,100830.0
1990-04-19 17:00:00+00:00,24.69,96.2,0.0,0.0,0.0,415.3,1.17,67.0,100820.0
1990-04-19 18:00:00+00:00,24.43,93.15,0.0,0.0,0.0,412.0,1.24,72.0,100760.0
1990-04-19 19:00:00+00:00,24.48,96.2,0.0,0.0,0.0,418.6,0.55,70.0,100680.0
1990-04-19 20:00:00+00:00,24.45,96.2,0.0,0.0,0.0,421.1,0.62,66.0,100630.0
1990-04-19 21:00:00+00:00,24.51,96.2,0.0,0.0,0.0,421.3,0.76,45.0,100600.0
1990-04-19 22:00:00+00:00,24.29,96.2,0.0,0.0,0.0,415.5,0.83,64.0,100590.0
1990-04-19 23:00:00+00:00,24.02,96.2,0.0,0.0,0.0,408.95,0.9,61.0,100630.0
1990-04-20 00:00:00+00:00,24.51,96.2,203.25,384.53,121.45,418.2,0.62,60.0,100660.0
1990-04-20 01:00:00+00:00,26.01,93.2,408.7,548.91,159.7,425.1,0.41,103.0,100720.0
1990-04-20 02:00:00+00:00,27.28,84.6,581.95,519.6,236.75,419.4,0.41,170.0,100770.0
1990-04-20 03:00:00+00:00,28.39,76.85,757.9,707.72,170.1,422.85,0.55,228.0,100750.0
1990-04-20 04:00:00+00:00,29.46,69.95,829.0,654.54,213.15,416.85,0.97,232.0,100680.0
1990-04-20 05:00:00+00:00,29.91,69.95,888.4,734.06,163.25,424.8,1.31,234.0,100600.0
1990-04-20 06:00:00+00:00,30.17,70.0,766.15,634.18,152.1,424.6,1.86,230.0,100510.0
1990-04-20 07:00:00+00:00,29.48,72.25,560.95,395.06,211.95,426.9,1.93,253.0,100420.0
1990-04-20 08:00:00+00:00,28.81,76.95,341.5,242.59,162.2,425.75,1.24,259.0,100360.0
1990-04-20 09:00:00+00:00,28.33,79.4,210.5,124.82,142.45,430.8,1.03,288.0,100280.0
1990-04-20 10:00:00+00:00,28.21,79.4,83.95,73.05,60.95,420.55,0.76,330.0,100360.0
1990-04-20 11:00:00+00:00,26.59,87.35,1.8,0.0,1.8,422.3,0.83,318.0,100500.0
1990-04-20 12:00:00+00:00,25.31,93.15,0.0,0.0,0.0,417.85,0.55,257.0,100620.0
1990-04-20 13:00:00+00:00,24.85,96.2,0.0,0.0,0.0,422.45,0.55,96.0,100700.0
1990-04-20 14:00:00+00:00,24.73,96.2,0.0,0.0,0.0,428.85,1.17,79.0,100800.0
1990-04-20 15:00:00+00:00,24.75,96.2,0.0,0.0,0.0,427.1,0.97,62.0,100860.0
1990-04-20 16:00:00+00:00,24.61,96.2,0.0,0.0,0.0,420.9,0.48,126.0,100890.0
1990-04-20 17:00:00+00:00,24.51,96.2,0.0,0.0,0.0,418.8,0.48,118.0,100880.0
1990-04-20 18:00:00+00:00,24.2,96.2,0.0,0.0,0.0,414.9,0.14,16.0,100770.0
1990-04-20 19:00:00+00:00,24.07,96.2,0.0,0.0,0.0,421.7,0.55,360.0,100690.0
1990-04-20 20:00:00+00:00,23.92,96.2,0.0,0.0,0.0,420.55,0.55,339.0,100660.0
1990-04-20 21:00:00+00:00,23.94,93.1,0.0,0.0,0.0,420.9,0.34,311.0,100660.0
1990-04-20 22:00:00+00:00,23.87,96.2,0.0,0.0,0.0,424.2,0.14,106.0,100700.0
1990-04-20 23:00:00+00:00,23.82,96.2,0.0,0.0,0.0,419.0,0.62,71.0,100760.0
1990-04-21 00:00:00+00:00,24.15,96.2,138.7,145.76,107.55,418.6,0.48,44.0,100780.0
1990-04-21 01:00:00+00:00,24.86,90.15,263.55,199.79,172.8,425.85,0.34,350.0,100850.0
1990-04-21 02:00:00+00:00,25.87,87.3,514.9,367.99,270.35,420.75,0.76,336.0,100870.0
1990-04-21 03:00:00+00:00,27.26,81.9,688.85,424.63,336.25,420.9,1.24,307.0,100830.0
1990-04-21 04:00:00+00:00,28.31,82.05,771.6,491.57,309.35,423.45,1.86,280.0,100730.0
1990-04-21 05:00:00+00:00,28.83,82.1,763.9,469.44,300.55,431.0,1.86,280.0,100610.0
1990-04-21 06:00:00+00:00,29.22,82.15,740.3,488.06,268.25,429.25,2.07,282.0,100510.0
1990-04-21 07:00:00+00:00,29.41,72.15,662.4,465.18,252.0,429.45,2.83,297.0,100440.0
1990-04-21 08:00:00+00:00,29.62,69.95,456.3,324.29,217.0,429.85,3.1,292.0,100340.0
1990-04-21 09:00:00+00:00,29.04,72.15,273.1,262.1,130.5,430.6,3.24,292.0,100290.0
1990-04-21 10:00:00+00:00,28.27,76.85,88.55,117.71,51.6,427.1,2.76,306.0,100300.0
1990-04-21 11:00:00+00:00,27.53,81.95,2.15,0.0,2.15,420.15,1.59,310.0,100380.0
1990-04-21 12:00:00+00:00,26.79,87.35,0.0,0.0,0.0,414.35,1.24,267.0,100550.0
1990-04-21 13:00:00+00:00,26.24,90.2,0.0,0.0,0.0,414.15,1.03,270.0,100650.0
1990-04-21 14:00:00+00:00,25.87,93.15,0.0,0.0,0.0,416.3,0.55,294.0,100730.0
1990-04-21 15:00:00+00:00,25.67,93.15,0.0,0.0,0.0,415.7,0.48,14.0,100760.0
1990-04-21 16:00:00+00:00,25.06,93.15,0.0,0.0,0.0,410.85,1.03,33.0,100750.0
1990-04-21 17:00:00+00:00,24.61,93.15,0.0,0.0,0.0,409.1,1.03,53.0,100730.0
1990-04-21 18:00:00+00:00,24.36,96.2,0.0,0.0,0.0,411.85,0.69,57.0,100630.0
1990-04-21 19:00:00+00:00,24.51,93.15,0.0,0.0,0.0,415.3,0.76,7.0,100540.0
1990-04-21 20:00:00+00:00,24.29,93.1,0.0,0.0,0.0,410.85,0.76,307.0,100540.0
1990-04-21 21:00:00+00:00,23.79,96.2,0.0,0.0,0.0,415.3,0.69,291.0,100540.0
1990-04-21 22:00:00+00:00,23.75,96.2,0.0,0.0,0.0,430.8,0.48,1.0,100600.0
1990-04-21 23:00:00+00:00,23.74,96.2,0.0,0.0,0.0,430.8,1.31,34.0,100640.0
1990-04-22 00:00:00+00:00,23.87,96.2,111.75,75.0,95.65,423.45,0.97,25.0,100720.0
1990-04-22 01:00:00+00:00,24.74,90.15,241.6,68.16,210.6,420.65,0.83,42.0,100780.0
1990-04-22 02:00:00+00:00,25.79,90.2,306.5,92.52,245.0,416.45,0.62,31.0,100850.0
1990-04-22 03:00:00+00:00,26.66,87.35,251.95,52.4,208.45,418.6,0.34,342.0,100870.0
1990-04-22 04:00:00+00:00,27.08,84.6,424.4,85.82,343.75,426.9,0.69,321.0,100790.0
1990-04-22 05:00:00+00:00,27.93,81.95,408.2,83.45,325.9,430.8,1.03,313.0,100690.0
1990-04-22 06:00:00+00:00,28.3,79.4,525.95,152.26,378.85,433.7,1.1,300.0,100560.0
1990-04-22 07:00:00+00:00,29.18,74.55,604.75,303.11,337.7,435.85,1.03,296.0,100500.0
1990-04-22 08:00:00+00:00,29.5,74.65,476.75,313.83,245.55,427.7,1.17,283.0,100370.0
1990-04-22 09:00:00+00:00,29.23,77.0,287.55,218.43,168.95,424.4,1.52,274.0,100330.0
1990-04-22 10:00:00+00:00,27.72,81.95,58.05,30.67,48.45,431.95,1.45,287.0,100420.0
1990-04-22 11:00:00+00:00,26.68,87.35,0.95,0.0,0.95,435.25,0.9,335.0,100560.0
1990-04-22 12:00:00+00:00,26.22,90.2,0.0,0.0,0.0,431.55,0.83,30.0,100600.0
1990-04-22 13:00:00+00:00,25.68,93.15,0.0,0.0,0.0,421.3,0.9,44.0,100650.0
1990-04-22 14:00:00+00:00,25.19,93.15,0.0,0.0,0.0,415.1,0.97,47.0,100720.0
1990-04-22 15:00:00+00:00,24.87,96.2,0.0,0.0,0.0,414.9,1.1,63.0,100770.0
1990-04-22 16:00:00+00:00,24.58,96.2,0.0,0.0,0.0,418.2,1.1,75.0,100790.0
1990-04-22 17:00:00+00:00,24.38,96.2,0.0,0.0,0.0,419.75,0.97,58.0,100760.0
1990-04-22 18:00:00+00:00,24.12,96.2,0.0,0.0,0.0,421.1,0.9,60.0,100680.0
1990-04-22 19:00:00+00:00,24.11,96.2,0.0,0.0,0.0,413.75,0.9,48.0,100580.0
1990-04-22 20:00:00+00:00,23.91,96.2,0.0,0.0,0.0,413.95,0.83,56.0,100540.0
1990-04-22 21:00:00+00:00,23.85,99.4,0.0,0.0,0.0,418.8,0.76,61.0,100500.0
1990-04-22 22:00:00+00:00,23.78,96.2,0.0,0.0,0.0,420.9,0.48,70.0,100560.0
1990-04-22 23:00:00+00:00,23.61,96.2,0.0,0.0,0.0,417.25,0.28,52.0,100660.0
1990-04-23 00:00:00+00:00,24.26,96.2,175.95,320.8,106.8,411.65,0.41,93.0,100720.0
1990-04-23 01:00:00+00:00,26.28,90.2,313.3,347.02,155.3,419.5,0.48,190.0,100740.0
1990-04-23 02:00:00+00:00,27.11,84.6,500.15,403.4,231.95,426.15,0.69,216.0,100770.0
1990-04-23 03:00:00+00:00,28.35,79.4,556.7,445.24,187.2,421.3,0.97,226.0,100740.0
1990-04-23 04:00:00+00:00,29.18,72.15,648.15,412.01,261.2,427.9,1.17,247.0,100690.0
1990-04-23 05:00:00+00:00,29.76,69.95,743.65,473.67,276.95,432.15,1.38,249.0,100600.0
1990-04-23 06:00:00+00:00,30.19,67.8,801.95,610.28,213.0,428.45,1.45,255.0,100510.0
1990-04-23 07:00:00+00:00,30.55,65.7,641.8,550.77,157.2,427.1,2.14,275.0,100470.0
1990-04-23 08:00:00+00:00,30.4,67.8,496.4,497.68,130.35,425.75,2.0,270.0,100390.0
1990-04-23 09:00:00+00:00,30.06,67.8,325.3,433.05,90.65,422.45,1.72,260.0,100320.0
1990-04-23 10:00:00+00:00,29.67,69.95,110.6,246.88,33.55,417.45,1.59,287.0,100340.0
1990-04-23 11:00:00+00:00,28.78,76.95,2.0,0.0,2.0,416.65,1.24,284.0,100440.0
1990-04-23 12:00:00+00:00,27.82,81.95,0.0,0.0,0.0,416.1,1.31,269.0,100540.0
1990-04-23 13:00:00+00:00,26.83,90.25,0.0,0.0,0.0,406.4,1.1,285.0,100610.0
1990-04-23 14:00:00+00:00,26.13,93.2,0.0,0.0,0.0,404.85,0.9,340.0,100690.0
1990-04-23 15:00:00+00:00,25.54,93.15,0.0,0.0,0.0,401.0,0.97,22.0,100780.0
1990-04-23 16:00:00+00:00,25.02,90.2,0.0,0.0,0.0,402.75,1.17,42.0,100810.0
1990-04-23 17:00:00+00:00,24.57,93.15,0.0,0.0,0.0,403.9,1.24,49.0,100760.0
1990-04-23 18:00:00+00:00,24.21,96.2,0.0,0.0,0.0,407.2,1.17,57.0,100680.0
1990-04-23 19:00:00+00:00,24.62,96.2,0.0,0.0,0.0,415.7,1.1,42.0,100560.0
1990-04-23 20:00:00+00:00,24.54,93.15,0.0,0.0,0.0,414.75,1.24,41.0,100540.0
1990-04-23 21:00:00+00:00,24.45,93.15,0.0,0.0,0.0,419.4,1.03,60.0,100540.0
1990-04-23 22:00:00+00:00,24.31,96.2,0.0,0.0,0.0,415.5,1.1,58.0,100570.0
1990-04-23 23:00:00+00:00,24.16,93.1,0.0,0.0,0.0,414.9,1.1,53.0,100620.0
1990-04-24 00:00:00+00:00,24.69,93.15,194.2,487.26,88.75,407.55,0.69,82.0,100630.0
1990-04-24 01:00:00+00:00,26.33,90.2,461.1,698.47,142.75,412.15,0.9,108.0,100770.0
1990-04-24 02:00:00+00:00,27.79,81.95,480.55,474.72,164.9,417.05,0.62,136.0,100790.0
1990-04-24 03:00:00+00:00,28.35,79.4,763.9,653.28,221.95,418.6,0.76,230.0,100790.0
1990-04-24 04:00:00+00:00,29.13,79.55,854.95,673.98,222.4,423.25,1.24,235.0,100760.0
1990-04-24 05:00:00+00:00,29.96,77.1,732.45,462.89,276.8,426.9,1.24,235.0,100650.0
1990-04-24 06:00:00+00:00,29.74,74.65,640.2,416.99,238.25,438.9,2.21,228.0,100450.0
1990-04-24 07:00:00+00:00,28.96,79.55,497.3,323.56,213.0,434.1,1.72,276.0,100470.0
1990-04-24 08:00:00+00:00,28.85,84.75,292.3,101.52,217.75,433.1,1.66,287.0,100390.0
1990-04-24 09:00:00+00:00,27.83,81.95,144.75,47.15,119.25,425.95,1.03,276.0,100400.0
1990-04-24 10:00:00+00:00,26.69,84.55,39.1,0.64,38.9,427.9,0.41,58.0,100460.0
1990-04-24 11:00:00+00:00,26.18,90.2,1.2,0.0,1.2,425.55,0.28,298.0,100500.0
1990-04-24 12:00:00+00:00,25.69,93.15,0.0,0.0,0.0,418.6,0.48,285.0,100600.0
1990-04-24 13:00:00+00:00,25.44,93.15,0.0,0.0,0.0,417.25,0.9,19.0,100660.0
1990-04-24 14:00:00+00:00,25.19,93.15,0.0,0.0,0.0,413.2,1.1,360.0,100740.0
1990-04-24 15:00:00+00:00,24.95,93.15,0.0,0.0,0.0,412.4,0.9,11.0,100810.0
1990-04-24 16:00:00+00:00,24.77,96.2,0.0,0.0,0.0,417.05,0.9,46.0,100800.0
1990-04-24 17:00:00+00:00,24.35,96.2,0.0,0.0,0.0,408.9,0.9,46.0,100770.0
1990-04-24 18:00:00+00:00,23.93,96.2,0.0,0.0,0.0,407.75,0.62,56.0,100690.0
1990-04-24 19:00:00+00:00,24.11,96.2,0.0,0.0,0.0,419.4,0.76,85.0,100630.0
1990-04-24 20:00:00+00:00,23.97,96.2,0.0,0.0,0.0,410.3,0.83,100.0,100550.0
1990-04-24 21:00:00+00:00,23.85,99.4,0.0,0.0,0.0,416.85,0.41,82.0,100540.0
1990-04-24 22:00:00+00:00,23.67,96.2,0.0,0.0,0.0,415.3,0.62,83.0,100560.0
1990-04-24 23:00:00+00:00,23.46,96.2,0.0,0.0,0.0,412.6,0.55,65.0,100640.0
1990-04-25 00:00:00+00:00,24.37,93.1,211.8,542.07,94.05,418.2,0.34,51.0,100700.0
1990-04-25 01:00:00+00:00,25.61,90.2,415.45,617.16,133.9,418.3,0.14,341.0,100760.0
1990-04-25 02:00:00+00:00,26.88,84.55,662.1,761.41,155.8,414.35,0.9,315.0,100780.0
1990-04-25 03:00:00+00:00,28.15,79.4,758.0,676.47,197.05,415.7,1.31,280.0,100810.0
1990-04-25 04:00:00+00:00,29.06,77.0,662.95,406.35,281.85,424.6,2.0,264.0,100770.0
1990-04-25 05:00:00+00:00,28.01,82.05,632.3,366.58,271.8,434.3,2.34,263.0,100690.0
1990-04-25 06:00:00+00:00,27.89,87.45,527.15,285.46,252.3,431.4,1.38,260.0,100560.0
1990-04-25 07:00:00+00:00,28.49,82.1,408.3,176.42,253.5,428.1,1.45,304.0,100410.0
1990-04-25 08:00:00+00:00,28.12,82.05,318.1,190.55,178.4,428.3,1.45,295.0,100300.0
1990-04-25 09:00:00+00:00,28.02,82.05,198.75,86.8,151.9,429.85,1.17,261.0,100330.0
1990-04-25 10:00:00+00:00,26.24,84.5,49.8,11.12,46.35,426.35,1.93,245.0,100430.0
1990-04-25 11:00:00+00:00,24.8,90.15,1.1,0.0,1.1,422.45,1.03,283.0,100560.0
1990-04-25 12:00:00+00:00,24.35,93.1,0.0,0.0,0.0,423.05,1.59,21.0,100570.0
1990-04-25 13:00:00+00:00,24.21,93.1,0.0,0.0,0.0,420.35,1.45,19.0,100600.0
1990-04-25 14:00:00+00:00,24.11,93.1,0.0,0.0,0.0,415.5,1.03,13.0,100730.0
1990-04-25 15:00:00+00:00,23.85,96.2,0.0,0.0,0.0,416.65,0.62,20.0,100800.0
1990-04-25 16:00:00+00:00,23.74,96.2,0.0,0.0,0.0,423.05,0.9,37.0,100830.0
1990-04-25 17:00:00+00:00,23.7,93.1,0.0,0.0,0.0,423.05,0.83,40.0,100780.0
1990-04-25 18:00:00+00:00,23.48,96.2,0.0,0.0,0.0,417.25,0.62,23.0,100720.0
1990-04-25 19:00:00+00:00,23.42,96.2,0.0,0.0,0.0,423.05,0.83,65.0,100630.0
1990-04-25 20:00:00+00:00,23.26,96.2,0.0,0.0,0.0,422.45,0.69,58.0,100550.0
1990-04-25 21:00:00+00:00,23.14,96.2,0.0,0.0,0.0,420.35,0.69,40.0,100540.0
1990-04-25 22:00:00+00:00,23.1,96.2,0.0,0.0,0.0,419.4,0.97,58.0,100530.0
1990-04-25 23:00:00+00:00,23.08,96.2,0.0,0.0,0.0,422.45,1.24,68.0,100590.0
1990-04-26 00:00:00+00:00,23.21,96.2,122.45,202.76,78.25,416.85,1.38,81.0,100650.0
1990-04-26 01:00:00+00:00,24.28,93.1,215.6,187.48,130.0,419.5,1.17,89.0,100700.0
1990-04-26 02:00:00+00:00,25.32,90.2,357.45,184.68,234.65,420.55,0.9,95.0,100780.0
1990-04-26 03:00:00+00:00,26.46,84.55,461.85,200.58,295.6,417.85,0.41,89.0,100790.0
1990-04-26 04:00:00+00:00,27.32,81.9,496.4,224.62,285.9,427.5,0.48,281.0,100750.0
1990-04-26 05:00:00+00:00,27.77,81.95,621.9,265.92,360.65,425.95,1.45,252.0,100650.0
1990-04-26 06:00:00+00:00,28.34,82.05,318.5,30.68,289.0,424.6,2.0,268.0,100570.0
1990-04-26 07:00:00+00:00,27.21,84.6,302.3,52.04,256.7,436.0,1.38,274.0,100490.0
1990-04-26 08:00:00+00:00,26.25,87.3,206.0,36.0,179.65,427.7,1.72,275.0,100410.0
1990-04-26 09:00:00+00:00,25.72,90.2,78.35,16.89,69.25,421.9,1.24,291.0,100430.0
1990-04-26 10:00:00+00:00,25.48,90.2,40.5,0.0,40.5,431.2,1.1,306.0,100460.0
1990-04-26 11:00:00+00:00,25.14,93.15,1.3,0.0,1.3,417.85,1.1,300.0,100490.0
1990-04-26 12:00:00+00:00,24.72,93.15,0.0,0.0,0.0,416.85,0.76,331.0,100620.0
1990-04-26 13:00:00+00:00,24.48,93.15,0.0,0.0,0.0,417.65,0.62,40.0,100710.0
1990-04-26 14:00:00+00:00,24.28,96.2,0.0,0.0,0.0,415.5,0.9,28.0,100790.0
1990-04-26 15:00:00+00:00,24.11,96.2,0.0,0.0,0.0,419.95,0.76,19.0,100840.0
1990-04-26 16:00:00+00:00,23.91,96.2,0.0,0.0,0.0,423.45,0.83,26.0,100850.0
1990-04-26 17:00:00+00:00,23.86,96.2,0.0,0.0,0.0,423.45,0.83,12.0,100820.0
1990-04-26 18:00:00+00:00,23.81,96.2,0.0,0.0,0.0,429.45,0.69,346.0,100740.0
1990-04-26 19:00:00+00:00,23.7,96.2,0.0,0.0,0.0,419.95,0.48,318.0,100650.0
1990-04-26 20:00:00+00:00,23.62,96.2,0.0,0.0,0.0,418.4,0.69,29.0,100570.0
1990-04-26 21:00:00+00:00,23.53,96.2,0.0,0.0,0.0,422.1,0.9,28.0,100520.0
1990-04-26 22:00:00+00:00,23.43,96.2,0.0,0.0,0.0,421.7,0.9,358.0,100560.0
1990-04-26 23:00:00+00:00,23.27,99.4,0.0,0.0,0.0,414.75,0.9,344.0,100620.0
1990-04-27 00:00:00+00:00,23.87,96.2,169.4,201.87,125.25,423.65,1.38,332.0,100700.0
1990-04-27 01:00:00+00:00,24.84,90.15,341.55,424.15,147.75,420.25,1.38,331.0,100780.0
1990-04-27 02:00:00+00:00,26.2,87.3,598.25,580.71,212.15,419.95,1.59,314.0,100820.0
1990-04-27 03:00:00+00:00,27.54,81.95,747.55,649.36,209.6,419.75,2.28,298.0,100820.0
1990-04-27 04:00:00+00:00,28.54,79.5,820.95,639.89,221.75,424.4,2.34,286.0,100770.0
1990-04-27 05:00:00+00:00,29.08,82.15,797.0,554.22,253.05,425.4,2.69,281.0,100690.0
1990-04-27 06:00:00+00:00,28.59,82.1,803.9,625.48,203.1,434.65,2.9,275.0,100560.0
1990-04-27 07:00:00+00:00,29.51,72.25,682.45,616.43,143.05,420.55,2.83,283.0,100430.0
1990-04-27 08:00:00+00:00,28.65,76.95,429.5,320.67,195.15,419.75,2.9,296.0,100370.0
1990-04-27 09:00:00+00:00,28.21,79.4,204.6,121.08,139.5,422.85,1.86,291.0,100330.0
1990-04-27 10:00:00+00:00,27.28,84.6,77.65,86.31,51.0,419.2,2.28,304.0,100350.0
1990-04-27 11:00:00+00:00,26.06,87.3,1.85,0.0,1.85,415.1,1.45,330.0,100440.0
1990-04-27 12:00:00+00:00,25.61,90.2,0.0,0.0,0.0,419.4,1.24,333.0,100540.0
1990-04-27 13:00:00+00:00,25.23,90.2,0.0,0.0,0.0,412.2,0.9,349.0,100600.0
1990-04-27 14:00:00+00:00,24.88,93.15,0.0,0.0,0.0,409.1,0.9,344.0,100700.0
1990-04-27 15:00:00+00:00,24.56,93.15,0.0,0.0,0.0,406.2,0.97,13.0,100780.0
1990-04-27 16:00:00+00:00,24.24,93.1,0.0,0.0,0.0,404.65,1.17,50.0,100800.0
1990-04-27 17:00:00+00:00,23.9,93.1,0.0,0.0,0.0,405.85,0.9,41.0,100800.0
1990-04-27 18:00:00+00:00,23.56,96.2,0.0,0.0,0.0,401.75,0.9,41.0,100740.0
1990-04-27 19:00:00+00:00,23.61,96.2,0.0,0.0,0.0,412.2,0.55,37.0,100650.0
1990-04-27 20:00:00+00:00,23.5,96.2,0.0,0.0,0.0,417.05,0.41,52.0,100620.0
1990-04-27 21:00:00+00:00,23.28,96.2,0.0,0.0,0.0,416.85,0.41,61.0,100610.0
1990-04-27 22:00:00+00:00,23.01,96.2,0.0,0.0,0.0,413.4,0.55,76.0,100660.0
1990-04-27 23:00:00+00:00,22.84,99.4,0.0,0.0,0.0,412.0,0.9,52.0,100710.0
1990-04-28 00:00:00+00:00,23.26,96.2,176.7,266.43,118.25,413.95,0.83,36.0,100750.0
1990-04-28 01:00:00+00:00,24.84,93.15,306.4,325.24,157.7,420.65,0.69,358.0,100790.0
1990-04-28 02:00:00+00:00,26.0,87.3,524.5,532.06,170.8,419.4,0.9,328.0,100830.0
1990-04-28 03:00:00+00:00,27.68,79.35,696.5,579.68,216.55,415.9,1.03,309.0,100830.0
1990-04-28 04:00:00+00:00,28.66,76.95,760.25,624.71,175.75,427.3,1.03,282.0,100810.0
1990-04-28 05:00:00+00:00,29.15,79.55,807.15,566.21,252.0,424.2,1.52,263.0,100710.0
1990-04-28 06:00:00+00:00,29.49,77.1,580.75,324.27,269.65,432.9,2.28,250.0,100560.0
1990-04-28 07:00:00+00:00,27.79,84.65,377.6,174.4,225.2,423.25,2.07,223.0,100490.0
1990-04-28 08:00:00+00:00,27.22,84.6,233.25,65.03,185.8,422.65,2.07,241.0,100440.0
1990-04-28 09:00:00+00:00,26.0,90.2,139.65,56.55,109.3,425.55,1.24,222.0,100460.0
1990-04-28 10:00:00+00:00,25.98,90.2,54.7,19.97,48.55,421.5,0.76,289.0,100460.0
1990-04-28 11:00:00+00:00,25.7,93.15,1.3,0.0,1.3,419.75,0.83,318.0,100530.0
1990-04-28 12:00:00+00:00,24.96,90.2,0.0,0.0,0.0,421.9,0.69,291.0,100650.0
1990-04-28 13:00:00+00:00,24.72,93.15,0.0,0.0,0.0,422.65,0.41,313.0,100700.0
1990-04-28 14:00:00+00:00,24.44,93.15,0.0,0.0,0.0,415.9,0.83,35.0,100740.0
1990-04-28 15:00:00+00:00,24.23,96.2,0.0,0.0,0.0,416.3,0.62,16.0,100790.0
1990-04-28 16:00:00+00:00,24.02,96.2,0.0,0.0,0.0,414.35,0.55,39.0,100810.0
1990-04-28 17:00:00+00:00,23.81,99.4,0.0,0.0,0.0,414.75,0.41,40.0,100780.0
1990-04-28 18:00:00+00:00,23.63,96.2,0.0,0.0,0.0,414.35,0.48,40.0,100710.0
1990-04-28 19:00:00+00:00,24.07,93.1,0.0,0.0,0.0,417.65,0.34,324.0,100650.0
1990-04-28 20:00:00+00:00,23.71,96.2,0.0,0.0,0.0,408.55,0.62,27.0,100600.0
1990-04-28 21:00:00+00:00,23.22,96.2,0.0,0.0,0.0,399.85,0.97,32.0,100580.0
1990-04-28 22:00:00+00:00,22.98,96.2,0.0,0.0,0.0,399.05,1.1,33.0,100610.0
1990-04-28 23:00:00+00:00,22.77,99.4,0.0,0.0,0.0,400.2,0.97,33.0,100650.0
1990-04-29 00:00:00+00:00,23.79,96.2,204.7,392.71,118.3,403.3,0.62,29.0,100700.0
1990-04-29 01:00:00+00:00,25.62,93.15,425.2,627.07,138.35,408.05,0.41,7.0,100760.0
1990-04-29 02:00:00+00:00,27.06,84.6,628.1,690.98,168.85,410.3,0.69,337.0,100800.0
1990-04-29 03:00:00+00:00,28.47,76.95,801.9,739.55,189.95,415.9,0.9,321.0,100810.0
1990-04-29 04:00:00+00:00,29.49,74.65,895.4,742.11,201.65,412.6,1.1,299.0,100770.0
1990-04-29 05:00:00+00:00,30.11,72.35,930.5,713.88,231.3,416.85,1.52,285.0,100690.0
1990-04-29 06:00:00+00:00,30.66,70.1,800.8,641.55,186.05,429.05,2.14,273.0,100590.0
1990-04-29 07:00:00+00:00,30.78,65.7,668.95,582.49,160.65,424.4,1.45,271.0,100470.0
1990-04-29 08:00:00+00:00,30.36,70.0,453.5,399.85,162.2,429.25,1.93,249.0,100380.0
1990-04-29 09:00:00+00:00,29.08,72.15,252.1,297.19,92.9,430.2,1.59,290.0,100340.0
1990-04-29 10:00:00+00:00,28.09,76.85,50.2,51.58,34.35,428.1,0.69,343.0,100440.0
1990-04-29 11:00:00+00:00,26.54,87.35,1.05,0.0,1.05,430.8,0.07,53.0,100560.0
1990-04-29 12:00:00+00:00,25.65,93.15,0.0,0.0,0.0,424.8,0.34,329.0,100660.0
1990-04-29 13:00:00+00:00,25.05,93.15,0.0,0.0,0.0,419.75,0.97,27.0,100720.0
1990-04-29 14:00:00+00:00,24.82,93.15,0.0,0.0,0.0,421.1,1.03,50.0,100750.0
1990-04-29 15:00:00+00:00,24.64,93.15,0.0,0.0,0.0,416.1,1.1,52.0,100840.0
1990-04-29 16:00:00+00:00,24.5,93.15,0.0,0.0,0.0,416.85,1.24,62.0,100880.0
1990-04-29 17:00:00+00:00,24.23,96.2,0.0,0.0,0.0,413.95,1.17,90.0,100860.0
1990-04-29 18:00:00+00:00,24.02,93.1,0.0,0.0,0.0,417.05,1.03,118.0,100810.0
1990-04-29 19:00:00+00:00,24.24,96.2,0.0,0.0,0.0,416.85,0.9,80.0,100660.0
1990-04-29 20:00:00+00:00,24.11,96.2,0.0,0.0,0.0,421.1,0.55,98.0,100640.0
1990-04-29 21:00:00+00:00,24.12,96.2,0.0,0.0,0.0,426.35,0.83,80.0,100610.0
1990-04-29 22:00:00+00:00,24.15,96.2,0.0,0.0,0.0,424.8,1.03,82.0,100610.0
1990-04-29 23:00:00+00:00,23.92,96.2,0.0,0.0,0.0,417.05,0.76,100.0,100610.0
1990-04-30 00:00:00+00:00,24.38,96.2,166.7,291.04,102.5,408.15,0.62,95.0,100670.0
1990-04-30 01:00:00+00:00,25.52,93.15,292.95,186.72,207.5,409.6,0.83,113.0,100710.0
1990-04-30 02:00:00+00:00,26.39,87.3,553.4,483.48,232.15,416.45,1.17,129.0,100750.0
1990-04-30 03:00:00+00:00,27.74,79.35,567.7,360.55,269.55,419.0,1.52,135.0,100760.0
1990-04-30 04:00:00+00:00,28.37,76.85,722.9,458.77,294.4,425.75,1.38,141.0,100690.0
1990-04-30 05:00:00+00:00,29.06,74.55,740.95,435.3,315.05,429.65,1.17,164.0,100630.0
1990-04-30 06:00:00+00:00,29.67,74.65,706.5,474.06,252.8,430.6,1.52,196.0,100550.0
1990-04-30 07:00:00+00:00,30.42,74.7,582.65,423.09,213.95,429.85,1.45,198.0,100420.0
1990-04-30 08:00:00+00:00,29.18,77.0,397.55,311.18,171.2,426.75,1.38,202.0,100400.0
1990-04-30 09:00:00+00:00,28.02,79.4,232.8,247.6,100.4,427.9,0.69,174.0,100370.0
1990-04-30 10:00:00+00:00,27.91,81.95,68.4,109.43,34.85,425.55,0.48,73.0,100380.0
1990-04-30 11:00:00+00:00,27.07,84.6,1.8,0.0,1.8,423.05,0.41,353.0,100470.0
1990-04-30 12:00:00+00:00,25.66,93.15,0.0,0.0,0.0,415.3,0.76,292.0,100570.0
1990-04-30 13:00:00+00:00,24.94,93.15,0.0,0.0,0.0,413.95,0.62,312.0,100660.0
1990-04-30 14:00:00+00:00,24.77,96.2,0.0,0.0,0.0,419.4,0.76,37.0,100700.0
1990-04-30 15:00:00+00:00,24.63,96.2,0.0,0.0,0.0,412.8,1.1,53.0,100770.0
1990-04-30 16:00:00+00:00,22.91,99.19,0.0,0.0,0.0,411.4,0.81,72.0,100800.0
1990-04-30 17:00:00+00:00,23.25,98.15,0.0,0.0,0.0,413.26,0.83,84.0,100770.0
1990-04-30 18:00:00+00:00,23.6,97.11,0.0,0.0,0.0,415.11,0.86,103.0,100720.0
1990-04-30 19:00:00+00:00,23.94,96.07,0.0,0.0,0.0,416.96,0.89,85.0,100660.0
1990-04-30 20:00:00+00:00,24.29,95.03,0.0,0.0,0.0,418.82,0.91,58.0,100600.0
1990-04-30 21:00:00+00:00,24.63,93.99,0.0,0.0,0.0,420.67,0.94,50.0,100600.0
1990-04-30 22:00:00+00:00,24.98,92.95,0.0,0.0,0.0,422.53,0.97,55.0,100640.0
1990-04-30 23:00:00+00:00,25.32,91.9,0.0,0.0,0.0,424.38,1.0,58.0,100700.0
1990-05-01 00:00:00+00:00,25.67,90.86,141.2,76.88,124.2,426.24,1.02,128.0,100580.0
1990-05-01 01:00:00+00:00,26.01,89.82,291.65,109.88,241.35,428.09,1.05,150.0,100660.0
1990-05-01 02:00:00+00:00,26.36,88.78,321.2,78.74,268.9,429.95,1.08,185.0,100730.0
1990-05-01 03:00:00+00:00,26.7,87.74,493.6,224.9,307.75,431.8,1.1,228.0,100750.0
1990-05-01 04:00:00+00:00,27.05,86.7,510.55,149.33,371.2,433.65,1.13,243.0,100720.0
1990-05-01 05:00:00+00:00,27.39,85.66,578.2,159.98,421.85,435.51,1.16,224.0,100580.0
1990-05-01 06:00:00+00:00,27.73,84.62,545.85,221.31,334.3,437.36,1.18,219.0,100480.0
1990-05-01 07:00:00+00:00,28.08,83.58,384.75,209.14,202.75,439.22,1.21,258.0,100430.0
1990-05-01 08:00:00+00:00,28.23,82.1,340.05,256.51,153.75,426.9,1.17,265.0,100290.0
1990-05-01 09:00:00+00:00,28.33,79.5,252.9,236.32,126.75,422.1,0.69,268.0,100230.0
1990-05-01 10:00:00+00:00,28.33,79.5,70.3,100.19,39.65,417.05,0.62,275.0,100230.0
1990-05-01 11:00:00+00:00,27.85,82.05,1.95,0.0,1.95,414.9,0.9,255.0,100350.0
1990-05-01 12:00:00+00:00,27.03,87.4,0.0,0.0,0.0,412.2,1.17,216.0,100410.0
1990-05-01 13:00:00+00:00,26.37,90.25,0.0,0.0,0.0,414.75,0.9,222.0,100460.0
1990-05-01 14:00:00+00:00,26.25,87.35,0.0,0.0,0.0,408.15,0.07,135.0,100590.0
1990-05-01 15:00:00+00:00,25.72,93.2,0.0,0.0,0.0,415.9,0.62,70.0,100670.0
1990-05-01 16:00:00+00:00,25.39,93.15,0.0,0.0,0.0,418.8,0.76,52.0,100690.0
1990-05-01 17:00:00+00:00,24.77,96.2,0.0,0.0,0.0,413.0,1.03,64.0,100680.0
1990-05-01 18:00:00+00:00,24.2,99.4,0.0,0.0,0.0,414.55,0.97,60.0,100590.0
1990-05-01 19:00:00+00:00,24.73,93.15,0.0,0.0,0.0,419.2,1.38,54.0,100540.0
1990-05-01 20:00:00+00:00,24.58,96.2,0.0,0.0,0.0,417.25,1.24,57.0,100490.0
1990-05-01 21:00:00+00:00,24.39,96.2,0.0,0.0,0.0,415.5,1.1,64.0,100440.0
1990-05-01 22:00:00+00:00,24.1,99.4,0.0,0.0,0.0,409.9,1.1,64.0,100460.0
1990-05-01 23:00:00+00:00,23.81,96.2,0.0,0.0,0.0,406.0,1.17,62.0,100500.0
1990-05-02 00:00:00+00:00,24.67,96.2,211.8,469.73,107.7,405.25,0.69,70.0,100560.0
1990-05-02 01:00:00+00:00,26.9,84.6,406.35,494.33,180.0,411.55,0.34,121.0,100650.0
1990-05-02 02:00:00+00:00,28.11,82.05,645.8,709.01,175.05,417.45,0.83,200.0,100730.0
1990-05-02 03:00:00+00:00,29.16,79.55,627.25,432.87,269.8,417.85,1.38,221.0,100710.0
1990-05-02 04:00:00+00:00,29.02,79.55,822.7,615.8,248.6,431.0,1.72,208.0,100650.0
1990-05-02 05:00:00+00:00,29.63,82.2,717.1,446.65,281.05,428.1,2.0,219.0,100550.0
1990-05-02 06:00:00+00:00,29.34,82.2,419.05,191.68,236.05,431.55,1.79,225.0,100460.0
1990-05-02 07:00:00+00:00,28.78,82.15,469.35,216.84,280.9,431.4,0.14,220.0,100430.0
1990-05-02 08:00:00+00:00,29.04,84.8,360.75,182.71,228.25,422.65,0.0,73.0,100240.0
1990-05-02 09:00:00+00:00,29.24,82.2,211.2,158.66,126.65,425.75,0.34,15.0,100290.0
1990-05-02 10:00:00+00:00,28.27,82.1,80.85,78.95,56.75,425.2,0.48,42.0,100320.0
1990-05-02 11:00:00+00:00,27.58,87.45,1.55,0.0,1.55,423.65,0.48,254.0,100380.0
1990-05-02 12:00:00+00:00,26.65,93.2,0.0,0.0,0.0,417.85,0.76,230.0,100450.0
1990-05-02 13:00:00+00:00,26.13,96.25,0.0,0.0,0.0,412.4,1.03,79.0,100540.0
1990-05-02 14:00:00+00:00,25.57,99.4,0.0,0.0,0.0,413.55,1.1,74.0,100640.0
1990-05-02 15:00:00+00:00,25.27,96.25,0.0,0.0,0.0,412.0,1.17,84.0,100740.0
1990-05-02 16:00:00+00:00,25.21,96.25,0.0,0.0,0.0,420.55,1.03,85.0,100770.0
1990-05-02 17:00:00+00:00,24.94,99.4,0.0,0.0,0.0,415.9,1.03,82.0,100720.0
1990-05-02 18:00:00+00:00,24.57,99.4,0.0,0.0,0.0,413.75,1.1,80.0,100640.0
1990-05-02 19:00:00+00:00,24.38,99.4,0.0,0.0,0.0,414.9,1.38,82.0,100550.0
1990-05-02 20:00:00+00:00,24.31,96.2,0.0,0.0,0.0,409.9,1.45,82.0,100480.0
1990-05-02 21:00:00+00:00,24.22,96.2,0.0,0.0,0.0,412.2,1.24,78.0,100490.0
1990-05-02 22:00:00+00:00,23.82,99.4,0.0,0.0,0.0,404.1,1.38,59.0,100520.0
1990-05-02 23:00:00+00:00,23.69,99.4,0.0,0.0,0.0,406.8,1.38,50.0,100580.0
1990-05-03 00:00:00+00:00,24.09,99.4,199.7,562.46,74.8,402.55,0.83,27.0,100650.0
1990-05-03 01:00:00+00:00,25.63,93.15,317.8,374.6,146.25,418.5,0.55,33.0,100740.0
1990-05-03 02:00:00+00:00,26.62,87.35,587.5,672.42,141.25,416.85,0.55,84.0,100750.0
1990-05-03 03:00:00+00:00,28.02,79.4,628.85,569.61,158.85,416.3,1.17,145.0,100750.0
1990-05-03 04:00:00+00:00,28.82,77.0,694.6,485.24,242.65,423.85,1.03,167.0,100710.0
1990-05-03 05:00:00+00:00,29.72,72.35,741.55,535.54,219.3,441.25,1.1,197.0,100580.0
1990-05-03 06:00:00+00:00,30.29,70.1,684.8,462.13,244.15,427.1,1.79,218.0,100460.0
1990-05-03 07:00:00+00:00,29.06,74.55,496.3,295.83,239.55,434.65,1.66,264.0,100350.0
1990-05-03 08:00:00+00:00,28.67,76.95,314.6,225.58,151.25,424.6,1.03,329.0,100320.0
1990-05-03 09:00:00+00:00,28.6,76.95,267.65,288.52,114.15,423.85,1.1,297.0,100250.0
1990-05-03 10:00:00+00:00,28.5,76.95,82.55,123.25,45.0,423.25,1.24,273.0,100340.0
1990-05-03 11:00:00+00:00,27.15,84.6,1.8,0.0,1.8,422.1,0.69,268.0,100420.0
1990-05-03 12:00:00+00:00,26.48,87.35,0.0,0.0,0.0,415.1,0.41,100.0,100460.0
1990-05-03 13:00:00+00:00,25.8,90.2,0.0,0.0,0.0,410.1,1.31,59.0,100500.0
1990-05-03 14:00:00+00:00,25.3,93.15,0.0,0.0,0.0,408.55,1.17,63.0,100540.0
1990-05-03 15:00:00+00:00,24.88,96.2,0.0,0.0,0.0,407.2,1.17,79.0,100580.0
1990-05-03 16:00:00+00:00,24.75,96.2,0.0,0.0,0.0,410.3,1.03,72.0,100620.0
1990-05-03 17:00:00+00:00,24.53,99.4,0.0,0.0,0.0,409.9,1.03,77.0,100580.0
1990-05-03 18:00:00+00:00,24.34,99.4,0.0,0.0,0.0,410.1,0.97,85.0,100510.0
1990-05-03 19:00:00+00:00,24.12,100.0,0.0,0.0,0.0,410.3,0.69,59.0,100410.0
1990-05-03 20:00:00+00:00,23.94,100.0,0.0,0.0,0.0,406.8,1.03,61.0,100360.0
1990-05-03 21:00:00+00:00,23.74,99.4,0.0,0.0,0.0,419.55,0.9,69.0,100360.0
1990-05-03 22:00:00+00:00,23.55,100.0,0.0,0.0,0.0,412.4,1.03,70.0,100380.0
1990-05-03 23:00:00+00:00,23.42,100.0,0.0,0.0,0.0,402.15,1.17,69.0,100460.0
1990-05-04 00:00:00+00:00,23.97,99.4,222.5,577.2,94.1,405.05,1.03,70.0,100480.0
1990-05-04 01:00:00+00:00,25.97,93.2,459.7,723.84,128.2,412.15,1.03,92.0,100530.0
1990-05-04 02:00:00+00:00,27.87,79.4,558.9,662.06,119.75,412.2,1.66,116.0,100570.0
1990-05-04 03:00:00+00:00,29.01,74.55,720.95,704.15,140.4,415.7,1.86,118.0,100540.0
1990-05-04 04:00:00+00:00,30.08,70.0,792.5,677.08,162.5,421.7,1.72,118.0,100470.0
1990-05-04 05:00:00+00:00,30.8,67.85,717.8,527.01,204.45,424.2,1.59,116.0,100390.0
1990-05-04 06:00:00+00:00,31.11,67.85,739.1,534.16,230.4,429.85,1.59,112.0,100300.0
1990-05-04 07:00:00+00:00,31.15,67.85,527.0,330.38,240.65,425.95,0.83,200.0,100230.0
1990-05-04 08:00:00+00:00,30.14,70.0,395.15,272.31,198.25,437.2,1.52,222.0,100170.0
1990-05-04 09:00:00+00:00,28.67,76.95,148.55,73.99,109.25,434.45,0.97,170.0,100190.0
1990-05-04 10:00:00+00:00,27.95,79.4,78.15,53.44,61.9,428.85,0.14,53.0,100250.0
1990-05-04 11:00:00+00:00,27.45,81.95,1.55,0.0,1.55,418.4,0.07,25.0,100330.0
1990-05-04 12:00:00+00:00,26.76,87.4,0.0,0.0,0.0,421.5,0.55,210.0,100430.0
1990-05-04 13:00:00+00:00,26.25,90.25,0.0,0.0,0.0,421.7,0.41,199.0,100470.0
1990-05-04 14:00:00+00:00,26.01,93.2,0.0,0.0,0.0,419.2,0.28,135.0,100540.0
1990-05-04 15:00:00+00:00,25.7,93.2,0.0,0.0,0.0,412.4,0.14,234.0,100600.0
1990-05-04 16:00:00+00:00,25.22,96.25,0.0,0.0,0.0,413.95,0.62,94.0,100580.0
1990-05-04 17:00:00+00:00,24.85,96.2,0.0,0.0,0.0,411.85,0.97,85.0,100530.0
1990-05-04 18:00:00+00:00,24.5,99.4,0.0,0.0,0.0,406.8,0.9,88.0,100470.0
1990-05-04 19:00:00+00:00,24.9,96.2,0.0,0.0,0.0,409.5,0.62,72.0,100390.0
1990-05-04 20:00:00+00:00,24.71,96.2,0.0,0.0,0.0,412.6,0.41,47.0,100330.0
1990-05-04 21:00:00+00:00,24.32,99.4,0.0,0.0,0.0,411.65,0.76,16.0,100310.0
1990-05-04 22:00:00+00:00,24.01,100.0,0.0,0.0,0.0,412.4,0.69,31.0,100340.0
1990-05-04 23:00:00+00:00,24.03,100.0,0.0,0.0,0.0,421.5,0.55,88.0,100440.0
1990-05-05 00:00:00+00:00,24.75,96.2,195.15,425.93,100.25,423.85,0.69,92.0,100510.0
1990-05-05 01:00:00+00:00,26.21,90.25,417.3,590.68,146.8,424.5,1.03,80.0,100540.0
1990-05-05 02:00:00+00:00,27.75,82.05,689.55,839.84,132.8,425.55,0.9,105.0,100550.0
1990-05-05 03:00:00+00:00,29.24,72.25,722.05,674.34,166.55,414.35,0.9,120.0,100500.0
1990-05-05 04:00:00+00:00,29.97,74.7,807.55,700.04,156.85,416.3,1.03,154.0,100480.0
1990-05-05 05:00:00+00:00,30.93,70.1,613.65,370.0,253.65,429.65,1.1,165.0,100370.0
1990-05-05 06:00:00+00:00,28.98,74.55,792.9,638.59,185.5,437.55,1.59,185.0,100280.0
1990-05-05 07:00:00+00:00,30.93,67.85,551.15,372.01,229.15,428.85,1.17,196.0,100140.0
1990-05-05 08:00:00+00:00,29.51,72.25,272.7,87.04,209.85,442.6,0.9,222.0,100120.0
1990-05-05 09:00:00+00:00,28.08,79.4,146.6,32.53,129.35,434.65,1.03,146.0,100200.0
1990-05-05 10:00:00+00:00,27.12,84.6,48.05,11.86,44.45,425.75,0.97,103.0,100260.0
1990-05-05 11:00:00+00:00,26.34,87.35,1.35,0.0,1.35,421.1,0.28,231.0,100340.0
1990-05-05 12:00:00+00:00,25.69,93.2,0.0,0.0,0.0,420.9,0.55,314.0,100440.0
1990-05-05 13:00:00+00:00,25.44,96.25,0.0,0.0,0.0,416.1,0.69,67.0,100520.0
1990-05-05 14:00:00+00:00,25.25,96.25,0.0,0.0,0.0,416.45,0.97,91.0,100580.0
1990-05-05 15:00:00+00:00,25.06,96.2,0.0,0.0,0.0,414.15,0.69,105.0,100640.0
1990-05-05 16:00:00+00:00,24.76,96.2,0.0,0.0,0.0,409.3,0.9,89.0,100650.0
1990-05-05 17:00:00+00:00,24.59,99.4,0.0,0.0,0.0,413.2,0.9,78.0,100610.0
1990-05-05 18:00:00+00:00,24.3,99.4,0.0,0.0,0.0,409.3,0.9,78.0,100570.0
1990-05-05 19:00:00+00:00,24.82,96.2,0.0,0.0,0.0,421.3,1.1,68.0,100430.0
1990-05-05 20:00:00+00:00,24.62,99.4,0.0,0.0,0.0,413.0,1.38,71.0,100380.0
1990-05-05 21:00:00+00:00,24.49,99.4,0.0,0.0,0.0,412.4,1.52,69.0,100340.0
1990-05-05 22:00:00+00:00,24.34,99.4,0.0,0.0,0.0,409.5,1.52,66.0,100370.0
1990-05-05 23:00:00+00:00,24.23,99.4,0.0,0.0,0.0,414.15,1.31,61.0,100430.0
1990-05-06 00:00:00+00:00,24.88,96.2,213.7,556.9,89.45,420.75,1.45,67.0,100500.0
1990-05-06 01:00:00+00:00,26.56,90.25,434.1,640.23,140.95,413.5,1.52,77.0,100540.0
1990-05-06 02:00:00+00:00,28.1,84.7,559.65,600.98,161.5,414.35,1.31,88.0,100580.0
1990-05-06 03:00:00+00:00,29.1,79.55,764.05,689.51,196.55,420.15,0.76,98.0,100590.0
1990-05-06 04:00:00+00:00,30.37,70.1,706.95,534.48,210.65,430.0,0.34,104.0,100550.0
1990-05-06 05:00:00+00:00,30.31,70.1,668.95,440.65,240.7,435.05,0.41,158.0,100450.0
1990-05-06 06:00:00+00:00,30.04,72.35,737.65,611.8,156.45,434.45,0.48,261.0,100400.0
1990-05-06 07:00:00+00:00,31.17,67.85,656.45,570.02,163.7,438.35,0.41,136.0,100230.0
1990-05-06 08:00:00+00:00,30.07,70.0,419.65,394.84,134.95,431.2,0.97,224.0,100210.0
1990-05-06 09:00:00+00:00,28.58,76.95,197.7,158.05,114.0,427.5,0.97,204.0,100250.0
1990-05-06 10:00:00+00:00,28.27,76.95,84.5,140.72,41.85,421.7,0.41,206.0,100220.0
1990-05-06 11:00:00+00:00,27.81,82.05,1.9,0.0,1.9,423.05,0.55,12.0,100280.0
1990-05-06 12:00:00+00:00,27.11,87.4,0.0,0.0,0.0,414.15,0.62,4.0,100320.0
1990-05-06 13:00:00+00:00,26.57,90.25,0.0,0.0,0.0,409.9,0.41,350.0,100430.0
1990-05-06 14:00:00+00:00,26.16,93.2,0.0,0.0,0.0,404.65,0.28,70.0,100520.0
1990-05-06 15:00:00+00:00,25.53,96.25,0.0,0.0,0.0,401.55,0.76,52.0,100570.0
1990-05-06 16:00:00+00:00,25.13,96.2,0.0,0.0,0.0,400.2,0.83,41.0,100630.0
1990-05-06 17:00:00+00:00,24.95,96.2,0.0,0.0,0.0,406.6,0.76,354.0,100650.0
1990-05-06 18:00:00+00:00,24.74,96.2,0.0,0.0,0.0,406.2,0.83,326.0,100600.0
1990-05-06 19:00:00+00:00,24.46,99.4,0.0,0.0,0.0,415.1,0.76,308.0,100480.0
1990-05-06 20:00:00+00:00,24.43,99.4,0.0,0.0,0.0,411.25,0.76,334.0,100470.0
1990-05-06 21:00:00+00:00,24.52,99.4,0.0,0.0,0.0,422.65,0.9,358.0,100440.0
1990-05-06 22:00:00+00:00,24.21,99.4,0.0,0.0,0.0,411.25,1.03,22.0,100450.0
1990-05-06 23:00:00+00:00,24.09,100.0,0.0,0.0,0.0,411.05,1.03,49.0,100510.0
1990-05-07 00:00:00+00:00,24.86,96.2,250.4,726.59,88.1,401.95,1.03,75.0,100570.0
1990-05-07 01:00:00+00:00,26.61,90.25,446.55,745.35,105.35,404.95,1.17,87.0,100640.0
1990-05-07 02:00:00+00:00,28.16,82.05,623.45,734.61,137.1,409.7,1.1,98.0,100730.0
1990-05-07 03:00:00+00:00,29.29,74.65,711.7,701.21,135.1,415.1,0.9,107.0,100740.0
1990-05-07 04:00:00+00:00,30.13,74.7,834.95,719.02,168.0,421.1,0.62,155.0,100720.0
1990-05-07 05:00:00+00:00,30.93,70.1,684.2,517.8,181.55,424.2,1.31,190.0,100600.0
1990-05-07 06:00:00+00:00,29.06,74.55,764.7,655.18,143.05,434.45,2.28,195.0,100540.0
1990-05-07 07:00:00+00:00,29.79,72.35,602.75,517.02,156.4,427.9,1.66,245.0,100420.0
1990-05-07 08:00:00+00:00,28.88,74.55,371.05,338.51,127.3,422.3,0.76,277.0,100390.0
1990-05-07 09:00:00+00:00,28.82,77.0,266.35,338.02,87.6,422.65,1.24,14.0,100350.0
1990-05-07 10:00:00+00:00,28.18,76.95,80.1,107.73,47.5,424.6,1.72,46.0,100400.0
1990-05-07 11:00:00+00:00,27.47,81.95,1.75,0.0,1.75,420.15,0.76,33.0,100470.0
1990-05-07 12:00:00+00:00,26.75,84.6,0.0,0.0,0.0,411.85,0.97,21.0,100500.0
1990-05-07 13:00:00+00:00,26.04,90.2,0.0,0.0,0.0,406.4,0.83,55.0,100600.0
1990-05-07 14:00:00+00:00,25.37,93.15,0.0,0.0,0.0,403.3,1.1,75.0,100670.0
1990-05-07 15:00:00+00:00,24.78,96.2,0.0,0.0,0.0,400.6,1.17,69.0,100680.0
1990-05-07 16:00:00+00:00,24.48,99.4,0.0,0.0,0.0,401.95,1.24,61.0,100700.0
1990-05-07 17:00:00+00:00,24.13,100.0,0.0,0.0,0.0,403.9,1.17,64.0,100700.0
1990-05-07 18:00:00+00:00,23.74,99.4,0.0,0.0,0.0,406.6,1.03,60.0,100620.0
1990-05-07 19:00:00+00:00,24.01,99.4,0.0,0.0,0.0,407.95,1.24,52.0,100580.0
1990-05-07 20:00:00+00:00,23.9,99.4,0.0,0.0,0.0,408.55,1.1,53.0,100510.0
1990-05-07 21:00:00+00:00,23.81,99.4,0.0,0.0,0.0,409.7,1.03,41.0,100500.0
1990-05-07 22:00:00+00:00,23.69,99.4,0.0,0.0,0.0,408.35,0.97,43.0,100540.0
1990-05-07 23:00:00+00:00,23.66,99.4,0.0,0.0,0.0,411.85,0.9,65.0,100590.0
1990-05-08 00:00:00+00:00,24.3,99.4,217.2,451.95,116.15,409.3,0.76,66.0,100650.0
1990-05-08 01:00:00+00:00,26.29,87.35,429.0,594.38,157.0,406.5,0.41,59.0,100690.0
1990-05-08 02:00:00+00:00,27.72,79.4,538.6,557.09,170.05,415.5,0.41,258.0,100750.0
1990-05-08 03:00:00+00:00,28.55,76.95,701.5,564.5,237.75,420.75,1.17,245.0,100750.0
1990-05-08 04:00:00+00:00,28.87,74.55,575.45,328.25,271.3,426.35,2.0,244.0,100690.0
1990-05-08 05:00:00+00:00,27.77,79.4,398.6,210.34,194.65,432.9,1.72,234.0,100670.0
1990-05-08 06:00:00+00:00,27.45,84.65,537.25,281.12,270.85,431.75,1.17,257.0,100600.0
1990-05-08 07:00:00+00:00,27.74,82.05,383.1,173.97,233.1,431.0,1.24,254.0,100510.0
1990-05-08 08:00:00+00:00,27.84,84.7,261.15,139.41,160.9,435.85,1.31,297.0,100400.0
1990-05-08 09:00:00+00:00,27.66,87.45,178.85,87.49,132.65,429.65,1.1,310.0,100430.0
1990-05-08 10:00:00+00:00,26.96,87.4,58.0,41.53,45.45,426.9,1.17,333.0,100420.0
1990-05-08 11:00:00+00:00,25.98,90.2,0.85,0.0,0.85,418.6,0.34,333.0,100520.0
1990-05-08 12:00:00+00:00,25.46,96.25,0.0,0.0,0.0,424.6,0.41,141.0,100590.0
1990-05-08 13:00:00+00:00,25.21,96.25,0.0,0.0,0.0,423.25,0.62,116.0,100660.0
1990-05-08 14:00:00+00:00,25.05,99.4,0.0,0.0,0.0,419.0,0.9,111.0,100720.0
1990-05-08 15:00:00+00:00,24.85,96.2,0.0,0.0,0.0,420.75,0.97,93.0,100750.0
1990-05-08 16:00:00+00:00,24.69,96.2,0.0,0.0,0.0,421.5,0.83,76.0,100750.0
1990-05-08 17:00:00+00:00,24.46,99.4,0.0,0.0,0.0,421.1,0.76,53.0,100700.0
1990-05-08 18:00:00+00:00,24.25,99.4,0.0,0.0,0.0,420.9,0.83,53.0,100620.0
1990-05-08 19:00:00+00:00,24.7,96.2,0.0,0.0,0.0,425.75,0.83,49.0,100510.0
1990-05-08 20:00:00+00:00,24.52,99.4,0.0,0.0,0.0,425.75,0.83,41.0,100480.0
1990-05-08 21:00:00+00:00,24.49,99.4,0.0,0.0,0.0,425.55,0.9,44.0,100430.0
1990-05-08 22:00:00+00:00,24.22,99.4,0.0,0.0,0.0,426.15,1.03,54.0,100450.0
1990-05-08 23:00:00+00:00,23.97,100.0,0.0,0.0,0.0,421.3,1.03,60.0,100460.0
1990-05-09 00:00:00+00:00,24.33,99.4,152.8,43.13,143.15,427.5,0.97,63.0,100510.0
1990-05-09 01:00:00+00:00,25.97,96.25,372.9,329.78,222.05,429.55,0.69,67.0,100590.0
1990-05-09 02:00:00+00:00,27.97,82.05,661.05,717.05,187.05,424.2,1.03,75.0,100660.0
1990-05-09 03:00:00+00:00,29.56,72.25,707.5,667.58,159.6,413.95,1.03,84.0,100640.0
1990-05-09 04:00:00+00:00,30.33,67.85,755.8,601.89,198.7,424.2,0.9,108.0,100560.0
1990-05-09 05:00:00+00:00,30.67,67.85,837.05,694.49,164.45,426.15,0.83,132.0,100470.0
1990-05-09 06:00:00+00:00,31.08,67.85,739.95,567.73,202.6,425.75,0.76,162.0,100360.0
1990-05-09 07:00:00+00:00,31.55,67.95,605.35,513.69,163.0,438.55,0.97,188.0,100280.0
1990-05-09 08:00:00+00:00,29.78,70.0,397.9,340.52,153.35,433.9,1.93,165.0,100240.0
1990-05-09 09:00:00+00:00,29.09,74.55,189.3,207.43,79.9,427.9,1.31,98.0,100290.0
1990-05-09 10:00:00+00:00,28.67,76.95,90.45,140.49,48.05,427.9,0.83,152.0,100210.0
1990-05-09 11:00:00+00:00,28.28,76.95,2.1,0.0,2.1,417.65,0.14,154.0,100300.0
1990-05-09 12:00:00+00:00,27.45,84.65,0.0,0.0,0.0,412.8,1.1,138.0,100460.0
1990-05-09 13:00:00+00:00,26.9,87.4,0.0,0.0,0.0,422.1,0.62,117.0,100500.0
1990-05-09 14:00:00+00:00,26.33,90.25,0.0,0.0,0.0,414.75,0.97,67.0,100540.0
1990-05-09 15:00:00+00:00,25.72,93.2,0.0,0.0,0.0,410.65,1.03,51.0,100610.0
1990-05-09 16:00:00+00:00,25.24,93.15,0.0,0.0,0.0,410.1,1.1,67.0,100670.0
1990-05-09 17:00:00+00:00,24.84,96.2,0.0,0.0,0.0,407.55,0.97,58.0,100690.0
1990-05-09 18:00:00+00:00,24.85,96.2,0.0,0.0,0.0,413.95,0.48,74.0,100640.0
1990-05-09 19:00:00+00:00,24.81,96.2,0.0,0.0,0.0,415.5,0.9,58.0,100480.0
1990-05-09 20:00:00+00:00,24.61,99.4,0.0,0.0,0.0,423.25,0.76,26.0,100420.0
1990-05-09 21:00:00+00:00,24.61,99.4,0.0,0.0,0.0,419.2,0.97,20.0,100440.0
1990-05-09 22:00:00+00:00,24.19,99.4,0.0,0.0,0.0,417.85,0.83,10.0,100470.0
1990-05-09 23:00:00+00:00,24.02,100.0,0.0,0.0,0.0,419.55,1.1,8.0,100540.0
1990-05-10 00:00:00+00:00,24.6,99.4,208.85,452.25,107.6,419.2,1.03,25.0,100580.0
1990-05-10 01:00:00+00:00,26.05,90.2,397.1,563.54,139.45,413.1,0.76,334.0,100630.0
1990-05-10 02:00:00+00:00,27.5,81.95,558.45,555.88,191.3,419.75,1.03,302.0,100690.0
1990-05-10 03:00:00+00:00,28.36,79.5,502.8,306.75,251.3,421.3,1.52,262.0,100710.0
1990-05-10 04:00:00+00:00,27.39,81.95,403.2,101.67,309.2,427.9,2.07,234.0,100680.0
1990-05-10 05:00:00+00:00,26.62,90.25,248.1,26.1,222.85,426.75,1.24,229.0,100630.0
1990-05-10 06:00:00+00:00,26.59,87.35,459.2,140.85,326.05,431.0,0.28,73.0,100470.0
1990-05-10 07:00:00+00:00,28.24,84.75,478.7,190.11,315.2,434.45,1.38,299.0,100450.0
1990-05-10 08:00:00+00:00,28.64,84.75,299.65,134.75,203.0,432.55,1.52,296.0,100330.0
1990-05-10 09:00:00+00:00,28.28,82.1,186.6,77.84,145.6,434.1,1.59,285.0,100310.0
1990-05-10 10:00:00+00:00,27.83,79.4,62.05,30.52,52.85,433.1,1.59,286.0,100370.0
1990-05-10 11:00:00+00:00,26.99,84.6,1.55,0.0,1.55,425.55,0.62,310.0,100400.0
1990-05-10 12:00:00+00:00,26.29,90.25,0.0,0.0,0.0,412.0,0.21,334.0,100420.0
1990-05-10 13:00:00+00:00,25.61,93.15,0.0,0.0,0.0,407.95,0.83,11.0,100480.0
1990-05-10 14:00:00+00:00,25.06,96.2,0.0,0.0,0.0,404.85,1.03,34.0,100580.0
1990-05-10 15:00:00+00:00,24.42,99.4,0.0,0.0,0.0,406.6,1.1,44.0,100650.0
1990-05-10 16:00:00+00:00,24.12,100.0,0.0,0.0,0.0,410.85,1.03,56.0,100700.0
1990-05-10 17:00:00+00:00,23.87,100.0,0.0,0.0,0.0,416.1,1.1,49.0,100680.0
1990-05-10 18:00:00+00:00,23.72,99.4,0.0,0.0,0.0,421.9,1.1,56.0,100610.0
1990-05-10 19:00:00+00:00,24.04,99.4,0.0,0.0,0.0,414.9,1.24,69.0,100570.0
1990-05-10 20:00:00+00:00,23.68,99.4,0.0,0.0,0.0,416.45,1.24,69.0,100520.0
1990-05-10 21:00:00+00:00,23.44,100.0,0.0,0.0,0.0,419.2,1.24,66.0,100500.0
1990-05-10 22:00:00+00:00,23.19,99.4,0.0,0.0,0.0,416.3,1.17,72.0,100530.0
1990-05-10 23:00:00+00:00,23.09,100.0,0.0,0.0,0.0,415.5,1.17,73.0,100630.0
1990-05-11 00:00:00+00:00,23.69,99.4,210.9,402.97,120.65,416.45,1.03,61.0,100670.0
1990-05-11 01:00:00+00:00,26.06,93.2,439.2,562.67,182.1,422.8,0.55,68.0,100740.0
1990-05-11 02:00:00+00:00,28.06,79.4,626.85,692.22,170.05,425.95,0.28,126.0,100760.0
1990-05-11 03:00:00+00:00,29.23,72.25,766.0,722.05,174.6,415.5,0.34,255.0,100710.0
1990-05-11 04:00:00+00:00,30.13,70.0,880.8,730.35,206.3,419.95,0.83,272.0,100630.0
1990-05-11 05:00:00+00:00,30.77,67.85,877.45,703.16,198.05,422.65,1.45,273.0,100550.0
1990-05-11 06:00:00+00:00,30.96,67.85,827.6,721.83,146.05,423.45,1.93,272.0,100460.0
1990-05-11 07:00:00+00:00,30.34,72.4,624.2,504.9,190.5,429.25,1.72,262.0,100410.0
1990-05-11 08:00:00+00:00,29.87,74.7,355.25,265.43,165.1,437.75,1.24,243.0,100300.0
1990-05-11 09:00:00+00:00,29.19,74.65,177.35,117.47,115.55,434.1,0.62,223.0,100250.0
1990-05-11 10:00:00+00:00,27.72,79.4,66.3,42.34,53.55,429.85,0.28,335.0,100380.0
1990-05-11 11:00:00+00:00,26.73,87.4,1.35,0.0,1.35,421.1,0.28,209.0,100480.0
1990-05-11 12:00:00+00:00,26.18,90.25,0.0,0.0,0.0,418.6,0.97,319.0,100510.0
1990-05-11 13:00:00+00:00,25.79,93.2,0.0,0.0,0.0,411.85,1.03,349.0,100600.0
1990-05-11 14:00:00+00:00,25.42,93.15,0.0,0.0,0.0,411.45,1.17,56.0,100670.0
1990-05-11 15:00:00+00:00,25.13,96.2,0.0,0.0,0.0,411.85,1.1,85.0,100740.0
1990-05-11 16:00:00+00:00,24.73,96.2,0.0,0.0,0.0,405.45,1.24,66.0,100780.0
1990-05-11 17:00:00+00:00,24.49,99.4,0.0,0.0,0.0,408.15,1.03,74.0,100740.0
1990-05-11 18:00:00+00:00,24.15,99.4,0.0,0.0,0.0,408.35,0.69,93.0,100700.0
1990-05-11 19:00:00+00:00,24.31,99.4,0.0,0.0,0.0,417.85,0.9,100.0,100640.0
1990-05-11 20:00:00+00:00,24.11,100.0,0.0,0.0,0.0,410.85,0.83,71.0,100560.0
1990-05-11 21:00:00+00:00,23.88,100.0,0.0,0.0,0.0,411.05,0.41,91.0,100550.0
1990-05-11 22:00:00+00:00,23.82,99.4,0.0,0.0,0.0,418.0,0.69,58.0,100560.0
1990-05-11 23:00:00+00:00,23.68,99.4,0.0,0.0,0.0,418.8,0.62,58.0,100610.0
1990-05-12 00:00:00+00:00,24.28,99.4,197.55,329.24,123.8,426.55,0.41,59.0,100680.0
1990-05-12 01:00:00+00:00,25.84,90.2,406.8,516.84,170.8,426.45,0.28,48.0,100770.0
1990-05-12 02:00:00+00:00,27.16,84.6,611.6,674.67,166.8,420.15,0.41,302.0,100820.0
1990-05-12 03:00:00+00:00,28.27,82.1,776.35,739.5,171.3,419.75,0.83,273.0,100830.0
1990-05-12 04:00:00+00:00,29.18,82.15,718.75,411.88,338.8,421.7,0.62,238.0,100770.0
1990-05-12 05:00:00+00:00,29.73,79.65,846.95,586.94,280.5,432.9,1.24,230.0,100620.0
1990-05-12 06:00:00+00:00,30.37,72.4,648.05,416.67,255.1,431.0,1.79,227.0,100490.0
1990-05-12 07:00:00+00:00,29.7,74.7,461.15,214.99,276.7,433.7,1.38,208.0,100420.0
1990-05-12 08:00:00+00:00,29.09,77.0,308.75,99.09,237.85,427.3,0.41,161.0,100390.0
1990-05-12 09:00:00+00:00,28.32,79.5,179.15,37.39,159.5,423.25,0.41,260.0,100420.0
1990-05-12 10:00:00+00:00,27.22,81.95,50.6,10.97,47.3,423.25,1.17,303.0,100510.0
1990-05-12 11:00:00+00:00,25.96,90.2,0.95,0.0,0.95,426.35,1.03,345.0,100610.0
1990-05-12 12:00:00+00:00,25.42,93.15,0.0,0.0,0.0,425.0,0.9,15.0,100680.0
1990-05-12 13:00:00+00:00,25.05,96.2,0.0,0.0,0.0,412.6,0.76,47.0,100700.0
1990-05-12 14:00:00+00:00,24.86,96.2,0.0,0.0,0.0,413.95,0.55,62.0,100760.0
1990-05-12 15:00:00+00:00,24.57,99.4,0.0,0.0,0.0,404.65,0.76,87.0,100820.0
1990-05-12 16:00:00+00:00,24.23,99.4,0.0,0.0,0.0,409.5,0.76,80.0,100840.0
1990-05-12 17:00:00+00:00,24.02,100.0,0.0,0.0,0.0,412.6,0.62,58.0,100770.0
1990-05-12 18:00:00+00:00,23.8,99.4,0.0,0.0,0.0,417.65,0.48,29.0,100700.0
1990-05-12 19:00:00+00:00,24.34,99.4,0.0,0.0,0.0,433.3,0.28,249.0,100650.0
1990-05-12 20:00:00+00:00,24.13,100.0,0.0,0.0,0.0,422.85,0.0,133.0,100560.0
1990-05-12 21:00:00+00:00,24.02,99.4,0.0,0.0,0.0,420.9,0.28,47.0,100520.0
1990-05-12 22:00:00+00:00,23.81,99.4,0.0,0.0,0.0,415.1,0.48,32.0,100550.0
1990-05-12 23:00:00+00:00,23.67,99.4,0.0,0.0,0.0,416.85,0.48,34.0,100610.0
1990-05-13 00:00:00+00:00,23.98,99.4,150.2,300.67,82.85,419.55,0.34,62.0,100660.0
1990-05-13 01:00:00+00:00,24.98,96.2,311.65,332.25,160.05,425.1,0.0,214.0,100680.0
1990-05-13 02:00:00+00:00,26.06,90.2,533.55,527.83,185.9,422.1,0.97,274.0,100730.0
1990-05-13 03:00:00+00:00,27.15,84.6,582.55,460.6,206.1,421.5,1.72,277.0,100750.0
1990-05-13 04:00:00+00:00,27.66,84.65,546.5,372.73,203.05,422.85,1.66,284.0,100690.0
1990-05-13 05:00:00+00:00,28.05,84.7,448.4,178.28,276.55,434.65,1.38,284.0,100600.0
1990-05-13 06:00:00+00:00,27.84,84.7,710.6,460.69,276.65,439.3,1.03,281.0,100470.0
1990-05-13 07:00:00+00:00,29.96,74.7,570.85,418.81,211.95,425.95,1.86,245.0,100360.0
1990-05-13 08:00:00+00:00,29.83,72.35,451.3,361.47,192.95,419.0,1.86,264.0,100240.0
1990-05-13 09:00:00+00:00,29.69,72.35,294.35,330.51,120.85,423.45,2.07,270.0,100190.0
1990-05-13 10:00:00+00:00,29.23,72.25,94.0,125.59,56.25,419.55,2.41,277.0,100260.0
1990-05-13 11:00:00+00:00,28.05,79.4,1.75,0.0,1.75,416.3,1.72,289.0,100350.0
1990-05-13 12:00:00+00:00,27.21,81.95,0.0,0.0,0.0,416.45,1.1,316.0,100450.0
1990-05-13 13:00:00+00:00,26.47,87.35,0.0,0.0,0.0,412.4,0.9,339.0,100490.0
1990-05-13 14:00:00+00:00,25.92,90.2,0.0,0.0,0.0,411.25,0.9,7.0,100580.0
1990-05-13 15:00:00+00:00,25.35,93.15,0.0,0.0,0.0,404.65,0.9,23.0,100670.0
1990-05-13 16:00:00+00:00,25.25,93.15,0.0,0.0,0.0,405.05,0.55,326.0,100720.0
1990-05-13 17:00:00+00:00,25.02,96.2,0.0,0.0,0.0,405.85,0.69,287.0,100700.0
1990-05-13 18:00:00+00:00,24.82,96.2,0.0,0.0,0.0,406.4,0.55,312.0,100620.0
1990-05-13 19:00:00+00:00,24.63,96.2,0.0,0.0,0.0,405.45,1.52,316.0,100500.0
1990-05-13 20:00:00+00:00,24.32,96.2,0.0,0.0,0.0,399.85,1.52,298.0,100440.0
1990-05-13 21:00:00+00:00,24.03,99.4,0.0,0.0,0.0,397.3,1.31,304.0,100450.0
1990-05-13 22:00:00+00:00,23.96,99.4,0.0,0.0,0.0,398.3,0.83,351.0,100450.0
1990-05-13 23:00:00+00:00,24.03,99.4,0.0,0.0,0.0,405.85,0.62,14.0,100490.0
1990-05-14 00:00:00+00:00,24.73,96.2,193.1,274.16,131.7,402.95,0.28,282.0,100550.0
1990-05-14 01:00:00+00:00,25.98,90.2,424.25,535.31,180.2,416.8,0.97,290.0,100620.0
1990-05-14 02:00:00+00:00,27.34,81.95,627.65,613.78,223.8,411.05,1.86,296.0,100710.0
1990-05-14 03:00:00+00:00,28.24,79.5,795.8,785.15,154.8,417.25,2.21,291.0,100730.0
1990-05-14 04:00:00+00:00,29.01,82.15,755.15,522.61,274.15,417.85,2.76,286.0,100680.0
1990-05-14 05:00:00+00:00,28.98,82.15,645.75,368.08,291.35,430.8,2.83,288.0,100530.0
1990-05-14 06:00:00+00:00,29.0,84.8,355.6,106.34,255.55,424.2,1.86,272.0,100400.0
1990-05-14 07:00:00+00:00,27.38,84.65,229.75,36.1,198.85,421.3,1.93,276.0,100460.0
1990-05-14 08:00:00+00:00,26.88,87.4,215.3,32.36,192.2,427.7,1.93,273.0,100380.0
1990-05-14 09:00:00+00:00,26.26,87.35,104.3,22.21,92.65,423.65,2.07,272.0,100400.0
1990-05-14 10:00:00+00:00,25.68,90.2,46.7,11.98,43.1,426.35,1.38,283.0,100390.0
1990-05-14 11:00:00+00:00,25.47,93.15,1.25,0.0,1.25,420.35,0.76,293.0,100420.0
1990-05-14 12:00:00+00:00,25.08,96.2,0.0,0.0,0.0,417.85,0.34,335.0,100440.0
1990-05-14 13:00:00+00:00,24.79,96.2,0.0,0.0,0.0,415.7,0.69,354.0,100490.0
1990-05-14 14:00:00+00:00,24.54,99.4,0.0,0.0,0.0,415.1,0.83,33.0,100560.0
1990-05-14 15:00:00+00:00,24.16,99.4,0.0,0.0,0.0,418.0,0.9,47.0,100590.0
1990-05-14 16:00:00+00:00,23.92,99.4,0.0,0.0,0.0,416.1,1.03,25.0,100600.0
1990-05-14 17:00:00+00:00,23.79,99.4,0.0,0.0,0.0,420.35,0.97,16.0,100600.0
1990-05-14 18:00:00+00:00,23.55,100.0,0.0,0.0,0.0,417.05,0.83,23.0,100540.0
1990-05-14 19:00:00+00:00,24.2,93.1,0.0,0.0,0.0,410.85,1.24,9.0,100370.0
1990-05-14 20:00:00+00:00,24.02,96.2,0.0,0.0,0.0,409.9,1.1,16.0,100330.0
1990-05-14 21:00:00+00:00,23.93,96.2,0.0,0.0,0.0,412.4,0.97,13.0,100300.0
1990-05-14 22:00:00+00:00,23.64,93.1,0.0,0.0,0.0,403.5,1.17,17.0,100330.0
1990-05-14 23:00:00+00:00,23.69,93.1,0.0,0.0,0.0,412.8,1.03,24.0,100360.0
1990-05-15 00:00:00+00:00,24.46,93.1,146.55,329.66,72.75,405.85,0.69,46.0,100400.0
1990-05-15 01:00:00+00:00,26.02,90.2,412.9,592.22,143.15,411.15,0.21,66.0,100450.0
1990-05-15 02:00:00+00:00,27.69,74.4,613.55,730.13,133.65,407.2,0.48,275.0,100510.0
1990-05-15 03:00:00+00:00,28.84,69.85,818.3,836.62,136.05,411.65,0.28,279.0,100520.0
1990-05-15 04:00:00+00:00,29.93,65.6,745.8,569.88,221.9,412.0,0.69,221.0,100460.0
1990-05-15 05:00:00+00:00,30.29,63.6,692.25,443.06,266.15,421.1,1.1,232.0,100370.0
1990-05-15 06:00:00+00:00,30.4,65.7,772.85,639.41,171.95,424.2,1.79,241.0,100280.0
1990-05-15 07:00:00+00:00,30.5,65.7,619.05,559.07,141.05,428.45,2.07,245.0,100190.0
1990-05-15 08:00:00+00:00,29.57,69.95,407.3,309.47,186.6,427.9,2.07,250.0,100120.0
1990-05-15 09:00:00+00:00,28.8,72.15,157.35,138.76,84.65,420.55,0.9,254.0,100140.0
1990-05-15 10:00:00+00:00,28.14,79.4,79.1,83.11,54.15,425.75,0.69,248.0,100140.0
1990-05-15 11:00:00+00:00,27.59,81.95,1.75,0.0,1.75,420.35,0.0,67.0,100170.0
1990-05-15 12:00:00+00:00,26.97,87.4,0.0,0.0,0.0,415.7,0.28,93.0,100250.0
1990-05-15 13:00:00+00:00,26.33,90.25,0.0,0.0,0.0,410.3,0.69,29.0,100340.0
1990-05-15 14:00:00+00:00,25.75,90.2,0.0,0.0,0.0,408.15,0.97,27.0,100440.0
1990-05-15 15:00:00+00:00,25.22,93.15,0.0,0.0,0.0,406.6,1.1,38.0,100480.0
1990-05-15 16:00:00+00:00,24.82,96.2,0.0,0.0,0.0,405.85,1.17,72.0,100490.0
1990-05-15 17:00:00+00:00,24.41,99.4,0.0,0.0,0.0,404.3,1.24,69.0,100450.0
1990-05-15 18:00:00+00:00,24.12,100.0,0.0,0.0,0.0,404.45,1.03,58.0,100390.0
1990-05-15 19:00:00+00:00,24.39,99.4,0.0,0.0,0.0,406.8,0.97,20.0,100330.0
1990-05-15 20:00:00+00:00,24.27,99.4,0.0,0.0,0.0,411.25,1.03,334.0,100350.0
1990-05-15 21:00:00+00:00,24.19,99.4,0.0,0.0,0.0,423.85,0.97,314.0,100360.0
1990-05-15 22:00:00+00:00,23.97,100.0,0.0,0.0,0.0,422.65,0.28,332.0,100340.0
1990-05-15 23:00:00+00:00,24.02,100.0,0.0,0.0,0.0,424.0,0.21,102.0,100400.0
1990-05-16 00:00:00+00:00,24.41,99.4,174.3,296.1,108.05,420.95,0.62,36.0,100450.0
1990-05-16 01:00:00+00:00,25.65,93.15,345.1,415.67,155.95,425.5,0.69,3.0,100510.0
1990-05-16 02:00:00+00:00,27.03,87.4,628.35,756.45,131.7,420.35,1.17,321.0,100580.0
1990-05-16 03:00:00+00:00,28.33,82.1,765.1,721.75,177.2,413.4,1.1,300.0,100550.0
1990-05-16 04:00:00+00:00,29.2,77.1,818.05,672.47,200.55,419.95,0.55,261.0,100470.0
1990-05-16 05:00:00+00:00,30.03,74.7,790.65,551.53,260.85,428.85,1.31,245.0,100400.0
1990-05-16 06:00:00+00:00,30.37,72.4,695.6,474.8,249.9,432.75,1.79,246.0,100340.0
1990-05-16 07:00:00+00:00,29.33,79.6,560.2,389.73,227.35,434.1,2.41,268.0,100320.0
1990-05-16 08:00:00+00:00,29.1,82.15,366.35,202.83,221.85,430.2,2.07,276.0,100230.0
1990-05-16 09:00:00+00:00,28.14,84.7,166.3,70.97,129.15,428.1,2.21,296.0,100200.0
1990-05-16 10:00:00+00:00,27.04,87.4,57.95,34.33,47.65,431.55,1.1,300.0,100260.0
1990-05-16 11:00:00+00:00,26.78,87.4,1.65,0.0,1.65,423.05,0.41,300.0,100320.0
1990-05-16 12:00:00+00:00,26.26,90.25,0.0,0.0,0.0,415.3,0.07,176.0,100410.0
1990-05-16 13:00:00+00:00,25.79,93.2,0.0,0.0,0.0,413.0,0.76,50.0,100450.0
1990-05-16 14:00:00+00:00,25.21,96.25,0.0,0.0,0.0,409.1,0.97,52.0,100490.0
1990-05-16 15:00:00+00:00,24.83,96.2,0.0,0.0,0.0,416.85,0.83,87.0,100560.0
1990-05-16 16:00:00+00:00,24.75,96.2,0.0,0.0,0.0,423.45,0.76,96.0,100590.0
1990-05-16 17:00:00+00:00,24.57,99.4,0.0,0.0,0.0,425.55,0.9,77.0,100580.0
1990-05-16 18:00:00+00:00,24.3,99.4,0.0,0.0,0.0,424.0,0.97,59.0,100530.0
1990-05-16 19:00:00+00:00,24.65,96.2,0.0,0.0,0.0,417.05,1.03,59.0,100440.0
1990-05-16 20:00:00+00:00,24.46,96.2,0.0,0.0,0.0,410.65,1.1,54.0,100390.0
1990-05-16 21:00:00+00:00,24.18,96.2,0.0,0.0,0.0,413.55,0.62,54.0,100390.0
1990-05-16 22:00:00+00:00,24.04,99.4,0.0,0.0,0.0,408.15,0.55,101.0,100450.0
1990-05-16 23:00:00+00:00,24.18,96.2,0.0,0.0,0.0,422.45,0.76,126.0,100540.0
1990-05-17 00:00:00+00:00,24.57,99.4,138.15,274.63,76.75,419.4,0.55,143.0,100590.0
1990-05-17 01:00:00+00:00,25.46,93.15,203.65,117.58,150.2,422.95,0.83,182.0,100680.0
1990-05-17 02:00:00+00:00,25.88,90.2,440.8,260.21,270.15,424.6,0.97,187.0,100730.0
1990-05-17 03:00:00+00:00,27.03,87.4,697.55,535.15,262.15,424.8,0.97,195.0,100730.0
1990-05-17 04:00:00+00:00,28.24,84.75,710.05,500.77,250.75,423.25,1.03,200.0,100650.0
1990-05-17 05:00:00+00:00,28.84,82.15,746.45,423.61,340.0,429.05,1.45,214.0,100540.0
1990-05-17 06:00:00+00:00,28.96,82.15,581.35,240.76,355.6,436.2,1.86,224.0,100430.0
1990-05-17 07:00:00+00:00,28.33,82.1,461.2,164.33,321.0,440.85,1.17,216.0,100400.0
1990-05-17 08:00:00+00:00,28.24,79.5,281.7,88.66,218.6,428.65,0.9,250.0,100330.0
1990-05-17 09:00:00+00:00,27.69,82.05,134.45,40.63,113.2,428.3,0.9,254.0,100320.0
1990-05-17 10:00:00+00:00,27.32,84.65,48.6,5.33,47.0,423.05,1.03,274.0,100340.0
1990-05-17 11:00:00+00:00,26.59,87.35,1.4,0.0,1.4,418.6,0.41,255.0,100440.0
1990-05-17 12:00:00+00:00,26.15,93.2,0.0,0.0,0.0,421.3,0.62,32.0,100500.0
1990-05-17 13:00:00+00:00,25.6,96.25,0.0,0.0,0.0,419.2,1.03,24.0,100540.0
1990-05-17 14:00:00+00:00,25.18,93.15,0.0,0.0,0.0,411.65,1.24,53.0,100650.0
1990-05-17 15:00:00+00:00,24.91,96.2,0.0,0.0,0.0,413.75,1.1,56.0,100690.0
1990-05-17 16:00:00+00:00,24.69,96.2,0.0,0.0,0.0,420.75,0.97,57.0,100720.0
1990-05-17 17:00:00+00:00,24.43,99.4,0.0,0.0,0.0,425.0,0.83,60.0,100710.0
1990-05-17 18:00:00+00:00,24.15,99.4,0.0,0.0,0.0,420.35,0.76,74.0,100660.0
1990-05-17 19:00:00+00:00,24.14,99.4,0.0,0.0,0.0,417.05,0.48,64.0,100540.0
1990-05-17 20:00:00+00:00,24.01,100.0,0.0,0.0,0.0,421.1,0.34,30.0,100490.0
1990-05-17 21:00:00+00:00,23.77,99.4,0.0,0.0,0.0,417.45,0.14,322.0,100510.0
1990-05-17 22:00:00+00:00,23.65,99.4,0.0,0.0,0.0,419.0,0.07,174.0,100540.0
1990-05-17 23:00:00+00:00,23.56,100.0,0.0,0.0,0.0,422.3,0.62,112.0,100610.0
1990-05-18 00:00:00+00:00,24.12,99.4,125.6,117.07,99.45,419.4,0.76,73.0,100600.0
1990-05-18 01:00:00+00:00,24.94,96.2,336.85,324.52,189.5,421.4,0.97,92.0,100670.0
1990-05-18 02:00:00+00:00,26.4,87.35,500.5,357.45,266.35,416.85,0.76,128.0,100730.0
1990-05-18 03:00:00+00:00,27.66,84.65,709.8,526.67,281.8,417.65,0.97,170.0,100710.0
1990-05-18 04:00:00+00:00,28.77,79.55,589.8,244.4,365.9,421.3,1.86,200.0,100650.0
1990-05-18 05:00:00+00:00,27.92,82.05,430.15,125.52,309.85,434.85,1.93,215.0,100600.0
1990-05-18 06:00:00+00:00,27.55,87.45,311.1,52.48,261.95,429.25,1.31,210.0,100560.0
1990-05-18 07:00:00+00:00,27.19,84.65,284.8,33.79,256.0,430.2,1.59,219.0,100500.0
1990-05-18 08:00:00+00:00,27.12,87.4,135.0,3.66,132.4,426.15,1.24,217.0,100460.0
1990-05-18 09:00:00+00:00,26.39,87.35,87.2,1.72,86.3,429.25,0.9,238.0,100460.0
1990-05-18 10:00:00+00:00,26.16,87.35,32.95,3.0,32.05,426.35,0.34,311.0,100510.0
1990-05-18 11:00:00+00:00,25.66,90.2,0.7,0.0,0.7,428.3,0.62,11.0,100560.0
1990-05-18 12:00:00+00:00,25.23,93.15,0.0,0.0,0.0,424.2,0.62,22.0,100630.0
1990-05-18 13:00:00+00:00,24.87,96.2,0.0,0.0,0.0,418.8,0.62,46.0,100640.0
1990-05-18 14:00:00+00:00,24.69,96.2,0.0,0.0,0.0,421.9,0.55,50.0,100720.0
1990-05-18 15:00:00+00:00,24.48,99.4,0.0,0.0,0.0,422.45,0.69,56.0,100750.0
1990-05-18 16:00:00+00:00,24.25,99.4,0.0,0.0,0.0,421.9,0.97,81.0,100780.0
1990-05-18 17:00:00+00:00,24.02,100.0,0.0,0.0,0.0,423.45,0.97,68.0,100780.0
1990-05-18 18:00:00+00:00,23.79,99.4,0.0,0.0,0.0,422.65,0.9,52.0,100720.0
1990-05-18 19:00:00+00:00,24.26,99.4,0.0,0.0,0.0,422.85,1.03,73.0,100590.0
1990-05-18 20:00:00+00:00,24.03,100.0,0.0,0.0,0.0,425.4,0.9,61.0,100560.0
1990-05-18 21:00:00+00:00,23.86,99.4,0.0,0.0,0.0,426.15,0.9,54.0,100560.0
1990-05-18 22:00:00+00:00,23.63,100.0,0.0,0.0,0.0,423.45,0.97,66.0,100580.0
1990-05-18 23:00:00+00:00,23.52,100.0,0.0,0.0,0.0,425.0,1.1,63.0,100630.0
1990-05-19 00:00:00+00:00,23.57,99.4,81.15,48.85,70.25,424.4,0.83,62.0,100670.0
1990-05-19 01:00:00+00:00,24.49,99.4,155.15,62.73,126.7,420.25,0.34,75.0,100710.0
1990-05-19 02:00:00+00:00,25.85,87.3,352.3,233.32,199.65,424.8,0.21,168.0,100740.0
1990-05-19 03:00:00+00:00,27.04,76.7,445.4,258.91,235.25,412.8,0.34,231.0,100740.0
1990-05-19 04:00:00+00:00,27.9,72.0,545.4,218.51,345.45,418.6,0.48,255.0,100730.0
1990-05-19 05:00:00+00:00,28.7,67.6,665.2,419.61,263.5,424.8,0.62,257.0,100660.0
1990-05-19 06:00:00+00:00,29.37,67.7,536.0,333.9,223.6,416.3,0.69,241.0,100560.0
1990-05-19 07:00:00+00:00,29.53,69.95,378.65,179.41,225.9,428.85,0.48,186.0,100420.0
1990-05-19 08:00:00+00:00,29.45,69.95,394.05,299.04,181.6,431.4,0.41,193.0,100330.0
1990-05-19 09:00:00+00:00,29.77,67.8,260.05,229.84,140.0,424.4,0.21,84.0,100320.0
1990-05-19 10:00:00+00:00,29.67,69.95,86.15,104.71,54.75,425.0,0.48,56.0,100350.0
1990-05-19 11:00:00+00:00,28.92,74.55,1.55,0.0,1.55,424.0,0.34,226.0,100420.0
1990-05-19 12:00:00+00:00,27.86,79.4,0.0,0.0,0.0,422.65,0.62,192.0,100490.0
1990-05-19 13:00:00+00:00,27.03,84.6,0.0,0.0,0.0,422.45,0.9,143.0,100530.0
1990-05-19 14:00:00+00:00,26.48,87.35,0.0,0.0,0.0,423.65,1.52,119.0,100600.0
1990-05-19 15:00:00+00:00,26.11,90.2,0.0,0.0,0.0,420.75,1.72,111.0,100630.0
1990-05-19 16:00:00+00:00,25.76,90.2,0.0,0.0,0.0,418.4,1.31,101.0,100680.0
1990-05-19 17:00:00+00:00,25.15,93.15,0.0,0.0,0.0,411.05,1.1,84.0,100690.0
1990-05-19 18:00:00+00:00,24.79,96.2,0.0,0.0,0.0,412.6,1.38,86.0,100660.0
1990-05-19 19:00:00+00:00,25.14,96.2,0.0,0.0,0.0,421.1,1.45,91.0,100510.0
1990-05-19 20:00:00+00:00,24.84,96.2,0.0,0.0,0.0,415.7,1.17,92.0,100530.0
1990-05-19 21:00:00+00:00,24.55,99.4,0.0,0.0,0.0,420.9,0.83,92.0,100540.0
1990-05-19 22:00:00+00:00,24.36,99.4,0.0,0.0,0.0,425.0,0.34,112.0,100580.0
1990-05-19 23:00:00+00:00,24.14,100.0,0.0,0.0,0.0,426.35,0.21,6.0,100650.0
1990-05-20 00:00:00+00:00,24.24,99.4,102.4,18.62,98.25,428.3,0.48,19.0,100740.0
1990-05-20 01:00:00+00:00,24.71,96.2,151.35,30.47,137.55,434.0,0.62,81.0,100780.0
1990-05-20 02:00:00+00:00,25.43,93.15,388.0,264.06,215.45,432.75,1.03,150.0,100790.0
1990-05-20 03:00:00+00:00,26.65,87.35,513.8,377.94,207.4,419.75,1.24,149.0,100760.0
1990-05-20 04:00:00+00:00,27.93,79.4,630.3,480.8,190.85,431.95,1.1,166.0,100680.0
1990-05-20 05:00:00+00:00,28.93,74.55,654.6,400.47,271.65,429.05,1.17,180.0,100580.0
1990-05-20 06:00:00+00:00,29.47,72.25,336.45,124.86,219.75,433.5,1.31,193.0,100490.0
1990-05-20 07:00:00+00:00,27.23,81.95,236.75,74.54,173.35,428.45,1.72,301.0,100550.0
1990-05-20 08:00:00+00:00,26.44,87.35,215.8,32.05,193.05,425.0,1.93,300.0,100430.0
1990-05-20 09:00:00+00:00,26.49,87.35,127.95,21.65,116.65,423.65,1.1,307.0,100490.0
1990-05-20 10:00:00+00:00,26.24,87.35,50.1,8.67,47.5,423.05,0.76,298.0,100510.0
1990-05-20 11:00:00+00:00,25.91,90.2,1.55,0.0,1.55,421.7,0.14,220.0,100530.0
1990-05-20 12:00:00+00:00,25.31,93.15,0.0,0.0,0.0,416.1,0.55,63.0,100550.0
1990-05-20 13:00:00+00:00,24.95,96.2,0.0,0.0,0.0,417.25,0.69,60.0,100540.0
1990-05-20 14:00:00+00:00,24.6,99.4,0.0,0.0,0.0,416.1,0.76,73.0,100590.0
1990-05-20 15:00:00+00:00,24.3,99.4,0.0,0.0,0.0,416.1,0.76,73.0,100610.0
1990-05-20 16:00:00+00:00,24.28,99.4,0.0,0.0,0.0,424.2,0.9,62.0,100600.0
1990-05-20 17:00:00+00:00,23.97,100.0,0.0,0.0,0.0,426.15,1.1,60.0,100580.0
1990-05-20 18:00:00+00:00,23.67,99.4,0.0,0.0,0.0,422.65,1.1,65.0,100500.0
1990-05-20 19:00:00+00:00,23.98,100.0,0.0,0.0,0.0,425.55,0.9,53.0,100460.0
1990-05-20 20:00:00+00:00,23.86,99.4,0.0,0.0,0.0,423.65,0.83,42.0,100450.0
1990-05-20 21:00:00+00:00,23.64,99.4,0.0,0.0,0.0,425.2,0.83,39.0,100390.0
1990-05-20 22:00:00+00:00,23.53,100.0,0.0,0.0,0.0,424.0,0.97,39.0,100440.0
1990-05-20 23:00:00+00:00,23.33,99.4,0.0,0.0,0.0,424.2,1.1,47.0,100490.0
1990-05-21 00:00:00+00:00,23.63,100.0,165.4,165.82,128.5,423.05,1.03,48.0,100520.0
1990-05-21 01:00:00+00:00,25.59,96.25,408.45,494.86,184.6,426.45,0.48,44.0,100550.0
1990-05-21 02:00:00+00:00,27.51,81.95,562.0,561.42,195.6,426.35,0.07,358.0,100600.0
1990-05-21 03:00:00+00:00,28.64,76.95,567.3,407.98,236.95,419.55,0.97,213.0,100600.0
1990-05-21 04:00:00+00:00,29.1,72.15,798.05,652.9,202.0,425.75,1.17,220.0,100550.0
1990-05-21 05:00:00+00:00,29.83,67.8,750.7,590.03,187.1,424.0,0.9,229.0,100460.0
1990-05-21 06:00:00+00:00,30.16,67.8,716.05,581.42,173.2,427.7,1.03,233.0,100370.0
1990-05-21 07:00:00+00:00,30.23,67.85,682.2,650.75,129.2,427.7,1.38,215.0,100280.0
1990-05-21 08:00:00+00:00,29.27,72.25,477.75,446.78,160.85,421.3,1.52,208.0,100200.0
1990-05-21 09:00:00+00:00,29.03,77.0,236.25,196.93,133.5,426.9,0.97,229.0,100230.0
1990-05-21 10:00:00+00:00,28.54,79.5,76.4,105.52,44.75,438.9,0.83,285.0,100240.0
1990-05-21 11:00:00+00:00,27.32,84.65,1.65,0.0,1.65,426.75,0.62,320.0,100370.0
1990-05-21 12:00:00+00:00,26.02,93.2,0.0,0.0,0.0,423.45,1.38,38.0,100440.0
1990-05-21 13:00:00+00:00,25.59,93.15,0.0,0.0,0.0,422.1,1.59,46.0,100510.0
1990-05-21 14:00:00+00:00,25.28,93.15,0.0,0.0,0.0,419.75,1.52,46.0,100550.0
1990-05-21 15:00:00+00:00,24.93,96.2,0.0,0.0,0.0,412.8,1.52,51.0,100570.0
1990-05-21 16:00:00+00:00,24.61,96.2,0.0,0.0,0.0,409.9,1.45,50.0,100600.0
1990-05-21 17:00:00+00:00,24.46,96.2,0.0,0.0,0.0,414.75,1.31,53.0,100570.0
1990-05-21 18:00:00+00:00,24.12,99.4,0.0,0.0,0.0,407.4,1.24,53.0,100540.0
1990-05-21 19:00:00+00:00,24.41,99.4,0.0,0.0,0.0,411.45,1.31,65.0,100430.0
1990-05-21 20:00:00+00:00,24.1,100.0,0.0,0.0,0.0,410.45,0.83,72.0,100400.0
1990-05-21 21:00:00+00:00,23.96,99.4,0.0,0.0,0.0,410.65,0.62,76.0,100390.0
1990-05-21 22:00:00+00:00,24.06,100.0,0.0,0.0,0.0,416.1,0.34,102.0,100420.0
1990-05-21 23:00:00+00:00,23.89,99.4,0.0,0.0,0.0,414.15,0.55,124.0,100510.0
1990-05-22 00:00:00+00:00,24.75,96.2,169.75,349.27,92.15,417.05,0.76,136.0,100520.0
1990-05-22 01:00:00+00:00,25.97,90.2,338.15,387.62,163.05,416.4,1.52,170.0,100550.0
1990-05-22 02:00:00+00:00,26.77,84.6,505.8,466.02,202.05,415.1,1.86,178.0,100570.0
1990-05-22 03:00:00+00:00,27.96,79.4,490.45,421.02,149.95,418.2,1.72,172.0,100530.0
1990-05-22 04:00:00+00:00,28.72,74.55,722.95,543.44,227.4,425.0,1.66,171.0,100470.0
1990-05-22 05:00:00+00:00,29.6,74.65,700.55,478.22,244.25,432.75,1.66,183.0,100390.0
1990-05-22 06:00:00+00:00,30.04,72.35,619.05,361.14,282.2,426.9,1.79,206.0,100310.0
1990-05-22 07:00:00+00:00,29.61,74.65,477.5,299.52,223.2,434.45,1.79,213.0,100250.0
1990-05-22 08:00:00+00:00,28.9,79.55,291.1,182.64,161.65,429.05,0.97,214.0,100150.0
1990-05-22 09:00:00+00:00,28.95,77.0,150.8,48.51,125.5,422.45,0.83,202.0,100140.0
1990-05-22 10:00:00+00:00,28.17,82.05,72.25,16.17,67.4,423.85,0.55,152.0,100180.0
1990-05-22 11:00:00+00:00,27.64,84.65,2.0,0.0,2.0,418.6,0.76,121.0,100280.0
1990-05-22 12:00:00+00:00,26.9,87.4,0.0,0.0,0.0,413.95,0.76,49.0,100390.0
1990-05-22 13:00:00+00:00,26.27,90.25,0.0,0.0,0.0,418.0,0.9,54.0,100470.0
1990-05-22 14:00:00+00:00,25.74,93.2,0.0,0.0,0.0,418.0,1.1,43.0,100490.0
1990-05-22 15:00:00+00:00,25.34,96.25,0.0,0.0,0.0,415.5,1.1,43.0,100560.0
1990-05-22 16:00:00+00:00,25.03,96.2,0.0,0.0,0.0,412.4,1.03,63.0,100620.0
1990-05-22 17:00:00+00:00,24.75,96.2,0.0,0.0,0.0,412.8,0.97,75.0,100620.0
1990-05-22 18:00:00+00:00,24.54,99.4,0.0,0.0,0.0,413.55,0.97,74.0,100550.0
1990-05-22 19:00:00+00:00,24.84,96.2,0.0,0.0,0.0,424.4,0.76,44.0,100460.0
1990-05-22 20:00:00+00:00,24.67,96.2,0.0,0.0,0.0,421.7,0.55,33.0,100430.0
1990-05-22 21:00:00+00:00,24.79,96.2,0.0,0.0,0.0,417.85,0.48,19.0,100380.0
1990-05-22 22:00:00+00:00,24.26,96.2,0.0,0.0,0.0,417.05,0.69,136.0,100430.0
1990-05-22 23:00:00+00:00,23.64,96.2,0.0,0.0,0.0,414.55,1.24,123.0,100530.0
1990-05-23 00:00:00+00:00,24.07,99.4,48.8,9.92,46.6,418.4,0.97,118.0,100570.0
1990-05-23 01:00:00+00:00,24.43,96.2,192.9,52.65,169.15,422.2,0.97,117.0,100640.0
1990-05-23 02:00:00+00:00,25.3,93.15,397.3,298.95,202.7,419.55,1.17,125.0,100690.0
1990-05-23 03:00:00+00:00,26.55,87.35,538.0,327.88,273.15,422.45,1.31,130.0,100710.0
1990-05-23 04:00:00+00:00,27.78,79.4,406.7,149.7,270.35,422.3,0.76,164.0,100660.0
1990-05-23 05:00:00+00:00,28.16,82.05,540.25,264.49,288.15,437.55,1.03,198.0,100580.0
1990-05-23 06:00:00+00:00,28.69,77.0,591.1,261.21,347.7,430.2,1.52,206.0,100490.0
1990-05-23 07:00:00+00:00,29.46,74.65,386.4,138.57,268.85,431.2,1.38,171.0,100400.0
1990-05-23 08:00:00+00:00,28.28,76.95,247.95,67.28,200.3,438.15,1.79,160.0,100300.0
1990-05-23 09:00:00+00:00,27.86,79.4,160.95,53.14,133.25,424.8,1.45,125.0,100320.0
1990-05-23 10:00:00+00:00,27.65,81.95,62.4,35.49,51.75,422.85,0.97,114.0,100340.0
1990-05-23 11:00:00+00:00,27.1,84.6,1.7,0.0,1.7,416.1,0.83,139.0,100410.0
1990-05-23 12:00:00+00:00,26.3,87.35,0.0,0.0,0.0,415.1,0.97,105.0,100500.0
1990-05-23 13:00:00+00:00,25.72,90.2,0.0,0.0,0.0,414.9,1.17,92.0,100590.0
1990-05-23 14:00:00+00:00,25.26,93.15,0.0,0.0,0.0,410.45,1.38,82.0,100650.0
1990-05-23 15:00:00+00:00,24.94,96.2,0.0,0.0,0.0,410.1,1.38,68.0,100690.0
1990-05-23 16:00:00+00:00,24.81,96.2,0.0,0.0,0.0,418.2,1.38,60.0,100690.0
1990-05-23 17:00:00+00:00,24.41,99.4,0.0,0.0,0.0,418.4,1.31,61.0,100690.0
1990-05-23 18:00:00+00:00,24.17,99.4,0.0,0.0,0.0,414.15,1.24,63.0,100620.0
1990-05-23 19:00:00+00:00,24.23,96.2,0.0,0.0,0.0,412.0,1.38,71.0,100540.0
1990-05-23 20:00:00+00:00,24.1,99.4,0.0,0.0,0.0,415.7,1.38,68.0,100490.0
1990-05-23 21:00:00+00:00,23.93,99.4,0.0,0.0,0.0,411.45,1.45,66.0,100500.0
1990-05-23 22:00:00+00:00,23.72,99.4,0.0,0.0,0.0,413.0,1.45,61.0,100510.0
1990-05-23 23:00:00+00:00,23.55,100.0,0.0,0.0,0.0,417.45,1.31,60.0,100580.0
1990-05-24 00:00:00+00:00,23.96,99.4,209.7,373.12,127.1,415.9,1.17,65.0,100570.0
1990-05-24 01:00:00+00:00,26.08,93.2,445.6,621.87,165.5,417.15,1.1,70.0,100630.0
1990-05-24 02:00:00+00:00,28.25,76.95,649.7,705.22,191.25,415.5,1.24,83.0,100660.0
1990-05-24 03:00:00+00:00,29.6,69.95,779.25,743.53,179.4,413.4,1.24,103.0,100680.0
1990-05-24 04:00:00+00:00,30.43,63.6,760.35,597.06,217.15,416.45,1.31,110.0,100640.0
1990-05-24 05:00:00+00:00,30.78,63.6,834.85,600.28,263.3,421.7,1.31,110.0,100570.0
1990-05-24 06:00:00+00:00,31.08,63.6,771.75,633.4,182.1,420.75,1.31,117.0,100490.0
1990-05-24 07:00:00+00:00,31.54,65.8,633.5,557.81,160.7,430.0,2.0,146.0,100350.0
1990-05-24 08:00:00+00:00,30.95,67.85,448.65,383.14,177.45,427.5,1.72,158.0,100240.0
1990-05-24 09:00:00+00:00,29.79,70.0,247.75,276.89,103.45,429.85,1.31,147.0,100280.0
1990-05-24 10:00:00+00:00,28.67,79.5,65.8,73.93,43.6,422.3,1.17,98.0,100340.0
1990-05-24 11:00:00+00:00,27.98,82.05,2.0,0.0,2.0,427.7,0.97,103.0,100370.0
1990-05-24 12:00:00+00:00,27.36,84.65,0.0,0.0,0.0,416.1,0.69,84.0,100450.0
1990-05-24 13:00:00+00:00,26.74,87.4,0.0,0.0,0.0,416.85,0.9,91.0,100580.0
1990-05-24 14:00:00+00:00,26.07,93.2,0.0,0.0,0.0,413.75,1.17,78.0,100630.0
1990-05-24 15:00:00+00:00,25.46,96.25,0.0,0.0,0.0,408.35,1.38,70.0,100700.0
1990-05-24 16:00:00+00:00,25.12,96.2,0.0,0.0,0.0,408.9,1.38,63.0,100730.0
1990-05-24 17:00:00+00:00,24.85,96.2,0.0,0.0,0.0,405.45,1.45,72.0,100740.0
1990-05-24 18:00:00+00:00,24.66,96.2,0.0,0.0,0.0,408.9,1.38,80.0,100670.0
1990-05-24 19:00:00+00:00,24.45,99.4,0.0,0.0,0.0,404.3,1.24,82.0,100540.0
1990-05-24 20:00:00+00:00,24.24,99.4,0.0,0.0,0.0,405.45,1.17,78.0,100490.0
1990-05-24 21:00:00+00:00,24.3,99.4,0.0,0.0,0.0,412.4,1.31,64.0,100470.0
1990-05-24 22:00:00+00:00,23.87,99.4,0.0,0.0,0.0,400.2,1.1,61.0,100560.0
1990-05-24 23:00:00+00:00,23.59,100.0,0.0,0.0,0.0,403.9,1.1,66.0,100610.0
1990-05-25 00:00:00+00:00,24.91,96.2,250.75,760.43,82.75,405.65,1.03,78.0,100600.0
1990-05-25 01:00:00+00:00,27.2,84.65,461.2,792.05,105.0,403.25,0.9,122.0,100660.0
1990-05-25 02:00:00+00:00,28.41,79.5,619.65,727.44,147.4,412.8,1.1,175.0,100710.0
1990-05-25 03:00:00+00:00,29.11,79.55,788.65,811.96,134.4,419.95,0.69,214.0,100690.0
1990-05-25 04:00:00+00:00,29.87,77.15,788.15,711.02,142.0,421.3,1.03,208.0,100640.0
1990-05-25 05:00:00+00:00,30.45,74.8,701.4,516.79,209.85,426.35,1.38,212.0,100560.0
1990-05-25 06:00:00+00:00,30.46,74.8,838.45,775.32,117.35,436.2,1.52,201.0,100460.0
1990-05-25 07:00:00+00:00,31.32,67.95,725.8,739.79,99.25,427.1,1.1,222.0,100340.0
1990-05-25 08:00:00+00:00,30.93,72.4,506.1,550.31,116.8,428.3,1.31,241.0,100260.0
1990-05-25 09:00:00+00:00,29.69,72.25,228.75,270.62,87.75,437.2,0.76,272.0,100250.0
1990-05-25 10:00:00+00:00,28.43,76.95,75.25,86.04,49.4,428.3,1.03,29.0,100280.0
1990-05-25 11:00:00+00:00,27.48,84.65,2.1,0.0,2.1,425.75,0.28,22.0,100350.0
1990-05-25 12:00:00+00:00,26.56,90.25,0.0,0.0,0.0,416.65,0.62,174.0,100490.0
1990-05-25 13:00:00+00:00,26.07,93.2,0.0,0.0,0.0,414.9,0.9,130.0,100580.0
1990-05-25 14:00:00+00:00,25.9,93.2,0.0,0.0,0.0,421.3,1.03,87.0,100650.0
1990-05-25 15:00:00+00:00,25.54,96.25,0.0,0.0,0.0,411.65,1.17,84.0,100660.0
1990-05-25 16:00:00+00:00,25.19,93.15,0.0,0.0,0.0,407.55,1.31,76.0,100680.0
1990-05-25 17:00:00+00:00,24.88,96.2,0.0,0.0,0.0,408.55,1.24,75.0,100650.0
1990-05-25 18:00:00+00:00,24.65,96.2,0.0,0.0,0.0,409.5,1.31,64.0,100580.0
1990-05-25 19:00:00+00:00,24.9,96.2,0.0,0.0,0.0,413.0,1.03,55.0,100460.0
1990-05-25 20:00:00+00:00,24.68,96.2,0.0,0.0,0.0,412.6,0.97,61.0,100430.0
1990-05-25 21:00:00+00:00,24.4,99.4,0.0,0.0,0.0,409.3,0.97,57.0,100410.0
1990-05-25 22:00:00+00:00,24.37,99.4,0.0,0.0,0.0,414.15,0.76,52.0,100460.0
1990-05-25 23:00:00+00:00,24.06,100.0,0.0,0.0,0.0,407.95,0.9,53.0,100530.0
1990-05-26 00:00:00+00:00,25.28,96.25,252.95,794.97,77.7,408.55,0.48,30.0,100570.0
1990-05-26 01:00:00+00:00,27.07,84.6,408.2,694.53,96.35,408.25,0.62,316.0,100670.0
1990-05-26 02:00:00+00:00,27.86,82.05,626.85,779.49,121.5,414.15,0.9,290.0,100710.0
1990-05-26 03:00:00+00:00,29.17,77.0,594.1,505.42,187.35,413.55,1.17,254.0,100700.0
1990-05-26 04:00:00+00:00,29.2,74.65,665.05,496.67,214.2,427.1,1.79,244.0,100630.0
1990-05-26 05:00:00+00:00,28.72,77.0,645.8,413.02,253.35,433.9,2.21,233.0,100550.0
1990-05-26 06:00:00+00:00,28.34,82.1,683.35,459.89,256.0,424.6,2.0,214.0,100500.0
1990-05-26 07:00:00+00:00,28.42,76.95,465.25,313.84,199.65,424.0,0.55,224.0,100450.0
1990-05-26 08:00:00+00:00,28.64,76.95,438.1,426.22,136.75,428.1,0.41,0.0,100320.0
1990-05-26 09:00:00+00:00,28.87,74.55,202.6,169.03,114.55,420.9,1.1,337.0,100330.0
1990-05-26 10:00:00+00:00,27.36,81.95,86.25,123.72,49.05,423.25,1.24,315.0,100340.0
1990-05-26 11:00:00+00:00,26.73,84.6,2.25,0.0,2.25,411.25,0.83,259.0,100430.0
1990-05-26 12:00:00+00:00,25.96,90.2,0.0,0.0,0.0,414.75,1.1,214.0,100530.0
1990-05-26 13:00:00+00:00,25.4,93.15,0.0,0.0,0.0,419.55,1.45,201.0,100650.0
1990-05-26 14:00:00+00:00,24.53,99.4,0.0,0.0,0.0,415.5,0.83,176.0,100760.0
1990-05-26 15:00:00+00:00,24.29,99.4,0.0,0.0,0.0,423.05,0.69,112.0,100780.0
1990-05-26 16:00:00+00:00,24.27,99.4,0.0,0.0,0.0,423.65,0.9,62.0,100790.0
1990-05-26 17:00:00+00:00,23.95,99.4,0.0,0.0,0.0,405.45,1.1,37.0,100730.0
1990-05-26 18:00:00+00:00,23.76,99.4,0.0,0.0,0.0,407.75,0.76,37.0,100640.0
1990-05-26 19:00:00+00:00,24.01,100.0,0.0,0.0,0.0,414.55,0.69,352.0,100560.0
1990-05-26 20:00:00+00:00,23.95,99.4,0.0,0.0,0.0,422.65,0.41,356.0,100530.0
1990-05-26 21:00:00+00:00,23.55,100.0,0.0,0.0,0.0,422.65,0.55,77.0,100560.0
1990-05-26 22:00:00+00:00,23.46,99.4,0.0,0.0,0.0,429.65,0.9,69.0,100580.0
1990-05-26 23:00:00+00:00,23.5,99.4,0.0,0.0,0.0,434.1,0.97,62.0,100600.0
1990-05-27 00:00:00+00:00,23.81,96.2,204.6,486.27,97.65,419.95,1.1,79.0,100600.0
1990-05-27 01:00:00+00:00,25.2,90.2,432.55,658.42,137.4,414.65,1.03,78.0,100630.0
1990-05-27 02:00:00+00:00,26.8,84.6,579.95,570.11,210.85,409.5,0.62,110.0,100650.0
1990-05-27 03:00:00+00:00,28.22,76.95,672.25,552.45,228.2,427.5,1.31,184.0,100680.0
1990-05-27 04:00:00+00:00,28.99,74.55,784.35,611.2,230.15,433.3,1.52,201.0,100650.0
1990-05-27 05:00:00+00:00,29.43,77.1,815.2,645.82,202.15,429.85,1.59,230.0,100510.0
1990-05-27 06:00:00+00:00,29.83,77.15,784.15,646.68,183.75,432.55,2.14,232.0,100350.0
1990-05-27 07:00:00+00:00,29.55,77.1,554.5,396.0,219.6,424.6,1.79,234.0,100380.0
1990-05-27 08:00:00+00:00,28.8,77.0,372.6,239.14,203.6,428.3,1.59,230.0,100320.0
1990-05-27 09:00:00+00:00,28.44,79.5,200.25,138.71,128.0,420.9,0.62,276.0,100310.0
1990-05-27 10:00:00+00:00,28.09,79.4,72.35,57.33,55.1,419.95,0.48,332.0,100300.0
1990-05-27 11:00:00+00:00,27.63,81.95,2.15,0.0,2.15,413.75,0.76,45.0,100420.0
1990-05-27 12:00:00+00:00,27.0,87.4,0.0,0.0,0.0,417.85,0.69,117.0,100490.0
1990-05-27 13:00:00+00:00,26.32,90.25,0.0,0.0,0.0,414.75,0.9,115.0,100550.0
1990-05-27 14:00:00+00:00,25.73,93.2,0.0,0.0,0.0,409.9,1.17,97.0,100630.0
1990-05-27 15:00:00+00:00,25.32,93.15,0.0,0.0,0.0,409.7,1.1,89.0,100680.0
1990-05-27 16:00:00+00:00,25.02,96.2,0.0,0.0,0.0,408.75,1.03,84.0,100670.0
1990-05-27 17:00:00+00:00,24.85,96.2,0.0,0.0,0.0,407.55,0.97,78.0,100650.0
1990-05-27 18:00:00+00:00,24.39,99.4,0.0,0.0,0.0,414.75,0.97,65.0,100580.0
1990-05-27 19:00:00+00:00,24.69,93.15,0.0,0.0,0.0,406.2,0.76,68.0,100520.0
1990-05-27 20:00:00+00:00,24.56,96.2,0.0,0.0,0.0,408.35,1.03,77.0,100460.0
1990-05-27 21:00:00+00:00,24.41,96.2,0.0,0.0,0.0,409.9,1.1,87.0,100470.0
1990-05-27 22:00:00+00:00,24.35,96.2,0.0,0.0,0.0,407.95,0.62,85.0,100460.0
1990-05-27 23:00:00+00:00,24.29,93.1,0.0,0.0,0.0,415.5,0.62,98.0,100540.0
1990-05-28 00:00:00+00:00,24.75,93.15,182.35,397.22,95.2,420.15,0.34,68.0,100600.0
1990-05-28 01:00:00+00:00,26.06,90.2,393.6,544.55,149.9,412.3,0.28,196.0,100670.0
1990-05-28 02:00:00+00:00,27.15,87.4,568.25,551.58,211.65,419.55,0.55,200.0,100710.0
1990-05-28 03:00:00+00:00,28.24,82.1,731.55,637.39,219.85,420.35,1.1,183.0,100670.0
1990-05-28 04:00:00+00:00,29.09,84.8,792.05,584.04,263.05,421.9,1.38,202.0,100620.0
1990-05-28 05:00:00+00:00,29.68,84.85,638.45,345.44,310.85,432.9,1.79,236.0,100530.0
1990-05-28 06:00:00+00:00,29.29,79.6,631.45,397.34,262.85,447.05,2.28,238.0,100440.0
1990-05-28 07:00:00+00:00,29.12,74.55,519.5,322.08,247.3,436.8,1.17,253.0,100420.0
1990-05-28 08:00:00+00:00,28.82,77.0,332.6,149.0,227.35,433.5,1.1,294.0,100280.0
1990-05-28 09:00:00+00:00,28.46,79.5,214.9,118.75,153.05,424.0,1.1,301.0,100220.0
1990-05-28 10:00:00+00:00,28.32,79.5,84.45,76.2,61.5,416.1,1.45,310.0,100250.0
1990-05-28 11:00:00+00:00,27.91,82.05,2.25,0.0,2.25,420.35,0.83,282.0,100380.0
1990-05-28 12:00:00+00:00,27.12,87.4,0.0,0.0,0.0,417.25,1.24,246.0,100470.0
1990-05-28 13:00:00+00:00,26.42,90.25,0.0,0.0,0.0,421.5,0.83,227.0,100540.0
1990-05-28 14:00:00+00:00,25.83,93.2,0.0,0.0,0.0,419.2,0.55,87.0,100640.0
1990-05-28 15:00:00+00:00,25.57,96.25,0.0,0.0,0.0,420.35,0.34,58.0,100680.0
1990-05-28 16:00:00+00:00,24.94,96.2,0.0,0.0,0.0,417.05,0.34,21.0,100750.0
1990-05-28 17:00:00+00:00,24.53,99.4,0.0,0.0,0.0,419.4,0.41,339.0,100740.0
1990-05-28 18:00:00+00:00,24.33,99.4,0.0,0.0,0.0,424.8,0.21,13.0,100630.0
1990-05-28 19:00:00+00:00,24.45,99.4,0.0,0.0,0.0,410.85,0.55,73.0,100490.0
1990-05-28 20:00:00+00:00,24.46,99.4,0.0,0.0,0.0,416.1,0.34,15.0,100470.0
1990-05-28 21:00:00+00:00,24.59,99.4,0.0,0.0,0.0,427.5,0.48,360.0,100470.0
1990-05-28 22:00:00+00:00,24.57,99.4,0.0,0.0,0.0,423.45,0.34,35.0,100470.0
1990-05-28 23:00:00+00:00,24.67,96.2,0.0,0.0,0.0,427.1,0.07,132.0,100510.0
1990-05-29 00:00:00+00:00,25.19,93.15,124.1,192.38,82.0,428.65,0.07,287.0,100540.0
1990-05-29 01:00:00+00:00,25.97,90.2,312.8,384.44,141.05,428.6,0.28,279.0,100550.0
1990-05-29 02:00:00+00:00,27.07,84.6,544.9,506.12,218.15,418.6,0.41,286.0,100600.0
1990-05-29 03:00:00+00:00,28.19,76.95,628.95,470.55,251.65,426.15,1.17,247.0,100620.0
1990-05-29 04:00:00+00:00,28.98,77.0,566.1,333.62,264.25,430.6,1.86,236.0,100590.0
1990-05-29 05:00:00+00:00,28.3,79.5,596.0,348.57,265.75,431.95,2.07,230.0,100530.0
1990-05-29 06:00:00+00:00,28.63,79.5,632.25,456.4,209.2,435.85,1.72,241.0,100410.0
1990-05-29 07:00:00+00:00,28.13,79.4,493.6,371.05,180.2,431.75,2.34,279.0,100440.0
1990-05-29 08:00:00+00:00,28.23,79.5,360.9,290.96,155.45,423.25,2.14,305.0,100350.0
1990-05-29 09:00:00+00:00,28.18,79.5,267.4,310.63,105.6,427.3,1.66,301.0,100280.0
1990-05-29 10:00:00+00:00,28.05,79.4,94.35,144.44,50.8,422.45,2.07,297.0,100310.0
1990-05-29 11:00:00+00:00,27.1,84.6,2.3,4.76,2.0,421.7,1.59,289.0,100410.0
1990-05-29 12:00:00+00:00,26.29,87.35,0.0,0.0,0.0,416.3,1.45,299.0,100430.0
1990-05-29 13:00:00+00:00,25.8,90.2,0.0,0.0,0.0,412.0,1.1,304.0,100490.0
1990-05-29 14:00:00+00:00,25.41,93.15,0.0,0.0,0.0,411.45,0.62,339.0,100560.0
1990-05-29 15:00:00+00:00,24.96,96.2,0.0,0.0,0.0,407.75,0.9,18.0,100600.0
1990-05-29 16:00:00+00:00,24.68,96.2,0.0,0.0,0.0,408.35,1.17,357.0,100620.0
1990-05-29 17:00:00+00:00,24.5,99.4,0.0,0.0,0.0,403.9,1.45,315.0,100630.0
1990-05-29 18:00:00+00:00,24.34,99.4,0.0,0.0,0.0,410.65,0.62,285.0,100570.0
1990-05-29 19:00:00+00:00,24.83,96.2,0.0,0.0,0.0,413.55,0.41,304.0,100370.0
1990-05-29 20:00:00+00:00,24.52,99.4,0.0,0.0,0.0,415.5,0.48,234.0,100340.0
1990-05-29 21:00:00+00:00,24.3,99.4,0.0,0.0,0.0,409.7,0.55,242.0,100340.0
1990-05-29 22:00:00+00:00,23.94,100.0,0.0,0.0,0.0,419.0,0.55,291.0,100400.0
1990-05-29 23:00:00+00:00,23.87,99.4,0.0,0.0,0.0,425.4,0.28,97.0,100460.0
1990-05-30 00:00:00+00:00,24.21,99.4,111.5,118.67,85.6,425.0,0.9,122.0,100490.0
1990-05-30 01:00:00+00:00,25.05,96.2,252.45,143.06,188.65,419.85,0.83,150.0,100550.0
1990-05-30 02:00:00+00:00,26.02,90.2,341.3,224.53,196.55,427.3,1.17,242.0,100630.0
1990-05-30 03:00:00+00:00,26.63,90.25,473.1,258.91,265.75,423.65,1.59,252.0,100650.0
1990-05-30 04:00:00+00:00,27.33,87.45,377.65,36.79,344.4,430.2,1.93,247.0,100580.0
1990-05-30 05:00:00+00:00,27.3,87.45,384.35,135.86,255.75,434.1,1.38,270.0,100540.0
1990-05-30 06:00:00+00:00,27.75,84.7,453.15,156.17,308.5,426.9,2.28,271.0,100370.0
1990-05-30 07:00:00+00:00,26.66,87.35,402.95,126.7,296.0,427.7,2.14,284.0,100380.0
1990-05-30 08:00:00+00:00,27.12,84.6,305.35,120.13,220.55,424.4,1.31,304.0,100260.0
1990-05-30 09:00:00+00:00,27.55,81.95,246.3,158.66,163.65,424.8,1.45,286.0,100210.0
1990-05-30 10:00:00+00:00,27.71,79.4,79.3,52.84,63.35,425.95,2.0,279.0,100240.0
1990-05-30 11:00:00+00:00,26.74,84.6,2.3,0.79,2.25,426.75,2.0,281.0,100390.0
1990-05-30 12:00:00+00:00,25.42,90.2,0.0,0.0,0.0,422.45,1.24,278.0,100440.0
1990-05-30 13:00:00+00:00,25.08,96.2,0.0,0.0,0.0,424.6,0.14,320.0,100460.0
1990-05-30 14:00:00+00:00,24.63,99.4,0.0,0.0,0.0,406.6,0.07,209.0,100540.0
1990-05-30 15:00:00+00:00,24.33,99.4,0.0,0.0,0.0,413.75,0.41,115.0,100600.0
1990-05-30 16:00:00+00:00,24.08,99.4,0.0,0.0,0.0,408.75,0.83,102.0,100620.0
1990-05-30 17:00:00+00:00,23.8,99.4,0.0,0.0,0.0,411.25,0.83,67.0,100580.0
1990-05-30 18:00:00+00:00,23.73,99.4,0.0,0.0,0.0,419.55,0.62,49.0,100500.0
1990-05-30 19:00:00+00:00,24.3,99.4,0.0,0.0,0.0,413.55,0.21,128.0,100400.0
1990-05-30 20:00:00+00:00,24.03,100.0,0.0,0.0,0.0,417.25,0.48,51.0,100350.0
1990-05-30 21:00:00+00:00,23.87,100.0,0.0,0.0,0.0,417.65,0.69,52.0,100340.0
1990-05-30 22:00:00+00:00,23.81,99.4,0.0,0.0,0.0,423.45,0.55,61.0,100370.0
1990-05-30 23:00:00+00:00,23.76,99.4,0.0,0.0,0.0,428.3,0.21,65.0,100430.0
1990-05-31 00:00:00+00:00,23.99,99.4,87.7,76.74,71.0,431.0,0.07,7.0,100490.0
1990-05-31 01:00:00+00:00,24.75,96.2,177.3,83.68,140.05,429.75,0.14,231.0,100530.0
1990-05-31 02:00:00+00:00,25.68,90.2,380.15,230.05,232.05,425.55,0.97,215.0,100540.0
1990-05-31 03:00:00+00:00,26.86,84.6,573.25,356.74,287.9,420.9,1.17,213.0,100520.0
1990-05-31 04:00:00+00:00,27.99,79.4,709.75,444.9,308.05,425.2,1.52,225.0,100440.0
1990-05-31 05:00:00+00:00,28.9,77.0,727.6,433.36,317.75,429.25,1.59,231.0,100390.0
1990-05-31 06:00:00+00:00,29.33,77.1,579.2,381.34,226.25,431.95,1.72,238.0,100310.0
1990-05-31 07:00:00+00:00,28.64,79.5,396.35,193.85,232.8,436.4,2.07,220.0,100170.0
1990-05-31 08:00:00+00:00,28.54,82.1,355.8,172.81,233.85,424.0,1.1,234.0,100120.0
1990-05-31 09:00:00+00:00,28.65,82.1,231.95,187.04,134.5,430.8,1.17,229.0,100050.0
1990-05-31 10:00:00+00:00,28.21,82.1,84.8,94.47,56.25,431.75,0.76,260.0,100120.0
1990-05-31 11:00:00+00:00,27.09,87.4,2.05,0.0,2.05,428.45,0.69,220.0,100260.0
1990-05-31 12:00:00+00:00,25.94,90.2,0.0,0.0,0.0,423.45,0.55,69.0,100360.0
1990-05-31 13:00:00+00:00,25.28,93.15,0.0,0.0,0.0,412.0,0.97,62.0,100400.0
1990-05-31 14:00:00+00:00,24.87,96.2,0.0,0.0,0.0,407.75,1.17,45.0,100490.0
1990-05-31 15:00:00+00:00,24.57,99.4,0.0,0.0,0.0,408.75,0.97,40.0,100520.0
1990-05-31 16:00:00+00:00,21.67,99.0,0.0,0.0,0.0,401.66,0.97,52.0,100560.0
1990-05-31 17:00:00+00:00,22.36,99.0,0.0,0.0,0.0,403.32,0.97,75.0,100530.0
1990-05-31 18:00:00+00:00,23.05,99.0,0.0,0.0,0.0,404.97,0.97,111.0,100460.0
1990-05-31 19:00:00+00:00,23.74,98.98,0.0,0.0,0.0,406.63,0.97,88.0,100340.0
1990-05-31 20:00:00+00:00,24.43,95.57,0.0,0.0,0.0,408.29,0.97,112.0,100290.0
1990-05-31 21:00:00+00:00,25.12,92.16,0.0,0.0,0.0,409.94,0.97,104.0,100290.0
1990-05-31 22:00:00+00:00,25.81,88.76,0.0,0.0,0.0,411.6,0.97,85.0,100310.0
1990-05-31 23:00:00+00:00,26.5,85.35,0.0,0.0,0.0,413.26,0.97,73.0,100400.0
1990-06-01 00:00:00+00:00,27.19,81.94,194.2,420.99,102.85,414.92,0.97,77.0,100640.0
1990-06-01 01:00:00+00:00,27.88,78.53,389.65,577.68,132.95,416.57,0.97,79.0,100730.0
1990-06-01 02:00:00+00:00,28.57,75.12,620.45,730.57,150.8,418.23,0.97,95.0,100790.0
1990-06-01 03:00:00+00:00,29.26,71.72,778.8,777.85,157.35,419.89,0.97,177.0,100780.0
1990-06-01 04:00:00+00:00,29.95,68.31,826.85,733.17,165.55,421.54,0.97,151.0,100740.0
1990-06-01 05:00:00+00:00,30.64,64.9,790.15,620.46,203.85,423.2,0.97,160.0,100630.0
1990-06-01 06:00:00+00:00,31.33,61.49,756.15,634.16,169.6,424.86,0.97,186.0,100540.0
1990-06-01 07:00:00+00:00,32.02,58.09,644.6,555.4,176.25,426.52,0.97,267.0,100460.0
1990-06-01 08:00:00+00:00,32.23,56.1,482.1,489.34,136.85,421.5,2.0,257.0,100340.0
1990-06-01 09:00:00+00:00,31.46,59.65,236.3,226.52,118.25,424.8,1.79,256.0,100320.0
1990-06-01 10:00:00+00:00,30.41,63.5,60.65,64.6,41.1,425.55,1.31,242.0,100380.0
1990-06-01 11:00:00+00:00,29.25,74.55,2.15,0.77,2.1,426.55,0.69,213.0,100430.0
1990-06-01 12:00:00+00:00,28.4,82.05,0.0,0.0,0.0,420.9,0.69,209.0,100500.0
1990-06-01 13:00:00+00:00,27.9,82.05,0.0,0.0,0.0,424.4,0.62,238.0,100550.0
1990-06-01 14:00:00+00:00,27.37,84.65,0.0,0.0,0.0,413.0,0.62,258.0,100620.0
1990-06-01 15:00:00+00:00,27.08,84.65,0.0,0.0,0.0,412.6,0.69,253.0,100720.0
1990-06-01 16:00:00+00:00,26.99,81.9,0.0,0.0,0.0,413.95,0.34,336.0,100780.0
1990-06-01 17:00:00+00:00,26.22,87.35,0.0,0.0,0.0,416.3,0.69,336.0,100790.0
1990-06-01 18:00:00+00:00,25.54,87.3,0.0,0.0,0.0,410.45,1.17,23.0,100730.0
1990-06-01 19:00:00+00:00,25.69,90.2,0.0,0.0,0.0,417.25,1.03,21.0,100590.0
1990-06-01 20:00:00+00:00,25.68,90.2,0.0,0.0,0.0,425.75,1.1,50.0,100600.0
1990-06-01 21:00:00+00:00,25.56,90.2,0.0,0.0,0.0,418.8,0.62,58.0,100600.0
1990-06-01 22:00:00+00:00,25.79,90.2,0.0,0.0,0.0,429.05,0.07,348.0,100650.0
1990-06-01 23:00:00+00:00,24.99,96.2,0.0,0.0,0.0,421.7,0.62,283.0,100700.0
1990-06-02 00:00:00+00:00,25.26,93.15,140.05,199.7,96.85,422.1,0.69,274.0,100750.0
1990-06-02 01:00:00+00:00,26.07,90.25,229.6,109.12,181.2,416.6,1.38,294.0,100830.0
1990-06-02 02:00:00+00:00,26.51,90.25,326.65,137.71,238.25,422.45,1.66,291.0,100870.0
1990-06-02 03:00:00+00:00,27.11,87.45,528.35,222.68,350.65,428.3,1.31,285.0,100850.0
1990-06-02 04:00:00+00:00,28.08,84.7,513.2,187.5,344.25,427.1,0.9,263.0,100790.0
1990-06-02 05:00:00+00:00,28.59,82.1,657.0,234.86,435.25,434.45,0.83,253.0,100710.0
1990-06-02 06:00:00+00:00,29.35,79.55,572.2,428.7,175.95,431.4,1.03,246.0,100640.0
1990-06-02 07:00:00+00:00,30.1,67.8,528.95,411.44,182.15,435.25,1.66,253.0,100590.0
1990-06-02 08:00:00+00:00,30.23,70.0,449.35,393.8,171.55,420.9,1.72,254.0,100490.0
1990-06-02 09:00:00+00:00,29.02,74.5,254.15,267.89,114.5,422.65,2.07,258.0,100500.0
1990-06-02 10:00:00+00:00,28.26,76.85,79.95,90.08,52.65,422.3,0.9,265.0,100530.0
1990-06-02 11:00:00+00:00,27.82,79.4,2.45,0.76,2.4,422.3,0.83,189.0,100630.0
1990-06-02 12:00:00+00:00,26.78,81.9,0.0,0.0,0.0,422.65,0.55,211.0,100730.0
1990-06-02 13:00:00+00:00,25.97,90.2,0.0,0.0,0.0,417.05,1.03,4.0,100810.0
1990-06-02 14:00:00+00:00,25.52,93.15,0.0,0.0,0.0,413.75,0.9,39.0,100850.0
1990-06-02 15:00:00+00:00,25.09,90.2,0.0,0.0,0.0,408.35,1.24,62.0,100870.0
1990-06-02 16:00:00+00:00,24.65,93.15,0.0,0.0,0.0,405.65,1.03,71.0,100920.0
1990-06-02 17:00:00+00:00,24.27,96.2,0.0,0.0,0.0,404.3,1.03,63.0,100910.0
1990-06-02 18:00:00+00:00,24.12,96.2,0.0,0.0,0.0,408.35,0.97,58.0,100870.0
1990-06-02 19:00:00+00:00,25.25,90.2,0.0,0.0,0.0,417.25,0.97,159.0,100770.0
1990-06-02 20:00:00+00:00,24.71,93.15,0.0,0.0,0.0,407.4,1.52,168.0,100740.0
1990-06-02 21:00:00+00:00,24.56,93.15,0.0,0.0,0.0,411.65,1.38,155.0,100710.0
1990-06-02 22:00:00+00:00,24.56,93.15,0.0,0.0,0.0,414.75,0.97,155.0,100720.0
1990-06-02 23:00:00+00:00,24.43,93.1,0.0,0.0,0.0,399.45,0.69,102.0,100760.0
1990-06-03 00:00:00+00:00,24.76,93.15,201.05,639.47,63.15,404.45,0.55,90.0,100810.0
1990-06-03 01:00:00+00:00,26.37,84.55,347.75,520.2,117.45,410.95,0.69,172.0,100820.0
1990-06-03 02:00:00+00:00,27.38,81.95,523.2,561.76,163.1,413.75,1.86,202.0,100870.0
1990-06-03 03:00:00+00:00,28.34,82.05,660.45,582.45,196.2,415.7,1.93,203.0,100860.0
1990-06-03 04:00:00+00:00,29.23,79.55,679.3,469.89,256.3,422.45,2.0,203.0,100820.0
1990-06-03 05:00:00+00:00,29.42,77.0,382.7,93.49,294.5,431.0,2.55,205.0,100770.0
1990-06-03 06:00:00+00:00,28.47,76.85,653.55,436.32,250.5,433.7,2.14,189.0,100740.0
1990-06-03 07:00:00+00:00,30.62,61.55,712.9,657.94,158.55,422.1,2.62,205.0,100560.0
1990-06-03 08:00:00+00:00,30.7,61.55,409.0,289.93,204.5,417.25,2.34,201.0,100490.0
1990-06-03 09:00:00+00:00,30.23,63.5,223.6,136.24,152.55,419.4,1.93,185.0,100480.0
1990-06-03 10:00:00+00:00,29.81,65.5,65.95,21.09,59.55,417.05,1.45,173.0,100500.0
1990-06-03 11:00:00+00:00,28.82,72.1,2.35,0.75,2.3,414.55,1.31,175.0,100570.0
1990-06-03 12:00:00+00:00,27.66,74.4,0.0,0.0,0.0,412.4,1.59,175.0,100620.0
1990-06-03 13:00:00+00:00,26.63,81.9,0.0,0.0,0.0,408.75,1.17,162.0,100710.0
1990-06-03 14:00:00+00:00,26.05,81.85,0.0,0.0,0.0,405.25,1.17,125.0,100790.0
1990-06-03 15:00:00+00:00,25.52,84.45,0.0,0.0,0.0,401.75,1.59,101.0,100850.0
1990-06-03 16:00:00+00:00,25.04,84.45,0.0,0.0,0.0,400.8,1.66,89.0,100880.0
1990-06-03 17:00:00+00:00,24.59,87.25,0.0,0.0,0.0,397.3,1.66,74.0,100900.0
1990-06-03 18:00:00+00:00,24.22,90.1,0.0,0.0,0.0,401.2,1.45,63.0,100810.0
1990-06-03 19:00:00+00:00,25.3,87.3,0.0,0.0,0.0,419.0,2.0,231.0,100840.0
1990-06-03 20:00:00+00:00,24.84,90.15,0.0,0.0,0.0,419.95,1.31,241.0,100800.0
1990-06-03 21:00:00+00:00,25.07,87.3,0.0,0.0,0.0,421.5,0.21,265.0,100800.0
1990-06-03 22:00:00+00:00,24.49,96.2,0.0,0.0,0.0,418.2,0.55,40.0,100800.0
1990-06-03 23:00:00+00:00,24.02,93.1,0.0,0.0,0.0,409.1,0.9,31.0,100830.0
1990-06-04 00:00:00+00:00,24.78,93.15,168.5,310.31,101.8,413.75,0.83,37.0,100880.0
1990-06-04 01:00:00+00:00,26.0,87.3,354.35,382.12,185.5,413.7,0.69,36.0,100880.0
1990-06-04 02:00:00+00:00,27.25,79.35,553.9,493.82,237.8,413.2,0.14,225.0,100910.0
1990-06-04 03:00:00+00:00,28.6,74.5,614.15,450.23,255.7,414.55,0.69,200.0,100880.0
1990-06-04 04:00:00+00:00,29.49,72.15,746.85,580.92,224.4,419.4,1.24,193.0,100840.0
1990-06-04 05:00:00+00:00,30.29,67.8,743.55,520.58,252.8,430.8,1.59,194.0,100760.0
1990-06-04 06:00:00+00:00,30.69,63.6,652.85,461.05,227.2,424.8,1.59,195.0,100670.0
1990-06-04 07:00:00+00:00,30.72,67.85,522.3,307.51,263.3,429.05,1.93,185.0,100580.0
1990-06-04 08:00:00+00:00,29.17,72.15,256.15,60.47,213.5,430.4,1.52,172.0,100530.0
1990-06-04 09:00:00+00:00,28.13,76.85,93.15,42.55,70.95,420.15,0.97,71.0,100580.0
1990-06-04 10:00:00+00:00,27.43,81.95,26.75,0.49,26.6,430.6,1.86,41.0,100590.0
1990-06-04 11:00:00+00:00,26.75,84.6,1.9,0.0,1.9,419.95,1.79,37.0,100590.0
1990-06-04 12:00:00+00:00,26.06,84.55,0.0,0.0,0.0,411.05,1.31,42.0,100640.0
1990-06-04 13:00:00+00:00,25.54,87.3,0.0,0.0,0.0,410.65,1.24,50.0,100730.0
1990-06-04 14:00:00+00:00,25.21,90.2,0.0,0.0,0.0,412.2,1.31,50.0,100830.0
1990-06-04 15:00:00+00:00,24.92,93.15,0.0,0.0,0.0,409.9,1.38,52.0,100900.0
1990-06-04 16:00:00+00:00,24.62,93.15,0.0,0.0,0.0,414.75,1.45,46.0,100910.0
1990-06-04 17:00:00+00:00,24.49,93.1,0.0,0.0,0.0,414.55,1.31,48.0,100910.0
1990-06-04 18:00:00+00:00,24.25,93.1,0.0,0.0,0.0,413.0,1.38,45.0,100830.0
1990-06-04 19:00:00+00:00,24.27,93.1,0.0,0.0,0.0,406.2,1.31,57.0,100720.0
1990-06-04 20:00:00+00:00,23.95,96.2,0.0,0.0,0.0,404.1,1.31,57.0,100690.0
1990-06-04 21:00:00+00:00,23.69,93.1,0.0,0.0,0.0,402.75,1.24,52.0,100720.0
1990-06-04 22:00:00+00:00,23.41,96.2,0.0,0.0,0.0,401.95,1.24,34.0,100770.0
1990-06-04 23:00:00+00:00,23.38,96.2,0.0,0.0,0.0,405.45,1.17,19.0,100820.0
1990-06-05 00:00:00+00:00,24.44,93.1,187.55,242.5,135.6,405.65,0.69,11.0,100870.0
1990-06-05 01:00:00+00:00,26.64,79.3,397.85,524.12,166.7,408.05,0.76,333.0,100880.0
1990-06-05 02:00:00+00:00,27.84,74.4,614.4,719.02,154.8,405.25,1.03,297.0,100910.0
1990-06-05 03:00:00+00:00,28.86,72.1,622.4,562.34,175.2,408.75,1.24,218.0,100890.0
1990-06-05 04:00:00+00:00,29.22,72.15,779.4,691.91,157.7,422.65,1.66,194.0,100830.0
1990-06-05 05:00:00+00:00,30.0,72.25,849.3,669.53,218.6,421.5,1.66,193.0,100750.0
1990-06-05 06:00:00+00:00,30.57,74.7,624.85,330.54,319.85,426.55,1.93,207.0,100640.0
1990-06-05 07:00:00+00:00,29.57,67.7,592.05,376.02,275.45,425.95,1.38,188.0,100600.0
1990-06-05 08:00:00+00:00,29.94,65.5,395.35,260.95,211.3,415.3,1.17,165.0,100510.0
1990-06-05 09:00:00+00:00,30.03,65.5,259.1,227.02,140.6,423.05,1.1,136.0,100460.0
1990-06-05 10:00:00+00:00,29.84,65.5,97.05,110.18,63.5,419.2,1.59,135.0,100430.0
1990-06-05 11:00:00+00:00,29.07,69.85,3.05,1.48,2.95,412.8,1.59,142.0,100530.0
1990-06-05 12:00:00+00:00,28.01,76.85,0.0,0.0,0.0,414.75,1.24,139.0,100570.0
1990-06-05 13:00:00+00:00,26.97,84.6,0.0,0.0,0.0,409.5,0.83,125.0,100650.0
1990-06-05 14:00:00+00:00,26.51,84.55,0.0,0.0,0.0,407.75,0.76,110.0,100750.0
1990-06-05 15:00:00+00:00,25.75,87.3,0.0,0.0,0.0,405.85,0.97,101.0,100820.0
1990-06-05 16:00:00+00:00,25.43,90.2,0.0,0.0,0.0,411.85,0.83,100.0,100850.0
1990-06-05 17:00:00+00:00,25.07,90.2,0.0,0.0,0.0,411.45,1.03,92.0,100840.0
1990-06-05 18:00:00+00:00,24.72,93.15,0.0,0.0,0.0,408.55,1.03,73.0,100770.0
1990-06-05 19:00:00+00:00,24.45,93.1,0.0,0.0,0.0,405.05,1.38,84.0,100680.0
1990-06-05 20:00:00+00:00,24.14,93.1,0.0,0.0,0.0,398.85,1.52,82.0,100630.0
1990-06-05 21:00:00+00:00,23.96,93.1,0.0,0.0,0.0,401.55,1.38,76.0,100650.0
1990-06-05 22:00:00+00:00,23.86,93.1,0.0,0.0,0.0,405.85,1.31,59.0,100670.0
1990-06-05 23:00:00+00:00,23.69,93.1,0.0,0.0,0.0,402.35,1.38,56.0,100730.0
1990-06-06 00:00:00+00:00,24.5,93.1,208.1,593.48,81.4,402.95,0.9,67.0,100720.0
1990-06-06 01:00:00+00:00,27.33,76.8,403.9,655.76,115.25,407.5,0.76,110.0,100780.0
1990-06-06 02:00:00+00:00,28.55,69.65,618.55,742.36,144.7,406.4,1.1,159.0,100830.0
1990-06-06 03:00:00+00:00,29.45,67.6,740.8,734.36,157.45,410.65,1.31,158.0,100800.0
1990-06-06 04:00:00+00:00,30.24,63.5,858.9,746.1,189.1,417.05,1.38,166.0,100750.0
1990-06-06 05:00:00+00:00,31.0,65.7,882.9,779.83,148.8,423.25,1.45,185.0,100680.0
1990-06-06 06:00:00+00:00,31.35,65.8,804.7,713.08,147.05,421.9,1.59,198.0,100560.0
1990-06-06 07:00:00+00:00,31.04,61.55,655.5,630.88,124.45,424.2,1.72,168.0,100530.0
1990-06-06 08:00:00+00:00,31.38,59.65,487.7,543.93,104.05,426.15,1.86,163.0,100420.0
1990-06-06 09:00:00+00:00,30.5,63.5,267.7,372.51,73.15,421.3,2.14,155.0,100340.0
1990-06-06 10:00:00+00:00,30.11,65.6,106.85,199.47,46.0,419.2,1.79,152.0,100350.0
1990-06-06 11:00:00+00:00,29.24,72.15,3.35,11.68,2.55,413.2,1.45,171.0,100520.0
1990-06-06 12:00:00+00:00,28.02,76.85,0.0,0.0,0.0,411.85,0.76,165.0,100610.0
1990-06-06 13:00:00+00:00,27.76,74.4,0.0,0.0,0.0,411.45,0.21,118.0,100700.0
1990-06-06 14:00:00+00:00,26.85,81.9,0.0,0.0,0.0,413.95,0.76,50.0,100750.0
1990-06-06 15:00:00+00:00,25.98,87.3,0.0,0.0,0.0,408.15,1.31,40.0,100800.0
1990-06-06 16:00:00+00:00,25.41,90.2,0.0,0.0,0.0,405.45,1.31,35.0,100820.0
1990-06-06 17:00:00+00:00,25.4,87.3,0.0,0.0,0.0,400.0,0.76,34.0,100810.0
1990-06-06 18:00:00+00:00,25.54,84.5,0.0,0.0,0.0,406.2,0.21,266.0,100770.0
1990-06-06 19:00:00+00:00,24.75,90.15,0.0,0.0,0.0,403.1,0.97,74.0,100640.0
1990-06-06 20:00:00+00:00,24.53,90.15,0.0,0.0,0.0,409.7,1.03,61.0,100600.0
1990-06-06 21:00:00+00:00,24.32,93.1,0.0,0.0,0.0,406.4,1.17,40.0,100620.0
1990-06-06 22:00:00+00:00,24.14,93.1,0.0,0.0,0.0,404.3,0.97,23.0,100680.0
1990-06-06 23:00:00+00:00,24.11,90.1,0.0,0.0,0.0,406.6,0.62,354.0,100760.0
1990-06-07 00:00:00+00:00,24.23,93.1,154.45,391.57,71.15,405.45,0.34,321.0,100830.0
1990-06-07 01:00:00+00:00,25.29,87.3,397.85,604.46,132.3,407.85,0.76,312.0,100840.0
1990-06-07 02:00:00+00:00,26.79,79.3,560.4,598.83,178.7,408.35,1.03,297.0,100860.0
1990-06-07 03:00:00+00:00,28.05,76.85,749.05,754.06,150.7,412.0,0.83,263.0,100820.0
1990-06-07 04:00:00+00:00,29.31,72.15,815.2,688.05,198.05,411.85,1.03,220.0,100720.0
1990-06-07 05:00:00+00:00,30.17,70.0,765.3,565.57,233.25,419.2,1.31,221.0,100650.0
1990-06-07 06:00:00+00:00,30.09,70.0,764.9,669.04,148.15,428.45,1.79,221.0,100560.0
1990-06-07 07:00:00+00:00,29.63,72.25,595.8,506.31,169.7,421.1,2.07,225.0,100570.0
1990-06-07 08:00:00+00:00,29.06,74.55,357.75,295.51,149.3,422.85,1.38,245.0,100490.0
1990-06-07 09:00:00+00:00,29.09,74.55,209.75,252.87,77.6,420.75,0.69,256.0,100490.0
1990-06-07 10:00:00+00:00,28.36,76.85,95.3,159.02,46.7,420.35,0.62,276.0,100490.0
1990-06-07 11:00:00+00:00,27.6,79.4,2.9,5.78,2.5,421.3,0.48,5.0,100620.0
1990-06-07 12:00:00+00:00,27.2,81.95,0.0,0.0,0.0,419.75,0.76,338.0,100720.0
1990-06-07 13:00:00+00:00,26.67,84.6,0.0,0.0,0.0,409.7,0.83,312.0,100780.0
1990-06-07 14:00:00+00:00,26.22,87.35,0.0,0.0,0.0,409.5,0.9,307.0,100840.0
1990-06-07 15:00:00+00:00,26.14,87.35,0.0,0.0,0.0,414.15,0.48,347.0,100850.0
1990-06-07 16:00:00+00:00,25.8,87.3,0.0,0.0,0.0,411.45,0.76,359.0,100880.0
1990-06-07 17:00:00+00:00,25.48,90.2,0.0,0.0,0.0,408.75,0.69,327.0,100860.0
1990-06-07 18:00:00+00:00,25.01,93.15,0.0,0.0,0.0,407.2,0.83,298.0,100800.0
1990-06-07 19:00:00+00:00,24.79,90.15,0.0,0.0,0.0,406.8,1.17,0.0,100710.0
1990-06-07 20:00:00+00:00,24.52,90.15,0.0,0.0,0.0,404.1,1.24,4.0,100680.0
1990-06-07 21:00:00+00:00,24.46,93.1,0.0,0.0,0.0,410.65,1.45,28.0,100700.0
1990-06-07 22:00:00+00:00,24.32,90.1,0.0,0.0,0.0,406.8,1.66,42.0,100710.0
1990-06-07 23:00:00+00:00,24.12,90.1,0.0,0.0,0.0,404.45,1.52,55.0,100740.0
1990-06-08 00:00:00+00:00,24.59,90.15,171.8,403.84,86.2,405.85,1.03,78.0,100810.0
1990-06-08 01:00:00+00:00,26.2,84.55,355.25,429.8,166.8,408.45,1.1,95.0,100850.0
1990-06-08 02:00:00+00:00,27.56,76.85,498.35,474.93,196.05,413.55,1.17,123.0,100890.0
1990-06-08 03:00:00+00:00,28.58,74.5,687.85,529.42,268.2,415.7,1.31,138.0,100850.0
1990-06-08 04:00:00+00:00,29.56,72.25,810.3,646.16,231.2,425.95,1.24,156.0,100770.0
1990-06-08 05:00:00+00:00,30.34,72.35,785.65,501.99,313.7,421.3,0.76,187.0,100670.0
1990-06-08 06:00:00+00:00,30.96,67.85,548.5,233.27,333.55,427.1,0.9,240.0,100530.0
1990-06-08 07:00:00+00:00,29.0,69.75,521.95,237.39,322.2,422.1,2.41,310.0,100600.0
1990-06-08 08:00:00+00:00,29.29,67.6,449.75,320.76,223.45,417.85,2.55,319.0,100480.0
1990-06-08 09:00:00+00:00,29.43,67.6,257.75,191.32,157.7,417.65,2.34,306.0,100420.0
1990-06-08 10:00:00+00:00,29.16,67.6,88.45,101.89,57.25,415.7,2.07,299.0,100480.0
1990-06-08 11:00:00+00:00,28.35,72.0,2.95,2.86,2.75,418.8,1.38,295.0,100570.0
1990-06-08 12:00:00+00:00,27.52,74.3,0.0,0.0,0.0,420.9,1.24,289.0,100670.0
1990-06-08 13:00:00+00:00,26.56,76.7,0.0,0.0,0.0,409.7,1.24,291.0,100750.0
1990-06-08 14:00:00+00:00,26.19,79.2,0.0,0.0,0.0,407.2,0.97,297.0,100810.0
1990-06-08 15:00:00+00:00,25.99,81.8,0.0,0.0,0.0,410.1,0.76,304.0,100850.0
1990-06-08 16:00:00+00:00,25.41,84.45,0.0,0.0,0.0,410.45,0.9,345.0,100860.0
1990-06-08 17:00:00+00:00,24.88,87.25,0.0,0.0,0.0,404.85,1.03,15.0,100850.0
1990-06-08 18:00:00+00:00,24.45,90.1,0.0,0.0,0.0,401.75,1.1,33.0,100780.0
1990-06-08 19:00:00+00:00,24.48,90.1,0.0,0.0,0.0,404.1,0.76,23.0,100700.0
1990-06-08 20:00:00+00:00,24.15,87.2,0.0,0.0,0.0,406.0,0.62,355.0,100700.0
1990-06-08 21:00:00+00:00,23.36,96.2,0.0,0.0,0.0,405.85,0.9,18.0,100740.0
1990-06-08 22:00:00+00:00,23.24,96.2,0.0,0.0,0.0,408.55,0.9,30.0,100760.0
1990-06-08 23:00:00+00:00,23.12,96.2,0.0,0.0,0.0,405.65,1.03,50.0,100780.0
1990-06-09 00:00:00+00:00,23.97,93.1,218.3,554.96,101.1,402.15,0.76,56.0,100790.0
1990-06-09 01:00:00+00:00,26.0,84.5,364.5,411.11,184.6,404.8,0.62,62.0,100860.0
1990-06-09 02:00:00+00:00,27.3,76.8,590.45,573.67,225.8,407.55,0.28,112.0,100850.0
1990-06-09 03:00:00+00:00,28.73,74.5,710.55,599.06,236.2,411.25,0.48,189.0,100840.0
1990-06-09 04:00:00+00:00,29.71,69.95,793.35,542.88,307.2,418.4,0.76,212.0,100780.0
1990-06-09 05:00:00+00:00,30.7,67.85,541.7,247.29,309.35,423.25,1.45,219.0,100690.0
1990-06-09 06:00:00+00:00,28.6,74.5,686.15,426.82,293.0,435.45,1.66,202.0,100600.0
1990-06-09 07:00:00+00:00,29.23,72.15,371.4,100.97,286.45,424.8,2.21,254.0,100480.0
1990-06-09 08:00:00+00:00,28.85,74.5,198.8,23.1,182.5,423.65,0.97,237.0,100470.0
1990-06-09 09:00:00+00:00,28.08,76.85,91.05,11.08,85.25,424.4,1.24,118.0,100510.0
1990-06-09 10:00:00+00:00,27.31,81.95,32.15,0.0,32.15,423.45,0.97,96.0,100610.0
1990-06-09 11:00:00+00:00,26.39,87.35,1.3,0.0,1.3,422.65,1.1,52.0,100680.0
1990-06-09 12:00:00+00:00,25.89,90.2,0.0,0.0,0.0,420.35,1.31,51.0,100760.0
1990-06-09 13:00:00+00:00,25.5,93.15,0.0,0.0,0.0,419.95,0.83,79.0,100830.0
1990-06-09 14:00:00+00:00,25.06,93.15,0.0,0.0,0.0,415.7,0.48,112.0,100920.0
1990-06-09 15:00:00+00:00,24.72,96.2,0.0,0.0,0.0,412.8,0.62,32.0,100940.0
1990-06-09 16:00:00+00:00,24.36,96.2,0.0,0.0,0.0,411.25,0.76,359.0,100940.0
1990-06-09 17:00:00+00:00,24.08,96.2,0.0,0.0,0.0,411.45,0.76,343.0,100890.0
1990-06-09 18:00:00+00:00,23.95,99.4,0.0,0.0,0.0,414.35,0.76,347.0,100820.0
1990-06-09 19:00:00+00:00,23.95,96.2,0.0,0.0,0.0,418.2,0.83,41.0,100680.0
1990-06-09 20:00:00+00:00,23.82,96.2,0.0,0.0,0.0,413.0,0.97,32.0,100650.0
1990-06-09 21:00:00+00:00,23.84,96.2,0.0,0.0,0.0,413.2,1.03,50.0,100650.0
1990-06-09 22:00:00+00:00,23.69,96.2,0.0,0.0,0.0,410.85,1.17,66.0,100650.0
1990-06-09 23:00:00+00:00,23.53,93.1,0.0,0.0,0.0,411.65,1.03,80.0,100710.0
1990-06-10 00:00:00+00:00,24.21,93.1,180.8,421.83,92.05,409.1,0.76,86.0,100770.0
1990-06-10 01:00:00+00:00,25.95,87.3,406.85,559.26,162.6,410.2,0.62,126.0,100840.0
1990-06-10 02:00:00+00:00,27.52,79.35,549.15,598.79,169.05,421.3,0.76,160.0,100910.0
1990-06-10 03:00:00+00:00,28.46,79.4,701.1,616.16,213.7,419.55,0.41,230.0,100900.0
1990-06-10 04:00:00+00:00,29.41,72.15,547.05,299.61,278.95,422.85,1.72,255.0,100820.0
1990-06-10 05:00:00+00:00,27.48,79.35,527.3,187.15,351.55,430.8,2.34,259.0,100810.0
1990-06-10 06:00:00+00:00,27.31,81.95,735.1,545.27,233.0,417.65,1.93,280.0,100710.0
1990-06-10 07:00:00+00:00,30.58,63.6,629.75,537.77,177.35,430.4,2.62,290.0,100560.0
1990-06-10 08:00:00+00:00,29.89,67.7,490.7,431.13,186.4,421.5,2.48,298.0,100450.0
1990-06-10 09:00:00+00:00,29.94,65.5,224.6,157.9,141.9,421.9,2.97,307.0,100440.0
1990-06-10 10:00:00+00:00,29.25,69.85,80.85,64.73,60.95,429.45,2.62,304.0,100490.0
1990-06-10 11:00:00+00:00,28.17,74.4,2.8,0.0,2.8,419.0,2.34,300.0,100580.0
1990-06-10 12:00:00+00:00,27.27,76.8,0.0,0.0,0.0,416.1,1.86,293.0,100680.0
1990-06-10 13:00:00+00:00,26.56,79.3,0.0,0.0,0.0,413.0,1.93,291.0,100770.0
1990-06-10 14:00:00+00:00,26.03,84.55,0.0,0.0,0.0,415.1,1.79,304.0,100850.0
1990-06-10 15:00:00+00:00,25.58,87.3,0.0,0.0,0.0,415.5,1.59,321.0,100850.0
1990-06-10 16:00:00+00:00,25.22,90.2,0.0,0.0,0.0,411.45,1.38,326.0,100880.0
1990-06-10 17:00:00+00:00,24.8,93.15,0.0,0.0,0.0,408.75,1.03,335.0,100850.0
1990-06-10 18:00:00+00:00,24.48,93.1,0.0,0.0,0.0,403.7,0.9,3.0,100790.0
1990-06-10 19:00:00+00:00,25.27,87.3,0.0,0.0,0.0,414.35,0.14,28.0,100750.0
1990-06-10 20:00:00+00:00,24.28,93.1,0.0,0.0,0.0,402.95,1.03,46.0,100680.0
1990-06-10 21:00:00+00:00,24.13,93.1,0.0,0.0,0.0,406.6,0.97,42.0,100640.0
1990-06-10 22:00:00+00:00,24.13,93.1,0.0,0.0,0.0,401.0,0.69,38.0,100680.0
1990-06-10 23:00:00+00:00,24.34,93.1,0.0,0.0,0.0,400.6,0.48,26.0,100750.0
1990-06-11 00:00:00+00:00,24.79,93.15,189.35,501.21,84.3,402.95,0.28,52.0,100830.0
1990-06-11 01:00:00+00:00,26.36,84.55,408.5,653.39,123.7,416.0,0.34,340.0,100910.0
1990-06-11 02:00:00+00:00,27.77,79.4,447.4,407.3,189.2,416.85,0.55,271.0,100970.0
1990-06-11 03:00:00+00:00,28.39,79.4,491.7,289.78,262.7,419.95,1.24,268.0,100930.0
1990-06-11 04:00:00+00:00,28.46,79.4,520.0,248.44,297.85,419.2,1.31,273.0,100860.0
1990-06-11 05:00:00+00:00,29.08,74.55,556.65,275.62,297.95,427.5,1.86,272.0,100740.0
1990-06-11 06:00:00+00:00,29.1,72.15,414.35,137.2,288.05,429.45,2.34,293.0,100690.0
1990-06-11 07:00:00+00:00,26.91,81.9,317.2,33.34,289.15,433.7,2.76,243.0,100650.0
1990-06-11 08:00:00+00:00,26.88,84.6,165.95,9.21,159.45,425.2,2.28,265.0,100580.0
1990-06-11 09:00:00+00:00,26.83,84.6,55.15,0.0,55.15,421.7,1.59,296.0,100610.0
1990-06-11 10:00:00+00:00,25.87,87.3,30.5,0.32,30.4,430.0,1.24,295.0,100670.0
1990-06-11 11:00:00+00:00,25.11,87.3,1.0,0.0,1.0,417.65,0.97,274.0,100770.0
1990-06-11 12:00:00+00:00,24.4,93.1,0.0,0.0,0.0,414.15,0.76,293.0,100870.0
1990-06-11 13:00:00+00:00,24.13,93.1,0.0,0.0,0.0,419.55,1.03,332.0,100940.0
1990-06-11 14:00:00+00:00,23.9,96.2,0.0,0.0,0.0,419.75,0.62,322.0,101000.0
1990-06-11 15:00:00+00:00,23.76,96.2,0.0,0.0,0.0,417.05,0.28,344.0,101040.0
1990-06-11 16:00:00+00:00,23.63,96.2,0.0,0.0,0.0,414.75,0.21,341.0,101040.0
1990-06-11 17:00:00+00:00,23.52,96.2,0.0,0.0,0.0,414.75,0.34,280.0,101010.0
1990-06-11 18:00:00+00:00,23.44,96.2,0.0,0.0,0.0,413.0,0.55,305.0,100920.0
1990-06-11 19:00:00+00:00,22.97,99.4,0.0,0.0,0.0,411.25,0.69,92.0,100860.0
1990-06-11 20:00:00+00:00,22.79,99.4,0.0,0.0,0.0,412.2,0.69,82.0,100800.0
1990-06-11 21:00:00+00:00,22.73,99.4,0.0,0.0,0.0,414.15,0.62,64.0,100770.0
1990-06-11 22:00:00+00:00,22.72,99.4,0.0,0.0,0.0,413.0,0.69,61.0,100800.0
1990-06-11 23:00:00+00:00,22.58,99.4,0.0,0.0,0.0,407.2,0.62,61.0,100860.0
1990-06-12 00:00:00+00:00,23.21,96.2,162.1,343.66,90.35,413.55,0.28,58.0,100900.0
1990-06-12 01:00:00+00:00,25.19,84.45,314.95,428.13,128.7,406.3,0.48,274.0,100980.0
1990-06-12 02:00:00+00:00,26.28,79.2,454.45,381.54,212.9,415.5,1.24,283.0,101040.0
1990-06-12 03:00:00+00:00,27.17,76.8,614.6,457.89,253.1,414.15,1.79,294.0,101040.0
1990-06-12 04:00:00+00:00,28.11,72.0,716.95,518.27,253.85,416.65,2.34,297.0,100970.0
1990-06-12 05:00:00+00:00,28.79,72.1,650.25,404.67,270.6,422.85,2.83,290.0,100870.0
1990-06-12 06:00:00+00:00,28.65,69.75,763.5,545.45,261.5,421.5,3.03,287.0,100800.0
1990-06-12 07:00:00+00:00,30.45,63.5,567.15,348.65,273.85,418.2,2.55,312.0,100640.0
1990-06-12 08:00:00+00:00,29.84,65.5,464.85,368.33,204.7,422.3,2.62,304.0,100560.0
1990-06-12 09:00:00+00:00,29.28,67.6,183.95,131.99,114.7,417.65,2.34,301.0,100620.0
1990-06-12 10:00:00+00:00,28.51,72.0,67.6,52.63,51.35,426.35,1.17,333.0,100640.0
1990-06-12 11:00:00+00:00,27.72,76.85,2.45,0.0,2.45,420.55,0.97,25.0,100720.0
1990-06-12 12:00:00+00:00,26.79,84.6,0.0,0.0,0.0,419.0,0.76,24.0,100780.0
1990-06-12 13:00:00+00:00,26.0,87.3,0.0,0.0,0.0,413.0,0.83,43.0,100850.0
1990-06-12 14:00:00+00:00,25.39,90.2,0.0,0.0,0.0,413.75,1.24,64.0,100910.0
1990-06-12 15:00:00+00:00,24.82,93.15,0.0,0.0,0.0,412.0,1.31,69.0,100910.0
1990-06-12 16:00:00+00:00,24.54,93.15,0.0,0.0,0.0,410.45,1.17,79.0,100940.0
1990-06-12 17:00:00+00:00,24.29,96.2,0.0,0.0,0.0,411.65,1.24,76.0,100900.0
1990-06-12 18:00:00+00:00,24.19,96.2,0.0,0.0,0.0,413.55,1.03,81.0,100830.0
1990-06-12 19:00:00+00:00,24.39,93.1,0.0,0.0,0.0,412.8,0.83,51.0,100750.0
1990-06-12 20:00:00+00:00,24.29,93.1,0.0,0.0,0.0,413.95,0.83,65.0,100690.0
1990-06-12 21:00:00+00:00,24.07,93.1,0.0,0.0,0.0,412.6,0.97,67.0,100730.0
1990-06-12 22:00:00+00:00,23.59,96.2,0.0,0.0,0.0,414.55,1.03,60.0,100740.0
1990-06-12 23:00:00+00:00,23.28,96.2,0.0,0.0,0.0,404.1,1.17,61.0,100790.0
1990-06-13 00:00:00+00:00,24.06,93.1,230.6,661.42,93.05,408.95,0.83,63.0,100830.0
1990-06-13 01:00:00+00:00,26.59,81.9,438.2,747.62,113.6,407.1,0.69,45.0,100880.0
1990-06-13 02:00:00+00:00,28.21,72.0,662.45,884.98,102.9,402.15,0.76,348.0,100910.0
1990-06-13 03:00:00+00:00,29.39,69.85,810.5,868.2,125.7,407.2,1.17,316.0,100900.0
1990-06-13 04:00:00+00:00,30.31,65.6,884.9,820.54,152.2,413.4,1.45,302.0,100840.0
1990-06-13 05:00:00+00:00,30.91,65.7,843.9,655.49,229.2,423.65,1.45,282.0,100750.0
1990-06-13 06:00:00+00:00,31.03,65.7,764.55,593.27,218.65,425.75,1.66,264.0,100630.0
1990-06-13 07:00:00+00:00,30.58,65.7,541.75,423.69,185.3,429.45,2.07,257.0,100520.0
1990-06-13 08:00:00+00:00,30.03,67.7,354.95,300.25,142.8,434.3,2.21,276.0,100510.0
1990-06-13 09:00:00+00:00,29.15,69.85,130.2,80.54,87.9,431.4,1.17,320.0,100520.0
1990-06-13 10:00:00+00:00,28.2,74.4,54.3,1.45,53.85,429.05,1.17,33.0,100540.0
1990-06-13 11:00:00+00:00,27.73,76.85,2.6,2.02,2.45,423.85,0.55,54.0,100600.0
1990-06-13 12:00:00+00:00,27.04,84.6,0.0,0.0,0.0,420.15,0.76,80.0,100690.0
1990-06-13 13:00:00+00:00,26.46,87.35,0.0,0.0,0.0,417.85,1.1,91.0,100800.0
1990-06-13 14:00:00+00:00,25.84,90.2,0.0,0.0,0.0,408.9,1.1,95.0,100860.0
1990-06-13 15:00:00+00:00,25.35,93.15,0.0,0.0,0.0,408.55,1.38,84.0,100890.0
1990-06-13 16:00:00+00:00,25.07,90.2,0.0,0.0,0.0,412.4,1.38,73.0,100890.0
1990-06-13 17:00:00+00:00,24.8,93.15,0.0,0.0,0.0,411.65,1.31,78.0,100870.0
1990-06-13 18:00:00+00:00,24.61,93.15,0.0,0.0,0.0,412.2,1.24,89.0,100820.0
1990-06-13 19:00:00+00:00,23.44,96.2,0.0,0.0,0.0,398.1,1.45,77.0,100740.0
1990-06-13 20:00:00+00:00,23.55,93.1,0.0,0.0,0.0,403.5,1.31,85.0,100720.0
1990-06-13 21:00:00+00:00,23.55,93.1,0.0,0.0,0.0,405.65,1.1,82.0,100740.0
1990-06-13 22:00:00+00:00,23.33,96.2,0.0,0.0,0.0,397.3,1.31,72.0,100740.0
1990-06-13 23:00:00+00:00,23.47,96.2,0.0,0.0,0.0,411.65,1.03,83.0,100800.0
1990-06-14 00:00:00+00:00,24.23,90.1,164.05,334.32,94.8,413.0,0.9,96.0,100850.0
1990-06-14 01:00:00+00:00,25.68,84.5,352.25,470.08,148.55,410.8,0.76,133.0,100920.0
1990-06-14 02:00:00+00:00,27.0,79.3,545.45,603.75,164.2,417.85,1.52,174.0,100910.0
1990-06-14 03:00:00+00:00,28.12,76.85,638.8,551.36,204.3,412.2,1.79,184.0,100890.0
1990-06-14 04:00:00+00:00,28.83,76.95,766.8,624.78,209.25,420.75,2.07,192.0,100830.0
1990-06-14 05:00:00+00:00,29.52,77.0,738.65,509.44,261.1,418.8,2.14,194.0,100740.0
1990-06-14 06:00:00+00:00,29.53,77.0,649.1,455.81,229.75,431.2,2.41,195.0,100660.0
1990-06-14 07:00:00+00:00,29.91,74.65,553.8,431.67,190.6,433.7,2.21,195.0,100560.0
1990-06-14 08:00:00+00:00,30.01,72.25,497.75,501.14,143.5,433.5,1.86,196.0,100520.0
1990-06-14 09:00:00+00:00,30.04,69.95,268.2,352.58,82.85,419.95,1.59,194.0,100480.0
1990-06-14 10:00:00+00:00,29.62,69.95,118.8,220.21,50.5,420.55,1.66,194.0,100450.0
1990-06-14 11:00:00+00:00,28.91,74.5,4.2,14.68,3.1,413.95,0.69,199.0,100530.0
1990-06-14 12:00:00+00:00,27.73,79.4,0.0,0.0,0.0,413.55,0.48,198.0,100640.0
1990-06-14 13:00:00+00:00,26.56,81.9,0.0,0.0,0.0,405.65,0.76,236.0,100760.0
1990-06-14 14:00:00+00:00,26.38,87.35,0.0,0.0,0.0,414.15,0.41,222.0,100830.0
1990-06-14 15:00:00+00:00,26.33,84.55,0.0,0.0,0.0,405.25,0.21,104.0,100890.0
1990-06-14 16:00:00+00:00,25.65,84.5,0.0,0.0,0.0,407.4,0.28,159.0,100930.0
1990-06-14 17:00:00+00:00,24.76,90.15,0.0,0.0,0.0,403.7,0.48,317.0,100910.0
1990-06-14 18:00:00+00:00,24.43,90.1,0.0,0.0,0.0,406.6,0.14,83.0,100840.0
1990-06-14 19:00:00+00:00,24.44,93.1,0.0,0.0,0.0,404.65,1.31,74.0,100740.0
1990-06-14 20:00:00+00:00,24.43,93.1,0.0,0.0,0.0,408.55,1.31,89.0,100690.0
1990-06-14 21:00:00+00:00,24.51,93.1,0.0,0.0,0.0,410.85,0.9,115.0,100690.0
1990-06-14 22:00:00+00:00,24.73,90.15,0.0,0.0,0.0,409.9,0.69,115.0,100720.0
1990-06-14 23:00:00+00:00,24.59,90.15,0.0,0.0,0.0,404.3,0.76,131.0,100750.0
1990-06-15 00:00:00+00:00,24.79,90.15,207.0,617.05,79.7,406.0,0.97,153.0,100810.0
1990-06-15 01:00:00+00:00,26.32,84.55,351.65,496.66,136.85,408.05,1.86,181.0,100870.0
1990-06-15 02:00:00+00:00,27.05,81.95,530.05,621.78,137.9,412.0,1.86,182.0,100910.0
1990-06-15 03:00:00+00:00,28.15,82.05,684.2,607.46,205.9,423.25,2.07,176.0,100910.0
1990-06-15 04:00:00+00:00,28.87,76.95,756.65,642.13,183.95,418.4,2.55,176.0,100850.0
1990-06-15 05:00:00+00:00,29.49,74.55,726.5,527.6,232.1,419.2,2.48,177.0,100790.0
1990-06-15 06:00:00+00:00,30.04,72.25,633.2,445.1,223.75,432.15,2.41,187.0,100680.0
1990-06-15 07:00:00+00:00,27.81,76.85,359.1,170.35,215.75,422.65,3.24,212.0,100600.0
1990-06-15 08:00:00+00:00,26.91,84.6,155.35,5.59,151.4,420.75,2.83,192.0,100670.0
1990-06-15 09:00:00+00:00,26.31,87.35,72.55,0.0,72.55,430.6,1.66,163.0,100610.0
1990-06-15 10:00:00+00:00,25.97,90.2,43.45,16.24,38.4,414.9,1.17,108.0,100670.0
1990-06-15 11:00:00+00:00,25.61,90.2,2.55,0.0,2.55,412.6,1.17,93.0,100710.0
1990-06-15 12:00:00+00:00,25.34,90.2,0.0,0.0,0.0,418.8,0.97,79.0,100800.0
1990-06-15 13:00:00+00:00,25.03,90.2,0.0,0.0,0.0,412.8,1.03,85.0,100870.0
1990-06-15 14:00:00+00:00,24.65,93.15,0.0,0.0,0.0,405.05,1.31,86.0,100930.0
1990-06-15 15:00:00+00:00,24.21,93.1,0.0,0.0,0.0,401.0,1.38,84.0,100980.0
1990-06-15 16:00:00+00:00,24.02,93.1,0.0,0.0,0.0,404.65,1.59,75.0,101000.0
1990-06-15 17:00:00+00:00,23.8,96.2,0.0,0.0,0.0,401.95,1.66,74.0,100980.0
1990-06-15 18:00:00+00:00,23.63,93.1,0.0,0.0,0.0,400.6,1.59,71.0,100920.0
1990-06-15 19:00:00+00:00,23.39,96.2,0.0,0.0,0.0,406.2,1.17,59.0,100900.0
1990-06-15 20:00:00+00:00,23.15,96.2,0.0,0.0,0.0,403.7,1.17,49.0,100830.0
1990-06-15 21:00:00+00:00,22.82,99.4,0.0,0.0,0.0,398.3,1.24,37.0,100840.0
1990-06-15 22:00:00+00:00,22.7,99.4,0.0,0.0,0.0,397.7,1.38,37.0,100820.0
1990-06-15 23:00:00+00:00,22.53,96.15,0.0,0.0,0.0,392.45,1.52,48.0,100830.0
1990-06-16 00:00:00+00:00,23.55,93.1,226.05,737.34,74.55,397.7,0.97,58.0,100840.0
1990-06-16 01:00:00+00:00,26.54,81.9,420.75,719.78,110.05,398.4,0.48,52.0,100890.0
1990-06-16 02:00:00+00:00,28.08,74.4,588.75,731.52,127.95,401.2,0.21,141.0,100930.0
1990-06-16 03:00:00+00:00,29.06,69.85,762.45,796.28,136.0,407.0,0.69,185.0,100920.0
1990-06-16 04:00:00+00:00,29.94,69.95,834.2,776.7,141.85,410.85,1.1,201.0,100860.0
1990-06-16 05:00:00+00:00,30.55,67.8,879.1,790.89,138.2,419.4,1.45,204.0,100780.0
1990-06-16 06:00:00+00:00,31.03,70.1,739.7,624.19,165.55,423.65,1.59,201.0,100700.0
1990-06-16 07:00:00+00:00,31.06,61.55,580.05,467.58,186.5,424.2,1.17,208.0,100610.0
1990-06-16 08:00:00+00:00,30.99,61.55,410.7,331.04,176.45,419.4,1.24,200.0,100520.0
1990-06-16 09:00:00+00:00,30.74,61.55,207.3,189.91,107.25,419.4,1.52,171.0,100480.0
1990-06-16 10:00:00+00:00,29.94,67.7,82.8,80.87,57.6,419.75,1.66,146.0,100540.0
1990-06-16 11:00:00+00:00,29.12,72.15,3.35,0.65,3.3,419.55,1.45,144.0,100630.0
1990-06-16 12:00:00+00:00,28.02,76.85,0.0,0.0,0.0,420.9,1.66,149.0,100700.0
1990-06-16 13:00:00+00:00,27.13,79.35,0.0,0.0,0.0,415.9,1.72,138.0,100800.0
1990-06-16 14:00:00+00:00,26.39,87.35,0.0,0.0,0.0,412.8,1.52,116.0,100860.0
1990-06-16 15:00:00+00:00,25.79,87.3,0.0,0.0,0.0,410.3,1.45,101.0,100900.0
1990-06-16 16:00:00+00:00,25.33,90.2,0.0,0.0,0.0,408.9,1.38,89.0,100950.0
1990-06-16 17:00:00+00:00,24.91,93.15,0.0,0.0,0.0,406.6,1.31,87.0,100990.0
1990-06-16 18:00:00+00:00,24.82,93.15,0.0,0.0,0.0,415.9,1.24,88.0,100920.0
1990-06-16 19:00:00+00:00,24.96,93.15,0.0,0.0,0.0,420.75,0.83,93.0,100860.0
1990-06-16 20:00:00+00:00,24.77,93.15,0.0,0.0,0.0,417.45,0.97,84.0,100800.0
1990-06-16 21:00:00+00:00,24.46,96.2,0.0,0.0,0.0,410.85,1.17,80.0,100760.0
1990-06-16 22:00:00+00:00,24.24,96.2,0.0,0.0,0.0,411.45,1.1,71.0,100780.0
1990-06-16 23:00:00+00:00,23.97,96.2,0.0,0.0,0.0,409.7,0.97,89.0,100840.0
1990-06-17 00:00:00+00:00,24.52,93.15,148.25,257.05,95.65,414.75,0.69,76.0,100860.0
1990-06-17 01:00:00+00:00,25.59,90.2,354.55,496.93,140.45,416.0,0.34,75.0,100940.0
1990-06-17 02:00:00+00:00,26.79,81.9,573.35,622.88,181.45,414.9,0.21,200.0,100950.0
1990-06-17 03:00:00+00:00,27.96,76.85,705.5,660.54,186.25,410.3,0.69,274.0,100960.0
1990-06-17 04:00:00+00:00,28.8,79.5,747.65,602.96,210.45,419.0,0.83,277.0,100880.0
1990-06-17 05:00:00+00:00,29.49,79.55,698.15,431.1,294.4,425.4,0.69,263.0,100800.0
1990-06-17 06:00:00+00:00,29.79,77.1,575.9,307.4,293.15,431.75,0.9,245.0,100720.0
1990-06-17 07:00:00+00:00,28.11,76.85,414.7,179.84,263.3,425.0,1.79,232.0,100740.0
1990-06-17 08:00:00+00:00,27.51,79.35,248.9,147.31,144.6,426.9,2.07,220.0,100610.0
1990-06-17 09:00:00+00:00,26.83,79.3,113.35,46.17,89.0,420.55,1.1,173.0,100710.0
1990-06-17 10:00:00+00:00,25.84,84.5,36.6,24.01,29.1,431.4,0.76,75.0,100740.0
1990-06-17 11:00:00+00:00,24.99,90.15,1.7,0.0,1.7,429.85,0.69,29.0,100790.0
1990-06-17 12:00:00+00:00,24.56,90.15,0.0,0.0,0.0,423.65,0.76,39.0,100880.0
1990-06-17 13:00:00+00:00,24.14,93.1,0.0,0.0,0.0,416.45,1.03,55.0,100970.0
1990-06-17 14:00:00+00:00,23.91,96.2,0.0,0.0,0.0,415.5,0.9,64.0,101050.0
1990-06-17 15:00:00+00:00,23.63,93.1,0.0,0.0,0.0,407.55,1.03,48.0,100980.0
1990-06-17 16:00:00+00:00,23.36,96.2,0.0,0.0,0.0,401.95,0.97,56.0,100980.0
1990-06-17 17:00:00+00:00,23.0,99.4,0.0,0.0,0.0,396.95,1.03,61.0,100970.0
1990-06-17 18:00:00+00:00,22.77,99.4,0.0,0.0,0.0,403.9,0.97,68.0,100910.0
1990-06-17 19:00:00+00:00,22.98,99.4,0.0,0.0,0.0,406.4,0.62,54.0,100900.0
1990-06-17 20:00:00+00:00,23.21,96.2,0.0,0.0,0.0,418.0,0.69,45.0,100840.0
1990-06-17 21:00:00+00:00,23.1,96.2,0.0,0.0,0.0,411.45,0.76,28.0,100860.0
1990-06-17 22:00:00+00:00,23.07,96.2,0.0,0.0,0.0,414.75,0.97,36.0,100900.0
1990-06-17 23:00:00+00:00,23.17,96.2,0.0,0.0,0.0,418.2,1.1,34.0,100870.0
1990-06-18 00:00:00+00:00,23.42,96.2,130.35,231.85,83.1,412.4,0.9,45.0,100870.0
1990-06-18 01:00:00+00:00,24.64,90.15,387.6,551.82,150.3,414.85,0.69,40.0,100900.0
1990-06-18 02:00:00+00:00,26.4,81.85,621.1,753.13,147.8,407.2,0.55,4.0,100940.0
1990-06-18 03:00:00+00:00,27.92,76.85,711.95,634.43,213.6,407.75,0.69,300.0,100960.0
1990-06-18 04:00:00+00:00,29.0,74.5,768.8,691.95,152.6,420.9,1.17,273.0,100890.0
1990-06-18 05:00:00+00:00,29.55,74.55,864.25,747.53,164.3,420.55,1.31,259.0,100820.0
1990-06-18 06:00:00+00:00,30.19,70.0,688.75,525.69,205.2,418.4,1.72,251.0,100700.0
1990-06-18 07:00:00+00:00,30.29,70.0,590.6,489.25,178.6,429.65,1.59,247.0,100640.0
1990-06-18 08:00:00+00:00,29.36,72.15,371.4,256.6,189.6,427.9,1.38,253.0,100620.0
1990-06-18 09:00:00+00:00,28.88,72.1,193.9,131.04,124.7,425.4,0.76,307.0,100550.0
1990-06-18 10:00:00+00:00,28.17,76.85,61.8,15.97,56.8,422.65,1.17,23.0,100610.0
1990-06-18 11:00:00+00:00,27.27,81.95,3.3,1.28,3.2,430.6,1.03,70.0,100670.0
1990-06-18 12:00:00+00:00,25.91,87.3,0.0,0.0,0.0,422.85,1.17,134.0,100790.0
1990-06-18 13:00:00+00:00,24.86,93.15,0.0,0.0,0.0,415.1,1.31,142.0,100900.0
1990-06-18 14:00:00+00:00,24.11,93.1,0.0,0.0,0.0,413.95,1.17,132.0,100990.0
1990-06-18 15:00:00+00:00,23.65,93.1,0.0,0.0,0.0,410.85,0.97,105.0,101050.0
1990-06-18 16:00:00+00:00,23.5,96.2,0.0,0.0,0.0,411.65,1.17,51.0,101020.0
1990-06-18 17:00:00+00:00,23.31,96.2,0.0,0.0,0.0,414.9,0.97,35.0,101030.0
1990-06-18 18:00:00+00:00,23.1,96.2,0.0,0.0,0.0,411.45,0.83,48.0,100950.0
1990-06-18 19:00:00+00:00,23.25,96.2,0.0,0.0,0.0,408.55,0.97,62.0,100850.0
1990-06-18 20:00:00+00:00,23.19,96.2,0.0,0.0,0.0,409.1,0.83,66.0,100820.0
1990-06-18 21:00:00+00:00,23.06,96.2,0.0,0.0,0.0,406.8,1.03,58.0,100830.0
1990-06-18 22:00:00+00:00,23.05,96.2,0.0,0.0,0.0,412.0,0.83,65.0,100840.0
1990-06-18 23:00:00+00:00,22.8,99.4,0.0,0.0,0.0,403.5,0.76,76.0,100870.0
1990-06-19 00:00:00+00:00,23.36,96.2,189.8,511.93,85.9,412.4,0.55,36.0,100890.0
1990-06-19 01:00:00+00:00,25.07,87.3,418.75,699.97,118.3,407.3,0.48,352.0,100920.0
1990-06-19 02:00:00+00:00,26.32,79.2,630.6,817.14,117.65,401.0,1.31,303.0,100910.0
1990-06-19 03:00:00+00:00,27.55,72.0,651.05,586.85,190.4,403.1,1.86,290.0,100880.0
1990-06-19 04:00:00+00:00,28.33,72.0,795.5,721.56,153.2,426.75,2.0,281.0,100820.0
1990-06-19 05:00:00+00:00,28.98,72.1,872.95,758.19,163.15,417.65,2.28,282.0,100740.0
1990-06-19 06:00:00+00:00,29.49,74.55,782.7,696.01,142.45,418.0,2.48,280.0,100640.0
1990-06-19 07:00:00+00:00,28.9,74.5,569.4,492.71,154.35,422.65,2.28,282.0,100670.0
1990-06-19 08:00:00+00:00,28.69,76.95,383.6,317.5,158.5,422.3,2.34,291.0,100570.0
1990-06-19 09:00:00+00:00,28.22,76.85,259.6,324.56,88.0,423.85,2.48,293.0,100520.0
1990-06-19 10:00:00+00:00,27.87,76.85,99.55,169.15,46.45,415.1,2.28,310.0,100500.0
1990-06-19 11:00:00+00:00,27.15,79.35,4.55,18.31,3.1,419.75,1.38,313.0,100540.0
1990-06-19 12:00:00+00:00,26.45,84.55,0.0,0.0,0.0,407.55,0.9,281.0,100620.0
1990-06-19 13:00:00+00:00,25.95,87.3,0.0,0.0,0.0,411.25,0.62,318.0,100720.0
1990-06-19 14:00:00+00:00,25.59,87.3,0.0,0.0,0.0,409.3,0.62,347.0,100770.0
1990-06-19 15:00:00+00:00,25.27,90.2,0.0,0.0,0.0,413.4,0.83,359.0,100830.0
1990-06-19 16:00:00+00:00,25.03,90.2,0.0,0.0,0.0,412.6,0.83,24.0,100880.0
1990-06-19 17:00:00+00:00,24.97,93.15,0.0,0.0,0.0,414.75,0.55,50.0,100870.0
1990-06-19 18:00:00+00:00,24.76,93.15,0.0,0.0,0.0,410.3,0.48,162.0,100820.0
1990-06-19 19:00:00+00:00,24.45,96.2,0.0,0.0,0.0,417.65,1.03,81.0,100730.0
1990-06-19 20:00:00+00:00,24.2,96.2,0.0,0.0,0.0,413.95,0.9,95.0,100650.0
1990-06-19 21:00:00+00:00,23.86,96.2,0.0,0.0,0.0,407.4,0.97,87.0,100640.0
1990-06-19 22:00:00+00:00,23.72,96.2,0.0,0.0,0.0,411.65,0.9,76.0,100620.0
1990-06-19 23:00:00+00:00,23.43,99.4,0.0,0.0,0.0,408.35,0.97,77.0,100660.0
1990-06-20 00:00:00+00:00,24.14,93.1,170.2,407.43,87.85,422.1,0.62,95.0,100730.0
1990-06-20 01:00:00+00:00,25.57,90.2,341.55,463.53,142.95,422.0,0.69,171.0,100780.0
1990-06-20 02:00:00+00:00,26.57,87.4,574.7,611.02,191.55,411.65,1.1,205.0,100790.0
1990-06-20 03:00:00+00:00,27.79,87.5,596.4,368.74,307.15,417.85,1.17,212.0,100750.0
1990-06-20 04:00:00+00:00,28.44,87.5,722.7,421.21,347.9,434.3,1.38,224.0,100690.0
1990-06-20 05:00:00+00:00,29.12,84.8,538.9,291.12,266.4,439.7,1.59,224.0,100630.0
1990-06-20 06:00:00+00:00,28.77,84.75,461.35,202.29,275.25,443.2,1.38,222.0,100560.0
1990-06-20 07:00:00+00:00,27.56,74.4,587.7,481.31,182.1,425.0,0.55,250.0,100500.0
1990-06-20 08:00:00+00:00,28.45,74.4,409.75,365.48,150.45,419.55,1.1,234.0,100410.0
1990-06-20 09:00:00+00:00,28.61,72.1,277.75,330.86,102.6,423.65,1.59,222.0,100390.0
1990-06-20 10:00:00+00:00,28.08,74.4,85.9,108.52,51.75,421.7,1.86,221.0,100410.0
1990-06-20 11:00:00+00:00,27.31,76.8,4.45,5.0,4.05,422.65,1.24,236.0,100460.0
1990-06-20 12:00:00+00:00,26.51,81.85,0.0,0.0,0.0,411.25,1.38,227.0,100490.0
1990-06-20 13:00:00+00:00,25.88,87.3,0.0,0.0,0.0,407.2,0.97,232.0,100590.0
1990-06-20 14:00:00+00:00,25.84,84.5,0.0,0.0,0.0,407.0,0.28,243.0,100660.0
1990-06-20 15:00:00+00:00,25.25,87.3,0.0,0.0,0.0,412.4,0.76,64.0,100690.0
1990-06-20 16:00:00+00:00,24.59,90.15,0.0,0.0,0.0,409.1,1.03,56.0,100730.0
1990-06-20 17:00:00+00:00,24.23,93.1,0.0,0.0,0.0,410.65,0.97,62.0,100740.0
1990-06-20 18:00:00+00:00,23.85,96.2,0.0,0.0,0.0,403.5,0.97,53.0,100690.0
1990-06-20 19:00:00+00:00,23.41,96.2,0.0,0.0,0.0,414.15,1.03,42.0,100610.0
1990-06-20 20:00:00+00:00,23.3,96.2,0.0,0.0,0.0,411.65,1.03,44.0,100570.0
1990-06-20 21:00:00+00:00,23.14,96.2,0.0,0.0,0.0,407.75,1.03,50.0,100590.0
1990-06-20 22:00:00+00:00,22.86,99.4,0.0,0.0,0.0,403.1,1.1,58.0,100580.0
1990-06-20 23:00:00+00:00,22.7,99.4,0.0,0.0,0.0,407.4,1.17,52.0,100600.0
1990-06-21 00:00:00+00:00,23.13,96.2,192.95,428.99,106.6,407.95,0.97,45.0,100640.0
1990-06-21 01:00:00+00:00,25.49,90.2,393.1,571.11,148.85,415.8,0.41,18.0,100690.0
1990-06-21 02:00:00+00:00,27.19,76.8,626.3,812.57,117.3,409.7,0.97,282.0,100700.0
1990-06-21 03:00:00+00:00,28.41,72.0,691.7,684.56,155.05,404.45,1.31,260.0,100680.0
1990-06-21 04:00:00+00:00,29.15,67.6,730.05,655.24,147.2,408.35,1.52,237.0,100630.0
1990-06-21 05:00:00+00:00,29.47,67.6,825.95,701.79,169.1,415.1,2.0,239.0,100530.0
1990-06-21 06:00:00+00:00,29.88,69.95,614.15,508.47,146.3,422.65,2.14,244.0,100460.0
1990-06-21 07:00:00+00:00,29.76,65.5,520.75,416.23,169.85,419.75,2.28,231.0,100430.0
1990-06-21 08:00:00+00:00,29.41,67.6,432.15,406.75,143.35,425.95,2.28,225.0,100380.0
1990-06-21 09:00:00+00:00,28.81,69.75,244.1,302.13,83.95,414.35,2.21,219.0,100390.0
1990-06-21 10:00:00+00:00,28.29,72.0,90.65,116.32,53.95,411.65,1.31,205.0,100450.0
1990-06-21 11:00:00+00:00,27.88,74.4,4.7,11.12,3.8,414.55,0.83,191.0,100510.0
1990-06-21 12:00:00+00:00,27.11,79.35,0.0,0.0,0.0,410.65,0.97,209.0,100610.0
1990-06-21 13:00:00+00:00,26.28,84.55,0.0,0.0,0.0,407.75,1.03,200.0,100700.0
1990-06-21 14:00:00+00:00,25.89,87.3,0.0,0.0,0.0,404.3,0.76,169.0,100740.0
1990-06-21 15:00:00+00:00,25.73,84.5,0.0,0.0,0.0,401.55,0.55,151.0,100790.0
1990-06-21 16:00:00+00:00,25.35,87.3,0.0,0.0,0.0,404.65,0.62,179.0,100820.0
1990-06-21 17:00:00+00:00,25.17,87.3,0.0,0.0,0.0,403.1,0.28,264.0,100820.0
1990-06-21 18:00:00+00:00,24.28,93.1,0.0,0.0,0.0,402.95,0.69,320.0,100760.0
1990-06-21 19:00:00+00:00,23.84,93.1,0.0,0.0,0.0,417.65,0.76,26.0,100710.0
1990-06-21 20:00:00+00:00,23.69,93.1,0.0,0.0,0.0,421.5,0.62,357.0,100710.0
1990-06-21 21:00:00+00:00,23.52,96.2,0.0,0.0,0.0,420.75,0.41,347.0,100700.0
1990-06-21 22:00:00+00:00,23.64,96.2,0.0,0.0,0.0,426.55,0.34,354.0,100690.0
1990-06-21 23:00:00+00:00,23.55,96.2,0.0,0.0,0.0,420.55,0.34,20.0,100730.0
1990-06-22 00:00:00+00:00,23.85,96.2,113.45,88.8,95.65,420.15,0.48,30.0,100770.0
1990-06-22 01:00:00+00:00,24.82,90.15,224.1,62.77,197.3,420.25,0.83,58.0,100830.0
1990-06-22 02:00:00+00:00,25.98,84.5,287.95,79.26,238.35,423.45,0.69,96.0,100870.0
1990-06-22 03:00:00+00:00,26.95,79.3,410.05,158.14,286.15,425.4,1.03,151.0,100890.0
1990-06-22 04:00:00+00:00,27.76,74.4,504.65,160.36,362.05,424.8,1.52,173.0,100870.0
1990-06-22 05:00:00+00:00,28.24,76.85,515.5,148.68,376.35,424.8,1.86,187.0,100810.0
1990-06-22 06:00:00+00:00,28.4,79.4,482.3,237.1,264.1,425.4,2.41,196.0,100700.0
1990-06-22 07:00:00+00:00,28.87,69.75,575.25,407.32,231.7,421.7,1.66,221.0,100680.0
1990-06-22 08:00:00+00:00,29.02,69.75,410.2,308.97,190.65,417.65,1.79,224.0,100560.0
1990-06-22 09:00:00+00:00,28.88,69.75,265.3,226.65,145.0,425.95,1.45,224.0,100510.0
1990-06-22 10:00:00+00:00,28.68,69.75,74.0,43.95,60.1,412.8,1.24,203.0,100580.0
1990-06-22 11:00:00+00:00,27.92,74.4,4.55,3.67,4.25,420.15,1.31,206.0,100610.0
1990-06-22 12:00:00+00:00,26.91,79.3,0.0,0.0,0.0,412.0,1.72,216.0,100760.0
1990-06-22 13:00:00+00:00,26.07,84.55,0.0,0.0,0.0,413.55,0.97,213.0,100850.0
1990-06-22 14:00:00+00:00,26.07,81.85,0.0,0.0,0.0,412.6,0.48,100.0,100930.0
1990-06-22 15:00:00+00:00,25.74,84.5,0.0,0.0,0.0,415.7,0.34,89.0,100960.0
1990-06-22 16:00:00+00:00,25.34,87.3,0.0,0.0,0.0,409.7,0.34,91.0,100990.0
1990-06-22 17:00:00+00:00,25.21,87.3,0.0,0.0,0.0,414.75,0.41,160.0,101000.0
1990-06-22 18:00:00+00:00,24.26,93.1,0.0,0.0,0.0,406.0,0.83,213.0,100950.0
1990-06-22 19:00:00+00:00,24.92,87.25,0.0,0.0,0.0,414.35,0.62,29.0,100820.0
1990-06-22 20:00:00+00:00,25.27,84.45,0.0,0.0,0.0,413.75,0.34,342.0,100790.0
1990-06-22 21:00:00+00:00,24.6,87.25,0.0,0.0,0.0,417.45,0.55,280.0,100790.0
1990-06-22 22:00:00+00:00,24.33,90.1,0.0,0.0,0.0,410.85,0.07,277.0,100830.0
1990-06-22 23:00:00+00:00,23.78,93.1,0.0,0.0,0.0,413.2,0.0,192.0,100880.0
1990-06-23 00:00:00+00:00,24.02,90.1,194.95,557.02,83.75,408.9,0.62,35.0,100920.0
1990-06-23 01:00:00+00:00,25.07,87.3,364.1,509.99,146.75,403.6,0.55,339.0,100970.0
1990-06-23 02:00:00+00:00,26.21,84.55,476.1,464.75,185.55,412.2,0.97,288.0,101000.0
1990-06-23 03:00:00+00:00,27.02,87.4,658.05,534.58,239.45,413.75,1.17,260.0,100970.0
1990-06-23 04:00:00+00:00,28.0,87.5,752.35,522.14,288.15,422.3,1.66,249.0,100900.0
1990-06-23 05:00:00+00:00,28.71,79.5,616.95,272.78,361.65,426.9,2.14,248.0,100800.0
1990-06-23 06:00:00+00:00,28.21,82.05,621.9,393.69,259.5,431.0,1.52,244.0,100760.0
1990-06-23 07:00:00+00:00,29.14,77.0,592.1,371.39,278.7,431.75,1.93,251.0,100660.0
1990-06-23 08:00:00+00:00,29.19,74.55,456.7,359.26,201.2,426.55,1.86,249.0,100560.0
1990-06-23 09:00:00+00:00,28.71,74.5,214.6,160.11,129.5,420.35,2.07,232.0,100560.0
1990-06-23 10:00:00+00:00,28.05,74.4,88.95,106.27,55.25,418.6,1.17,228.0,100610.0
1990-06-23 11:00:00+00:00,27.69,76.85,3.5,3.63,3.2,421.1,0.76,246.0,100690.0
1990-06-23 12:00:00+00:00,27.02,81.9,0.0,0.0,0.0,415.5,1.1,236.0,100770.0
1990-06-23 13:00:00+00:00,26.3,84.55,0.0,0.0,0.0,412.0,0.9,230.0,100840.0
1990-06-23 14:00:00+00:00,26.41,81.85,0.0,0.0,0.0,411.85,0.41,186.0,100900.0
1990-06-23 15:00:00+00:00,26.04,81.85,0.0,0.0,0.0,406.2,0.41,133.0,100950.0
1990-06-23 16:00:00+00:00,25.53,84.5,0.0,0.0,0.0,404.85,0.48,110.0,100950.0
1990-06-23 17:00:00+00:00,25.47,84.45,0.0,0.0,0.0,408.15,0.14,1.0,100930.0
1990-06-23 18:00:00+00:00,24.45,90.1,0.0,0.0,0.0,405.45,0.76,310.0,100880.0
1990-06-23 19:00:00+00:00,23.78,93.1,0.0,0.0,0.0,417.65,0.48,303.0,100870.0
1990-06-23 20:00:00+00:00,23.43,96.2,0.0,0.0,0.0,413.55,0.62,306.0,100820.0
1990-06-23 21:00:00+00:00,23.14,96.2,0.0,0.0,0.0,414.9,0.62,0.0,100820.0
1990-06-23 22:00:00+00:00,23.11,96.2,0.0,0.0,0.0,417.45,0.41,31.0,100800.0
1990-06-23 23:00:00+00:00,23.12,96.2,0.0,0.0,0.0,417.65,0.55,18.0,100880.0
1990-06-24 00:00:00+00:00,23.42,96.2,87.35,92.55,68.95,422.45,0.76,34.0,100940.0
1990-06-24 01:00:00+00:00,24.02,90.1,188.65,203.54,102.05,424.3,0.83,16.0,101010.0
1990-06-24 02:00:00+00:00,24.82,90.15,368.6,278.9,194.4,421.7,0.48,355.0,101030.0
1990-06-24 03:00:00+00:00,25.91,90.2,498.85,291.51,270.7,423.85,0.34,272.0,101010.0
1990-06-24 04:00:00+00:00,26.85,87.4,564.15,282.16,313.35,433.9,0.76,231.0,100920.0
1990-06-24 05:00:00+00:00,27.66,84.7,611.55,266.84,361.8,435.45,1.03,226.0,100820.0
1990-06-24 06:00:00+00:00,28.15,84.7,574.7,282.26,314.8,427.3,1.38,225.0,100720.0
1990-06-24 07:00:00+00:00,27.81,79.4,415.3,240.61,212.15,421.1,1.52,250.0,100680.0
1990-06-24 08:00:00+00:00,27.96,76.85,276.9,140.21,177.1,418.6,1.31,240.0,100560.0
1990-06-24 09:00:00+00:00,27.86,74.4,224.4,146.92,146.2,422.45,1.59,239.0,100510.0
1990-06-24 10:00:00+00:00,27.7,74.4,81.5,64.01,61.15,416.3,1.38,248.0,100520.0
1990-06-24 11:00:00+00:00,27.24,76.8,4.1,0.6,4.05,415.9,1.03,276.0,100620.0
1990-06-24 12:00:00+00:00,26.37,81.85,0.0,0.0,0.0,413.55,1.17,274.0,100700.0
1990-06-24 13:00:00+00:00,25.81,84.5,0.0,0.0,0.0,416.45,1.03,283.0,100810.0
1990-06-24 14:00:00+00:00,25.56,87.3,0.0,0.0,0.0,425.0,0.9,297.0,100860.0
1990-06-24 15:00:00+00:00,25.35,90.2,0.0,0.0,0.0,423.85,0.69,310.0,100880.0
1990-06-24 16:00:00+00:00,25.2,90.2,0.0,0.0,0.0,419.75,0.41,338.0,100860.0
1990-06-24 17:00:00+00:00,25.16,87.3,0.0,0.0,0.0,421.1,0.14,244.0,100840.0
1990-06-24 18:00:00+00:00,24.48,93.1,0.0,0.0,0.0,410.85,0.62,224.0,100790.0
1990-06-24 19:00:00+00:00,24.24,93.1,0.0,0.0,0.0,404.85,1.03,259.0,100700.0
1990-06-24 20:00:00+00:00,24.18,93.1,0.0,0.0,0.0,404.45,0.62,282.0,100600.0
1990-06-24 21:00:00+00:00,24.29,93.1,0.0,0.0,0.0,403.5,0.28,11.0,100610.0
1990-06-24 22:00:00+00:00,23.64,96.2,0.0,0.0,0.0,407.95,0.69,56.0,100640.0
1990-06-24 23:00:00+00:00,23.35,99.4,0.0,0.0,0.0,415.5,0.83,67.0,100660.0
1990-06-25 00:00:00+00:00,23.91,96.2,181.4,416.15,99.0,412.0,0.9,76.0,100710.0
1990-06-25 01:00:00+00:00,25.71,84.5,385.55,646.36,111.0,411.95,0.76,100.0,100740.0
1990-06-25 02:00:00+00:00,27.12,76.8,576.5,725.26,123.9,403.9,0.76,146.0,100780.0
1990-06-25 03:00:00+00:00,28.28,74.4,658.95,624.96,170.05,408.15,1.1,161.0,100750.0
1990-06-25 04:00:00+00:00,29.04,72.1,721.1,578.31,207.15,415.9,1.1,167.0,100700.0
1990-06-25 05:00:00+00:00,29.68,67.7,710.7,512.69,230.8,420.55,1.38,183.0,100640.0
1990-06-25 06:00:00+00:00,29.62,69.95,662.5,466.96,232.4,430.6,1.59,198.0,100540.0
1990-06-25 07:00:00+00:00,30.01,65.5,662.55,615.59,142.5,424.6,1.66,199.0,100470.0
1990-06-25 08:00:00+00:00,30.06,65.5,478.9,458.07,152.55,418.4,1.45,202.0,100380.0
1990-06-25 09:00:00+00:00,29.63,65.5,250.15,219.41,133.2,421.1,1.66,195.0,100390.0
1990-06-25 10:00:00+00:00,28.43,74.4,55.4,10.51,52.05,420.55,1.03,142.0,100420.0
1990-06-25 11:00:00+00:00,27.79,76.85,3.7,0.0,3.7,418.2,1.03,94.0,100520.0
1990-06-25 12:00:00+00:00,27.01,81.9,0.0,0.0,0.0,414.55,1.24,92.0,100590.0
1990-06-25 13:00:00+00:00,26.34,87.35,0.0,0.0,0.0,415.9,1.1,78.0,100670.0
1990-06-25 14:00:00+00:00,25.83,90.2,0.0,0.0,0.0,418.2,1.1,73.0,100730.0
1990-06-25 15:00:00+00:00,25.46,90.2,0.0,0.0,0.0,417.65,1.17,74.0,100770.0
1990-06-25 16:00:00+00:00,25.09,90.2,0.0,0.0,0.0,412.0,1.24,70.0,100780.0
1990-06-25 17:00:00+00:00,24.73,93.15,0.0,0.0,0.0,408.9,1.31,68.0,100790.0
1990-06-25 18:00:00+00:00,24.45,93.1,0.0,0.0,0.0,407.75,1.31,73.0,100730.0
1990-06-25 19:00:00+00:00,24.67,93.15,0.0,0.0,0.0,413.2,1.1,79.0,100650.0
1990-06-25 20:00:00+00:00,24.59,90.15,0.0,0.0,0.0,411.45,1.24,75.0,100620.0
1990-06-25 21:00:00+00:00,24.6,90.15,0.0,0.0,0.0,415.3,1.31,75.0,100630.0
1990-06-25 22:00:00+00:00,24.51,93.1,0.0,0.0,0.0,412.8,1.38,80.0,100630.0
1990-06-25 23:00:00+00:00,24.26,90.1,0.0,0.0,0.0,406.0,1.45,77.0,100690.0
1990-06-26 00:00:00+00:00,24.65,90.15,181.9,496.68,83.95,403.3,0.97,84.0,100710.0
1990-06-26 01:00:00+00:00,26.9,81.9,335.05,497.19,124.2,403.25,0.97,126.0,100770.0
1990-06-26 02:00:00+00:00,27.89,76.85,511.65,537.02,176.8,414.55,2.07,150.0,100790.0
1990-06-26 03:00:00+00:00,28.57,76.95,693.05,689.79,153.65,420.15,2.07,150.0,100760.0
1990-06-26 04:00:00+00:00,29.41,77.0,795.4,701.38,172.15,423.25,2.07,149.0,100700.0
1990-06-26 05:00:00+00:00,30.09,74.7,757.05,488.86,299.4,431.0,2.14,161.0,100640.0
1990-06-26 06:00:00+00:00,30.44,77.15,767.95,628.4,188.95,441.45,2.48,182.0,100580.0
1990-06-26 07:00:00+00:00,30.23,72.35,588.25,480.94,181.7,431.95,2.21,192.0,100540.0
1990-06-26 08:00:00+00:00,29.27,74.55,356.3,277.17,158.65,432.9,1.66,186.0,100510.0
1990-06-26 09:00:00+00:00,28.63,76.95,192.95,150.06,112.85,435.05,1.1,137.0,100490.0
1990-06-26 10:00:00+00:00,28.16,79.4,69.95,42.4,56.4,423.85,0.9,100.0,100500.0
1990-06-26 11:00:00+00:00,27.78,82.05,4.2,4.7,3.8,423.85,1.17,94.0,100570.0
1990-06-26 12:00:00+00:00,27.04,87.4,0.0,0.0,0.0,415.7,0.83,94.0,100680.0
1990-06-26 13:00:00+00:00,26.55,87.4,0.0,0.0,0.0,418.0,0.48,97.0,100760.0
1990-06-26 14:00:00+00:00,25.69,90.2,0.0,0.0,0.0,409.5,1.17,61.0,100880.0
1990-06-26 15:00:00+00:00,25.35,93.15,0.0,0.0,0.0,417.25,1.59,52.0,100920.0
1990-06-26 16:00:00+00:00,25.07,90.2,0.0,0.0,0.0,413.4,1.52,55.0,100920.0
1990-06-26 17:00:00+00:00,24.69,93.15,0.0,0.0,0.0,408.15,1.59,52.0,100920.0
1990-06-26 18:00:00+00:00,24.47,96.2,0.0,0.0,0.0,409.7,1.38,49.0,100860.0
1990-06-26 19:00:00+00:00,24.07,93.1,0.0,0.0,0.0,400.2,0.97,70.0,100780.0
1990-06-26 20:00:00+00:00,24.1,93.1,0.0,0.0,0.0,398.65,0.69,82.0,100760.0
1990-06-26 21:00:00+00:00,24.25,93.1,0.0,0.0,0.0,401.2,0.69,90.0,100780.0
1990-06-26 22:00:00+00:00,24.01,90.1,0.0,0.0,0.0,403.3,0.83,111.0,100800.0
1990-06-26 23:00:00+00:00,23.78,93.1,0.0,0.0,0.0,398.45,0.9,105.0,100860.0
1990-06-27 00:00:00+00:00,24.14,93.1,192.95,604.32,74.25,400.4,0.83,121.0,100900.0
1990-06-27 01:00:00+00:00,26.28,87.35,383.4,650.41,108.0,407.7,1.24,144.0,100920.0
1990-06-27 02:00:00+00:00,27.49,81.95,610.9,763.02,135.5,408.9,1.17,155.0,100920.0
1990-06-27 03:00:00+00:00,28.76,76.95,723.65,697.72,178.25,413.0,1.38,164.0,100870.0
1990-06-27 04:00:00+00:00,29.8,69.95,822.35,757.14,149.6,414.35,1.79,174.0,100850.0
1990-06-27 05:00:00+00:00,30.47,70.0,839.35,734.79,151.35,416.3,2.07,188.0,100770.0
1990-06-27 06:00:00+00:00,30.87,70.1,750.05,678.48,124.65,420.35,2.14,199.0,100670.0
1990-06-27 07:00:00+00:00,30.4,65.6,613.05,571.84,129.35,419.75,1.79,199.0,100560.0
1990-06-27 08:00:00+00:00,30.72,63.6,466.55,494.46,113.6,417.85,1.52,182.0,100420.0
1990-06-27 09:00:00+00:00,30.7,63.6,304.95,435.11,72.35,419.95,1.72,183.0,100370.0
1990-06-27 10:00:00+00:00,30.37,65.6,115.3,228.15,42.2,418.6,1.93,193.0,100410.0
1990-06-27 11:00:00+00:00,29.23,72.15,5.45,22.13,3.55,418.2,1.38,192.0,100470.0
1990-06-27 12:00:00+00:00,28.19,79.4,0.0,0.0,0.0,416.1,0.83,133.0,100520.0
1990-06-27 13:00:00+00:00,27.17,81.95,0.0,0.0,0.0,409.7,0.9,136.0,100620.0
1990-06-27 14:00:00+00:00,26.52,87.35,0.0,0.0,0.0,407.95,1.1,144.0,100740.0
1990-06-27 15:00:00+00:00,26.56,81.9,0.0,0.0,0.0,412.8,0.76,136.0,100800.0
1990-06-27 16:00:00+00:00,26.03,87.35,0.0,0.0,0.0,411.25,0.97,152.0,100850.0
1990-06-27 17:00:00+00:00,25.5,90.2,0.0,0.0,0.0,406.0,1.1,163.0,100860.0
1990-06-27 18:00:00+00:00,25.18,90.2,0.0,0.0,0.0,410.65,1.1,168.0,100800.0
1990-06-27 19:00:00+00:00,25.66,90.2,0.0,0.0,0.0,415.5,0.9,94.0,100670.0
1990-06-27 20:00:00+00:00,25.53,90.2,0.0,0.0,0.0,415.1,0.83,86.0,100630.0
1990-06-27 21:00:00+00:00,25.1,87.3,0.0,0.0,0.0,401.95,0.41,84.0,100630.0
1990-06-27 22:00:00+00:00,24.0,93.1,0.0,0.0,0.0,406.0,0.69,47.0,100710.0
1990-06-27 23:00:00+00:00,24.0,93.1,0.0,0.0,0.0,407.0,0.21,109.0,100750.0
1990-06-28 00:00:00+00:00,23.93,93.1,113.4,201.9,73.9,405.05,0.28,347.0,100860.0
1990-06-28 01:00:00+00:00,24.61,90.15,238.25,155.16,172.65,414.05,0.14,95.0,100920.0
1990-06-28 02:00:00+00:00,25.43,87.3,479.45,388.86,237.35,423.85,0.97,167.0,100960.0
1990-06-28 03:00:00+00:00,26.72,81.9,616.9,450.77,264.65,414.55,1.31,171.0,100870.0
1990-06-28 04:00:00+00:00,28.25,76.85,649.85,413.89,282.1,418.8,1.66,186.0,100750.0
1990-06-28 05:00:00+00:00,29.11,72.15,591.9,285.05,324.95,426.35,2.21,199.0,100680.0
1990-06-28 06:00:00+00:00,29.43,72.15,650.0,504.84,184.45,429.85,2.07,202.0,100630.0
1990-06-28 07:00:00+00:00,29.46,69.85,596.65,410.42,249.25,430.8,1.24,228.0,100510.0
1990-06-28 08:00:00+00:00,29.93,67.7,352.55,179.98,223.95,420.15,1.38,214.0,100400.0
1990-06-28 09:00:00+00:00,28.97,72.1,216.7,128.97,147.65,425.75,1.45,228.0,100300.0
1990-06-28 10:00:00+00:00,28.52,74.4,90.85,86.54,63.05,417.65,1.03,227.0,100430.0
1990-06-28 11:00:00+00:00,27.99,76.85,3.85,0.58,3.8,416.45,0.69,206.0,100500.0
1990-06-28 12:00:00+00:00,27.53,79.35,0.0,0.0,0.0,419.55,0.55,285.0,100550.0
1990-06-28 13:00:00+00:00,26.77,84.6,0.0,0.0,0.0,408.75,0.62,273.0,100630.0
1990-06-28 14:00:00+00:00,26.22,87.35,0.0,0.0,0.0,412.2,0.9,290.0,100740.0
1990-06-28 15:00:00+00:00,26.04,84.55,0.0,0.0,0.0,414.15,0.69,299.0,100780.0
1990-06-28 16:00:00+00:00,25.27,90.2,0.0,0.0,0.0,404.1,0.9,285.0,100780.0
1990-06-28 17:00:00+00:00,25.01,93.15,0.0,0.0,0.0,404.85,0.76,297.0,100760.0
1990-06-28 18:00:00+00:00,24.81,93.15,0.0,0.0,0.0,409.1,0.62,12.0,100670.0
1990-06-28 19:00:00+00:00,24.53,90.15,0.0,0.0,0.0,400.0,0.69,39.0,100580.0
1990-06-28 20:00:00+00:00,24.94,87.25,0.0,0.0,0.0,398.85,0.55,359.0,100540.0
1990-06-28 21:00:00+00:00,24.87,87.25,0.0,0.0,0.0,403.3,0.07,216.0,100550.0
1990-06-28 22:00:00+00:00,24.68,87.25,0.0,0.0,0.0,408.15,0.34,43.0,100510.0
1990-06-28 23:00:00+00:00,24.44,90.1,0.0,0.0,0.0,402.35,0.21,48.0,100550.0
1990-06-29 00:00:00+00:00,24.47,96.2,208.65,656.31,80.75,398.1,0.48,38.0,100580.0
1990-06-29 01:00:00+00:00,26.42,84.55,398.4,650.09,123.95,402.85,0.76,334.0,100620.0
1990-06-29 02:00:00+00:00,27.71,76.85,568.35,662.68,156.05,408.75,1.59,299.0,100670.0
1990-06-29 03:00:00+00:00,28.58,74.5,607.75,512.65,207.25,412.6,2.34,285.0,100690.0
1990-06-29 04:00:00+00:00,29.01,79.5,743.35,599.98,210.25,418.4,2.69,279.0,100640.0
1990-06-29 05:00:00+00:00,29.18,79.55,792.25,578.86,250.0,416.65,2.21,272.0,100560.0
1990-06-29 06:00:00+00:00,29.87,77.1,678.55,508.12,209.75,429.25,2.28,265.0,100480.0
1990-06-29 07:00:00+00:00,30.49,65.6,670.9,650.01,120.3,420.35,3.1,261.0,100380.0
1990-06-29 08:00:00+00:00,30.34,67.8,460.4,452.98,136.4,423.05,3.24,257.0,100340.0
1990-06-29 09:00:00+00:00,29.72,67.7,259.65,339.06,77.85,418.8,3.1,251.0,100300.0
1990-06-29 10:00:00+00:00,28.87,74.5,122.3,238.17,45.6,429.25,2.14,256.0,100350.0
1990-06-29 11:00:00+00:00,28.17,79.4,5.7,20.59,3.9,413.2,1.31,277.0,100480.0
1990-06-29 12:00:00+00:00,27.49,81.95,0.0,0.0,0.0,412.8,0.97,341.0,100530.0
1990-06-29 13:00:00+00:00,27.06,81.95,0.0,0.0,0.0,416.1,0.48,339.0,100600.0
1990-06-29 14:00:00+00:00,26.62,84.6,0.0,0.0,0.0,407.95,0.48,11.0,100660.0
1990-06-29 15:00:00+00:00,26.42,84.55,0.0,0.0,0.0,412.2,0.48,288.0,100690.0
1990-06-29 16:00:00+00:00,25.41,93.15,0.0,0.0,0.0,413.55,1.31,263.0,100740.0
1990-06-29 17:00:00+00:00,24.78,93.15,0.0,0.0,0.0,406.0,1.03,262.0,100740.0
1990-06-29 18:00:00+00:00,24.07,96.2,0.0,0.0,0.0,404.85,0.76,247.0,100690.0
1990-06-29 19:00:00+00:00,24.62,90.15,0.0,0.0,0.0,419.95,1.59,222.0,100620.0
1990-06-29 20:00:00+00:00,24.07,93.1,0.0,0.0,0.0,416.65,0.83,233.0,100630.0
1990-06-29 21:00:00+00:00,23.91,96.2,0.0,0.0,0.0,420.9,0.62,213.0,100590.0
1990-06-29 22:00:00+00:00,23.73,96.2,0.0,0.0,0.0,422.1,0.07,242.0,100610.0
1990-06-29 23:00:00+00:00,23.67,96.2,0.0,0.0,0.0,421.7,0.21,30.0,100610.0
1990-06-30 00:00:00+00:00,24.08,93.1,135.15,207.08,94.95,420.15,0.62,31.0,100640.0
1990-06-30 01:00:00+00:00,25.04,87.3,284.7,342.99,140.1,417.75,0.21,2.0,100700.0
1990-06-30 02:00:00+00:00,26.25,84.55,469.95,417.35,210.45,415.5,0.76,204.0,100750.0
1990-06-30 03:00:00+00:00,27.34,84.65,615.15,498.36,225.9,418.4,1.38,199.0,100740.0
1990-06-30 04:00:00+00:00,28.43,84.7,691.45,438.84,301.5,433.7,1.72,208.0,100670.0
1990-06-30 05:00:00+00:00,29.17,79.55,635.6,310.5,344.65,432.35,2.34,217.0,100580.0
1990-06-30 06:00:00+00:00,29.43,72.15,810.25,666.46,195.05,431.0,2.69,222.0,100490.0
1990-06-30 07:00:00+00:00,30.26,63.5,715.65,684.44,135.45,421.5,1.93,225.0,100400.0
1990-06-30 08:00:00+00:00,30.44,63.5,531.2,566.54,125.55,411.45,2.21,219.0,100340.0
1990-06-30 09:00:00+00:00,30.18,63.5,287.05,354.47,96.7,410.3,2.14,215.0,100310.0
1990-06-30 10:00:00+00:00,29.6,65.5,107.4,144.8,60.65,415.1,1.52,213.0,100310.0
1990-06-30 11:00:00+00:00,28.8,72.1,5.7,5.67,5.2,409.9,1.03,214.0,100380.0
1990-06-30 12:00:00+00:00,27.93,74.4,0.0,0.0,0.0,407.55,0.62,175.0,100470.0
1990-06-30 13:00:00+00:00,26.81,81.9,0.0,0.0,0.0,411.25,1.03,110.0,100520.0
1990-06-30 14:00:00+00:00,26.09,81.85,0.0,0.0,0.0,410.45,1.24,93.0,100580.0
1990-06-30 15:00:00+00:00,25.54,84.5,0.0,0.0,0.0,408.75,1.24,101.0,100610.0
1990-06-30 16:00:00+00:00,23.16,91.16,0.0,0.0,0.0,400.86,1.09,111.0,100630.0
1990-06-30 17:00:00+00:00,23.53,90.26,0.0,0.0,0.0,402.18,1.13,116.0,100610.0
1990-06-30 18:00:00+00:00,23.9,89.37,0.0,0.0,0.0,403.5,1.18,116.0,100570.0
1990-06-30 19:00:00+00:00,24.27,88.47,0.0,0.0,0.0,404.82,1.22,89.0,100560.0
1990-06-30 20:00:00+00:00,24.64,87.57,0.0,0.0,0.0,406.15,1.26,101.0,100510.0
1990-06-30 21:00:00+00:00,25.01,86.68,0.0,0.0,0.0,407.47,1.3,115.0,100480.0
1990-06-30 22:00:00+00:00,25.38,85.78,0.0,0.0,0.0,408.79,1.35,112.0,100500.0
1990-06-30 23:00:00+00:00,25.75,84.88,0.0,0.0,0.0,410.11,1.39,93.0,100520.0
1990-07-01 00:00:00+00:00,26.12,83.99,136.3,280.26,82.1,411.43,1.43,167.0,100910.0
1990-07-01 01:00:00+00:00,26.5,83.09,319.35,389.06,155.55,412.75,1.47,204.0,100980.0
1990-07-01 02:00:00+00:00,26.87,82.19,425.6,435.62,154.9,414.08,1.52,252.0,101020.0
1990-07-01 03:00:00+00:00,27.24,81.3,687.95,656.33,175.4,415.4,1.56,266.0,101040.0
1990-07-01 04:00:00+00:00,27.61,80.4,786.85,691.86,172.0,416.72,1.6,264.0,101020.0
1990-07-01 05:00:00+00:00,27.98,79.5,758.25,563.98,229.6,418.04,1.64,262.0,100900.0
1990-07-01 06:00:00+00:00,28.35,78.6,816.85,730.13,142.5,419.36,1.68,256.0,100830.0
1990-07-01 07:00:00+00:00,28.72,77.71,616.25,513.81,180.35,420.68,1.73,250.0,100720.0
1990-07-01 08:00:00+00:00,30.55,63.6,487.4,497.77,130.6,421.9,2.9,248.0,100700.0
1990-07-01 09:00:00+00:00,29.75,67.7,272.45,365.63,75.8,419.55,2.9,240.0,100650.0
1990-07-01 10:00:00+00:00,28.96,72.15,105.75,193.71,43.05,416.65,2.41,238.0,100690.0
1990-07-01 11:00:00+00:00,27.97,76.85,5.75,15.18,4.4,415.3,1.86,233.0,100760.0
1990-07-01 12:00:00+00:00,27.06,81.9,0.0,0.0,0.0,410.3,1.38,229.0,100830.0
1990-07-01 13:00:00+00:00,26.3,87.35,0.0,0.0,0.0,414.35,0.69,214.0,100910.0
1990-07-01 14:00:00+00:00,26.13,87.3,0.0,0.0,0.0,412.4,0.28,116.0,101000.0
1990-07-01 15:00:00+00:00,25.59,90.2,0.0,0.0,0.0,412.0,0.48,67.0,101040.0
1990-07-01 16:00:00+00:00,25.11,93.15,0.0,0.0,0.0,412.6,0.62,50.0,101050.0
1990-07-01 17:00:00+00:00,24.68,96.2,0.0,0.0,0.0,407.0,0.76,52.0,101060.0
1990-07-01 18:00:00+00:00,24.34,96.2,0.0,0.0,0.0,407.4,0.76,50.0,101020.0
1990-07-01 19:00:00+00:00,24.48,96.2,0.0,0.0,0.0,414.55,1.03,31.0,100900.0
1990-07-01 20:00:00+00:00,24.41,96.2,0.0,0.0,0.0,413.0,1.03,22.0,100850.0
1990-07-01 21:00:00+00:00,24.43,93.1,0.0,0.0,0.0,414.55,1.17,32.0,100830.0
1990-07-01 22:00:00+00:00,24.4,93.1,0.0,0.0,0.0,416.65,1.17,36.0,100840.0
1990-07-01 23:00:00+00:00,24.31,93.1,0.0,0.0,0.0,416.1,0.97,55.0,100880.0
1990-07-02 00:00:00+00:00,24.68,96.2,113.55,147.4,85.15,414.75,0.76,81.0,100930.0
1990-07-02 01:00:00+00:00,26.32,84.55,254.6,213.21,164.95,420.45,0.69,109.0,100960.0
1990-07-02 02:00:00+00:00,27.5,79.35,354.0,225.81,213.75,420.9,1.1,126.0,100960.0
1990-07-02 03:00:00+00:00,28.17,76.85,326.05,114.49,236.65,424.2,1.66,136.0,100940.0
1990-07-02 04:00:00+00:00,28.44,74.5,263.8,35.72,232.05,427.9,1.66,142.0,100900.0
1990-07-02 05:00:00+00:00,28.44,74.5,335.9,37.48,300.75,430.2,1.79,145.0,100840.0
1990-07-02 06:00:00+00:00,28.73,74.5,437.7,145.38,303.35,431.0,2.0,145.0,100760.0
1990-07-02 07:00:00+00:00,29.83,65.6,375.5,113.48,279.15,434.45,1.66,179.0,100690.0
1990-07-02 08:00:00+00:00,29.76,67.7,278.75,60.76,235.15,429.85,2.0,188.0,100680.0
1990-07-02 09:00:00+00:00,29.35,69.95,153.25,38.89,132.3,428.3,1.72,192.0,100630.0
1990-07-02 10:00:00+00:00,28.84,74.55,53.05,1.08,52.7,424.6,1.17,185.0,100660.0
1990-07-02 11:00:00+00:00,28.11,79.4,2.9,0.0,2.9,419.0,0.97,164.0,100720.0
1990-07-02 12:00:00+00:00,27.21,84.6,0.0,0.0,0.0,421.3,1.03,140.0,100820.0
1990-07-02 13:00:00+00:00,26.58,87.35,0.0,0.0,0.0,420.35,1.38,125.0,100880.0
1990-07-02 14:00:00+00:00,26.19,90.2,0.0,0.0,0.0,419.95,1.45,118.0,100950.0
1990-07-02 15:00:00+00:00,25.96,87.3,0.0,0.0,0.0,420.35,1.59,102.0,101000.0
1990-07-02 16:00:00+00:00,25.87,87.3,0.0,0.0,0.0,424.2,1.59,97.0,101040.0
1990-07-02 17:00:00+00:00,25.66,90.2,0.0,0.0,0.0,420.9,1.59,101.0,101000.0
1990-07-02 18:00:00+00:00,25.4,90.2,0.0,0.0,0.0,419.0,1.52,99.0,100910.0
1990-07-02 19:00:00+00:00,24.91,90.15,0.0,0.0,0.0,410.65,1.38,74.0,100840.0
1990-07-02 20:00:00+00:00,24.53,93.1,0.0,0.0,0.0,409.9,1.24,73.0,100780.0
1990-07-02 21:00:00+00:00,24.31,93.1,0.0,0.0,0.0,411.45,1.31,74.0,100790.0
1990-07-02 22:00:00+00:00,24.26,93.1,0.0,0.0,0.0,413.95,1.31,71.0,100790.0
1990-07-02 23:00:00+00:00,24.23,93.1,0.0,0.0,0.0,415.9,1.31,64.0,100820.0
1990-07-03 00:00:00+00:00,24.57,93.1,115.95,136.21,89.8,413.4,1.24,69.0,100860.0
1990-07-03 01:00:00+00:00,26.33,87.35,314.0,318.95,180.05,416.6,1.03,70.0,100920.0
1990-07-03 02:00:00+00:00,28.13,79.4,406.2,240.49,256.9,413.2,0.83,101.0,100920.0
1990-07-03 03:00:00+00:00,29.02,72.15,417.5,242.58,228.1,420.75,1.31,123.0,100920.0
1990-07-03 04:00:00+00:00,29.35,69.95,469.25,191.0,299.45,423.25,1.38,142.0,100870.0
1990-07-03 05:00:00+00:00,29.72,69.95,611.15,360.14,273.3,434.45,1.52,160.0,100790.0
1990-07-03 06:00:00+00:00,30.17,67.8,620.1,427.53,224.75,425.55,1.52,163.0,100690.0
1990-07-03 07:00:00+00:00,30.67,65.7,540.3,420.16,183.25,433.3,2.14,217.0,100630.0
1990-07-03 08:00:00+00:00,30.36,67.85,359.95,307.63,138.95,433.5,2.21,207.0,100550.0
1990-07-03 09:00:00+00:00,29.72,72.25,224.7,198.14,117.8,428.65,1.59,177.0,100540.0
1990-07-03 10:00:00+00:00,29.36,72.25,104.3,170.61,48.8,427.9,1.03,140.0,100560.0
1990-07-03 11:00:00+00:00,28.72,79.5,5.75,13.28,4.55,427.3,0.76,131.0,100620.0
1990-07-03 12:00:00+00:00,27.69,84.65,0.0,0.0,0.0,420.35,0.97,117.0,100670.0
1990-07-03 13:00:00+00:00,26.83,87.4,0.0,0.0,0.0,415.3,1.31,112.0,100740.0
1990-07-03 14:00:00+00:00,26.26,90.25,0.0,0.0,0.0,414.55,1.31,113.0,100840.0
1990-07-03 15:00:00+00:00,25.93,93.2,0.0,0.0,0.0,415.5,1.45,114.0,100920.0
1990-07-03 16:00:00+00:00,25.69,96.25,0.0,0.0,0.0,416.3,1.45,105.0,100940.0
1990-07-03 17:00:00+00:00,25.45,93.15,0.0,0.0,0.0,416.65,1.31,91.0,100920.0
1990-07-03 18:00:00+00:00,25.31,93.15,0.0,0.0,0.0,418.8,1.38,78.0,100860.0
1990-07-03 19:00:00+00:00,25.22,96.2,0.0,0.0,0.0,410.65,1.52,65.0,100730.0
1990-07-03 20:00:00+00:00,25.04,93.15,0.0,0.0,0.0,412.0,1.52,73.0,100700.0
1990-07-03 21:00:00+00:00,24.72,96.2,0.0,0.0,0.0,408.35,1.52,75.0,100740.0
1990-07-03 22:00:00+00:00,24.68,96.2,0.0,0.0,0.0,417.85,1.38,74.0,100730.0
1990-07-03 23:00:00+00:00,24.45,93.1,0.0,0.0,0.0,409.7,1.52,72.0,100740.0
1990-07-04 00:00:00+00:00,24.72,96.2,205.5,656.31,79.95,405.65,1.1,65.0,100770.0
1990-07-04 01:00:00+00:00,27.02,87.4,408.5,673.55,125.95,406.9,0.55,60.0,100820.0
1990-07-04 02:00:00+00:00,28.54,76.95,549.35,591.33,182.4,412.6,0.41,119.0,100840.0
1990-07-04 03:00:00+00:00,29.49,69.95,713.6,633.22,219.2,428.65,0.41,156.0,100800.0
1990-07-04 04:00:00+00:00,30.15,67.8,721.75,615.7,174.25,436.2,0.41,189.0,100760.0
1990-07-04 05:00:00+00:00,30.85,65.8,680.05,505.46,205.65,437.0,1.52,215.0,100710.0
1990-07-04 06:00:00+00:00,29.39,72.25,737.8,638.57,146.9,439.3,1.86,223.0,100630.0
1990-07-04 07:00:00+00:00,31.8,59.75,647.05,587.39,147.45,432.9,0.83,215.0,100520.0
1990-07-04 08:00:00+00:00,31.38,59.75,455.05,460.08,124.15,429.85,1.1,253.0,100470.0
1990-07-04 09:00:00+00:00,30.33,63.6,229.6,227.63,106.6,427.3,1.59,279.0,100440.0
1990-07-04 10:00:00+00:00,28.81,72.15,116.15,199.94,50.95,429.25,1.66,274.0,100490.0
1990-07-04 11:00:00+00:00,28.1,76.85,6.35,19.76,4.55,427.3,1.38,279.0,100550.0
1990-07-04 12:00:00+00:00,27.3,79.35,0.0,0.0,0.0,421.9,0.55,292.0,100620.0
1990-07-04 13:00:00+00:00,26.79,84.6,0.0,0.0,0.0,416.3,0.34,20.0,100720.0
1990-07-04 14:00:00+00:00,26.22,90.2,0.0,0.0,0.0,416.3,0.69,23.0,100850.0
1990-07-04 15:00:00+00:00,25.91,90.2,0.0,0.0,0.0,420.9,0.48,41.0,100900.0
1990-07-04 16:00:00+00:00,25.27,93.15,0.0,0.0,0.0,430.0,0.34,73.0,100930.0
1990-07-04 17:00:00+00:00,25.16,96.2,0.0,0.0,0.0,432.75,0.21,80.0,100920.0
1990-07-04 18:00:00+00:00,24.9,96.2,0.0,0.0,0.0,432.15,0.21,70.0,100870.0
1990-07-04 19:00:00+00:00,24.74,93.15,0.0,0.0,0.0,427.7,1.72,355.0,100740.0
1990-07-04 20:00:00+00:00,24.68,96.2,0.0,0.0,0.0,427.5,1.17,8.0,100690.0
1990-07-04 21:00:00+00:00,24.64,96.2,0.0,0.0,0.0,427.7,0.97,67.0,100630.0
1990-07-04 22:00:00+00:00,24.37,96.2,0.0,0.0,0.0,416.45,0.97,79.0,100630.0
1990-07-04 23:00:00+00:00,24.11,99.4,0.0,0.0,0.0,412.0,1.03,52.0,100670.0
1990-07-05 00:00:00+00:00,24.39,96.2,177.5,614.78,60.3,401.4,0.83,49.0,100720.0
1990-07-05 01:00:00+00:00,26.18,90.2,358.3,579.3,115.55,404.0,0.34,74.0,100780.0
1990-07-05 02:00:00+00:00,27.52,81.95,598.25,774.35,117.9,406.6,0.48,210.0,100830.0
1990-07-05 03:00:00+00:00,28.7,76.95,699.3,710.69,144.4,412.4,1.31,236.0,100840.0
1990-07-05 04:00:00+00:00,29.41,72.25,769.55,684.21,160.95,415.3,1.93,238.0,100830.0
1990-07-05 05:00:00+00:00,29.95,72.35,742.3,576.61,200.85,420.55,2.41,244.0,100770.0
1990-07-05 06:00:00+00:00,28.4,74.5,727.7,558.26,210.75,421.5,2.07,254.0,100710.0
1990-07-05 07:00:00+00:00,28.75,74.5,490.4,375.42,170.8,424.4,2.21,260.0,100620.0
1990-07-05 08:00:00+00:00,28.35,76.95,283.95,171.51,160.45,424.6,2.07,294.0,100550.0
1990-07-05 09:00:00+00:00,27.73,79.35,263.95,282.34,111.15,434.1,2.0,293.0,100540.0
1990-07-05 10:00:00+00:00,27.49,81.95,86.6,100.49,53.75,423.65,1.59,275.0,100580.0
1990-07-05 11:00:00+00:00,27.05,84.6,5.3,8.18,4.55,418.4,0.83,293.0,100630.0
1990-07-05 12:00:00+00:00,26.4,87.35,0.0,0.0,0.0,417.45,0.9,332.0,100720.0
1990-07-05 13:00:00+00:00,26.05,90.2,0.0,0.0,0.0,423.25,0.55,7.0,100770.0
1990-07-05 14:00:00+00:00,25.87,93.2,0.0,0.0,0.0,426.15,0.48,66.0,100870.0
1990-07-05 15:00:00+00:00,25.68,93.15,0.0,0.0,0.0,422.65,0.34,99.0,100920.0
1990-07-05 16:00:00+00:00,25.2,96.2,0.0,0.0,0.0,422.1,0.69,226.0,100960.0
1990-07-05 17:00:00+00:00,24.92,96.2,0.0,0.0,0.0,428.85,0.62,250.0,100960.0
1990-07-05 18:00:00+00:00,24.51,99.4,0.0,0.0,0.0,426.55,0.41,73.0,100960.0
1990-07-05 19:00:00+00:00,24.53,99.4,0.0,0.0,0.0,420.75,0.69,40.0,100840.0
1990-07-05 20:00:00+00:00,24.37,96.2,0.0,0.0,0.0,416.45,0.9,47.0,100800.0
1990-07-05 21:00:00+00:00,24.22,99.4,0.0,0.0,0.0,414.9,1.03,49.0,100750.0
1990-07-05 22:00:00+00:00,24.0,99.4,0.0,0.0,0.0,417.25,0.97,59.0,100780.0
1990-07-05 23:00:00+00:00,23.61,99.4,0.0,0.0,0.0,404.45,1.03,65.0,100810.0
1990-07-06 00:00:00+00:00,23.97,96.2,147.05,276.58,94.5,416.85,0.83,69.0,100850.0
1990-07-06 01:00:00+00:00,25.7,96.25,304.95,343.39,161.2,421.25,0.48,70.0,100900.0
1990-07-06 02:00:00+00:00,27.28,79.35,545.6,609.13,167.85,427.3,0.41,174.0,100940.0
1990-07-06 03:00:00+00:00,28.5,72.1,664.5,599.15,196.65,413.75,0.76,213.0,100940.0
1990-07-06 04:00:00+00:00,29.32,67.7,722.9,605.59,184.05,420.9,0.9,224.0,100890.0
1990-07-06 05:00:00+00:00,29.7,67.7,768.25,629.57,176.75,419.75,1.17,246.0,100830.0
1990-07-06 06:00:00+00:00,30.01,67.8,614.75,369.93,271.95,426.55,1.79,254.0,100740.0
1990-07-06 07:00:00+00:00,29.61,69.95,503.3,245.04,294.5,429.05,1.59,222.0,100690.0
1990-07-06 08:00:00+00:00,28.98,74.55,313.8,151.82,204.35,433.5,1.45,212.0,100660.0
1990-07-06 09:00:00+00:00,28.26,76.85,139.9,47.14,114.35,425.75,0.9,185.0,100650.0
1990-07-06 10:00:00+00:00,26.84,81.9,55.95,52.49,38.75,429.25,0.55,258.0,100740.0
1990-07-06 11:00:00+00:00,25.85,90.2,2.95,0.0,2.95,425.2,0.48,3.0,100780.0
1990-07-06 12:00:00+00:00,25.37,93.15,0.0,0.0,0.0,427.1,0.62,64.0,100830.0
1990-07-06 13:00:00+00:00,25.05,96.2,0.0,0.0,0.0,418.4,0.83,62.0,100880.0
1990-07-06 14:00:00+00:00,24.76,96.2,0.0,0.0,0.0,414.9,0.69,44.0,100970.0
1990-07-06 15:00:00+00:00,24.62,99.4,0.0,0.0,0.0,418.2,0.83,60.0,101030.0
1990-07-06 16:00:00+00:00,24.49,99.4,0.0,0.0,0.0,421.1,0.9,70.0,101040.0
1990-07-06 17:00:00+00:00,24.36,96.2,0.0,0.0,0.0,426.55,1.03,66.0,101070.0
1990-07-06 18:00:00+00:00,24.25,96.2,0.0,0.0,0.0,424.4,0.76,63.0,101020.0
1990-07-06 19:00:00+00:00,23.85,96.2,0.0,0.0,0.0,405.65,0.9,85.0,100910.0
1990-07-06 20:00:00+00:00,23.99,96.2,0.0,0.0,0.0,416.85,0.76,96.0,100880.0
1990-07-06 21:00:00+00:00,23.85,96.2,0.0,0.0,0.0,413.4,0.76,90.0,100860.0
1990-07-06 22:00:00+00:00,23.85,96.2,0.0,0.0,0.0,406.6,0.55,112.0,100880.0
1990-07-06 23:00:00+00:00,24.23,93.1,0.0,0.0,0.0,408.35,0.28,156.0,100890.0
1990-07-07 00:00:00+00:00,24.35,93.1,197.1,632.32,77.35,406.6,0.34,122.0,100920.0
1990-07-07 01:00:00+00:00,26.06,87.3,409.95,748.04,97.1,402.25,0.69,197.0,100960.0
1990-07-07 02:00:00+00:00,27.21,84.6,588.35,700.65,153.95,402.55,1.1,230.0,101000.0
1990-07-07 03:00:00+00:00,28.4,74.5,678.05,662.46,160.7,417.25,1.38,259.0,101020.0
1990-07-07 04:00:00+00:00,29.06,72.15,825.2,790.17,121.85,418.6,1.86,268.0,100980.0
1990-07-07 05:00:00+00:00,29.76,72.25,719.8,595.28,160.2,421.9,2.14,272.0,100920.0
1990-07-07 06:00:00+00:00,29.84,70.0,507.65,287.31,241.2,427.9,2.21,265.0,100840.0
1990-07-07 07:00:00+00:00,28.88,77.0,373.1,157.87,238.45,424.8,1.38,244.0,100800.0
1990-07-07 08:00:00+00:00,28.85,77.0,374.8,180.18,244.75,425.4,1.1,257.0,100730.0
1990-07-07 09:00:00+00:00,29.11,77.0,227.75,143.68,149.75,428.1,1.1,249.0,100670.0
1990-07-07 10:00:00+00:00,28.82,77.0,77.85,54.05,60.1,431.2,0.97,241.0,100650.0
1990-07-07 11:00:00+00:00,27.71,84.65,4.2,0.0,4.2,426.15,0.69,233.0,100730.0
1990-07-07 12:00:00+00:00,26.87,87.4,0.0,0.0,0.0,418.8,1.1,189.0,100870.0
1990-07-07 13:00:00+00:00,26.17,90.2,0.0,0.0,0.0,425.0,1.03,164.0,100950.0
1990-07-07 14:00:00+00:00,25.57,93.15,0.0,0.0,0.0,425.95,1.03,135.0,101050.0
1990-07-07 15:00:00+00:00,25.19,96.2,0.0,0.0,0.0,424.2,0.9,92.0,101090.0
1990-07-07 16:00:00+00:00,24.95,96.2,0.0,0.0,0.0,422.85,1.17,77.0,101090.0
1990-07-07 17:00:00+00:00,24.92,96.2,0.0,0.0,0.0,424.4,1.24,92.0,101060.0
1990-07-07 18:00:00+00:00,24.61,96.2,0.0,0.0,0.0,420.55,1.24,85.0,101000.0
1990-07-07 19:00:00+00:00,24.74,93.15,0.0,0.0,0.0,420.9,1.03,104.0,100940.0
1990-07-07 20:00:00+00:00,24.55,96.2,0.0,0.0,0.0,418.0,1.03,113.0,100870.0
1990-07-07 21:00:00+00:00,24.24,93.1,0.0,0.0,0.0,408.75,1.17,106.0,100830.0
1990-07-07 22:00:00+00:00,23.98,96.2,0.0,0.0,0.0,405.05,1.38,92.0,100830.0
1990-07-07 23:00:00+00:00,23.74,96.2,0.0,0.0,0.0,409.7,1.1,76.0,100850.0
1990-07-08 00:00:00+00:00,24.36,96.2,153.95,295.83,98.1,409.3,0.69,75.0,100910.0
1990-07-08 01:00:00+00:00,26.07,90.2,381.0,595.65,132.1,420.85,0.62,118.0,100940.0
1990-07-08 02:00:00+00:00,27.56,81.95,625.45,779.9,142.0,412.0,1.31,171.0,100960.0
1990-07-08 03:00:00+00:00,28.81,72.15,565.65,426.39,232.6,412.4,1.45,203.0,100970.0
1990-07-08 04:00:00+00:00,29.32,69.95,592.7,389.55,245.8,429.85,1.86,226.0,100940.0
1990-07-08 05:00:00+00:00,28.87,72.15,655.65,508.42,177.4,428.85,2.55,238.0,100860.0
1990-07-08 06:00:00+00:00,28.58,76.95,482.5,292.58,210.95,426.55,1.72,242.0,100840.0
1990-07-08 07:00:00+00:00,29.55,67.7,508.8,380.55,183.9,430.6,2.0,230.0,100730.0
1990-07-08 08:00:00+00:00,29.47,67.7,431.6,391.89,148.4,431.55,2.0,225.0,100590.0
1990-07-08 09:00:00+00:00,29.42,67.7,317.5,433.95,81.55,429.45,1.79,212.0,100520.0
1990-07-08 10:00:00+00:00,29.29,67.7,126.2,257.92,41.3,426.35,1.24,194.0,100600.0
1990-07-08 11:00:00+00:00,28.72,74.5,5.05,16.56,3.5,418.8,0.69,194.0,100660.0
1990-07-08 12:00:00+00:00,27.92,79.4,0.0,0.0,0.0,424.6,1.03,226.0,100780.0
1990-07-08 13:00:00+00:00,27.3,81.95,0.0,0.0,0.0,428.1,1.52,237.0,100900.0
1990-07-08 14:00:00+00:00,26.52,87.35,0.0,0.0,0.0,434.3,1.1,259.0,100940.0
1990-07-08 15:00:00+00:00,25.87,90.2,0.0,0.0,0.0,417.85,0.62,3.0,100960.0
1990-07-08 16:00:00+00:00,25.46,90.2,0.0,0.0,0.0,417.25,1.1,49.0,100970.0
1990-07-08 17:00:00+00:00,24.99,93.15,0.0,0.0,0.0,413.95,1.17,53.0,100940.0
1990-07-08 18:00:00+00:00,24.54,96.2,0.0,0.0,0.0,409.5,1.03,61.0,100890.0
1990-07-08 19:00:00+00:00,24.13,96.2,0.0,0.0,0.0,401.95,1.24,64.0,100770.0
1990-07-08 20:00:00+00:00,23.83,96.2,0.0,0.0,0.0,401.55,0.83,70.0,100760.0
1990-07-08 21:00:00+00:00,23.83,96.2,0.0,0.0,0.0,399.65,0.34,184.0,100760.0
1990-07-08 22:00:00+00:00,23.74,96.2,0.0,0.0,0.0,401.75,0.69,178.0,100760.0
1990-07-08 23:00:00+00:00,23.7,99.4,0.0,0.0,0.0,410.1,0.97,126.0,100800.0
1990-07-09 00:00:00+00:00,24.13,96.2,109.8,244.66,63.75,408.55,0.69,111.0,100840.0
1990-07-09 01:00:00+00:00,25.27,90.2,192.9,100.71,150.85,415.4,0.69,130.0,100880.0
1990-07-09 02:00:00+00:00,26.07,84.5,532.4,540.48,197.4,419.95,0.97,165.0,100880.0
1990-07-09 03:00:00+00:00,27.49,81.95,617.1,536.3,198.1,422.85,1.31,183.0,100860.0
1990-07-09 04:00:00+00:00,28.41,76.95,500.3,251.93,275.85,425.0,1.66,194.0,100810.0
1990-07-09 05:00:00+00:00,28.25,76.85,311.85,42.71,271.65,434.45,2.0,208.0,100770.0
1990-07-09 06:00:00+00:00,27.1,81.9,669.7,461.74,240.8,441.65,1.38,179.0,100730.0
1990-07-09 07:00:00+00:00,28.68,74.5,626.65,538.48,166.45,425.2,1.93,241.0,100640.0
1990-07-09 08:00:00+00:00,28.82,72.15,534.75,541.3,143.1,416.3,1.66,252.0,100550.0
1990-07-09 09:00:00+00:00,29.1,72.15,320.3,375.16,116.0,417.05,1.24,253.0,100540.0
1990-07-09 10:00:00+00:00,28.87,72.15,123.2,199.14,57.5,415.7,0.76,269.0,100520.0
1990-07-09 11:00:00+00:00,28.38,74.5,7.0,9.02,6.15,416.65,0.55,269.0,100560.0
1990-07-09 12:00:00+00:00,27.36,81.95,0.0,0.0,0.0,404.85,1.03,261.0,100680.0
1990-07-09 13:00:00+00:00,26.47,87.35,0.0,0.0,0.0,407.4,0.9,240.0,100750.0
1990-07-09 14:00:00+00:00,26.18,87.3,0.0,0.0,0.0,405.65,0.48,192.0,100830.0
1990-07-09 15:00:00+00:00,25.84,87.3,0.0,0.0,0.0,413.0,0.55,134.0,100890.0
1990-07-09 16:00:00+00:00,25.27,90.2,0.0,0.0,0.0,408.15,0.83,91.0,100900.0
1990-07-09 17:00:00+00:00,24.99,93.15,0.0,0.0,0.0,408.9,0.76,87.0,100870.0
1990-07-09 18:00:00+00:00,24.6,96.2,0.0,0.0,0.0,406.8,0.9,85.0,100820.0
1990-07-09 19:00:00+00:00,24.64,93.1,0.0,0.0,0.0,408.15,0.9,172.0,100800.0
1990-07-09 20:00:00+00:00,24.44,93.1,0.0,0.0,0.0,410.65,0.97,174.0,100740.0
1990-07-09 21:00:00+00:00,24.37,93.1,0.0,0.0,0.0,415.5,0.97,136.0,100720.0
1990-07-09 22:00:00+00:00,24.18,96.2,0.0,0.0,0.0,412.0,1.24,115.0,100770.0
1990-07-09 23:00:00+00:00,23.65,99.4,0.0,0.0,0.0,409.9,1.24,134.0,100830.0
1990-07-10 00:00:00+00:00,23.63,99.4,117.55,198.75,80.25,413.55,0.97,103.0,100900.0
1990-07-10 01:00:00+00:00,24.58,93.1,266.6,317.2,134.25,421.4,1.24,100.0,100910.0
1990-07-10 02:00:00+00:00,25.86,87.3,393.4,344.47,179.9,415.1,1.03,146.0,100930.0
1990-07-10 03:00:00+00:00,26.84,81.9,581.1,397.82,270.2,415.5,1.45,179.0,100890.0
1990-07-10 04:00:00+00:00,27.96,74.4,581.1,326.07,290.45,420.9,1.66,182.0,100840.0
1990-07-10 05:00:00+00:00,28.61,72.1,778.45,519.69,288.95,428.1,1.72,187.0,100760.0
1990-07-10 06:00:00+00:00,29.39,67.7,785.9,644.85,186.4,416.65,2.07,204.0,100670.0
1990-07-10 07:00:00+00:00,30.18,63.5,693.1,643.6,142.5,417.25,2.76,213.0,100620.0
1990-07-10 08:00:00+00:00,29.98,63.5,562.25,636.91,100.85,420.75,2.62,218.0,100530.0
1990-07-10 09:00:00+00:00,29.71,63.4,319.95,437.56,81.3,414.15,2.41,216.0,100490.0
1990-07-10 10:00:00+00:00,29.12,65.4,130.85,238.79,51.9,407.2,1.93,219.0,100570.0
1990-07-10 11:00:00+00:00,28.21,72.0,5.55,21.64,3.5,404.85,1.45,220.0,100680.0
1990-07-10 12:00:00+00:00,27.24,79.3,0.0,0.0,0.0,414.55,0.69,194.0,100740.0
1990-07-10 13:00:00+00:00,26.27,81.85,0.0,0.0,0.0,403.5,0.69,98.0,100800.0
1990-07-10 14:00:00+00:00,25.7,87.3,0.0,0.0,0.0,414.35,1.17,74.0,100870.0
1990-07-10 15:00:00+00:00,25.2,90.15,0.0,0.0,0.0,415.3,1.38,71.0,100880.0
1990-07-10 16:00:00+00:00,24.98,90.15,0.0,0.0,0.0,420.75,1.03,67.0,100920.0
1990-07-10 17:00:00+00:00,24.91,90.15,0.0,0.0,0.0,421.7,0.69,79.0,100920.0
1990-07-10 18:00:00+00:00,24.75,90.15,0.0,0.0,0.0,415.1,0.55,188.0,100880.0
1990-07-10 19:00:00+00:00,24.23,93.1,0.0,0.0,0.0,427.1,0.48,0.0,100830.0
1990-07-10 20:00:00+00:00,23.82,96.2,0.0,0.0,0.0,411.25,0.97,60.0,100820.0
1990-07-10 21:00:00+00:00,23.66,99.4,0.0,0.0,0.0,416.3,0.76,90.0,100800.0
1990-07-10 22:00:00+00:00,23.67,99.4,0.0,0.0,0.0,415.3,1.1,79.0,100820.0
1990-07-10 23:00:00+00:00,23.57,99.4,0.0,0.0,0.0,411.85,1.03,73.0,100850.0
1990-07-11 00:00:00+00:00,24.0,96.2,158.4,344.09,94.0,411.65,0.76,78.0,100870.0
1990-07-11 01:00:00+00:00,25.4,90.2,353.9,525.68,134.7,416.2,0.76,86.0,100910.0
1990-07-11 02:00:00+00:00,26.78,81.9,475.35,477.91,179.15,412.2,0.69,145.0,100910.0
1990-07-11 03:00:00+00:00,27.82,76.85,631.5,548.31,202.85,419.0,1.03,184.0,100920.0
1990-07-11 04:00:00+00:00,28.61,76.95,667.45,483.65,236.1,421.3,1.31,202.0,100880.0
1990-07-11 05:00:00+00:00,28.97,79.55,719.0,467.91,277.95,427.3,1.66,212.0,100810.0
1990-07-11 06:00:00+00:00,29.47,77.1,728.45,501.72,261.6,433.5,2.14,214.0,100710.0
1990-07-11 07:00:00+00:00,30.51,63.6,529.5,284.33,286.0,426.75,1.45,243.0,100670.0
1990-07-11 08:00:00+00:00,29.44,67.7,344.8,203.29,197.35,433.5,1.03,248.0,100640.0
1990-07-11 09:00:00+00:00,29.35,67.7,189.9,78.45,147.05,419.95,1.1,206.0,100610.0
1990-07-11 10:00:00+00:00,28.7,74.5,77.4,27.01,68.45,418.4,1.45,182.0,100690.0
1990-07-11 11:00:00+00:00,28.03,79.4,4.85,4.2,4.45,418.2,1.31,183.0,100750.0
1990-07-11 12:00:00+00:00,27.2,81.9,0.0,0.0,0.0,416.1,1.31,185.0,100800.0
1990-07-11 13:00:00+00:00,26.58,84.55,0.0,0.0,0.0,419.75,1.38,178.0,100830.0
1990-07-11 14:00:00+00:00,26.01,90.2,0.0,0.0,0.0,415.9,1.1,172.0,100860.0
1990-07-11 15:00:00+00:00,25.78,87.3,0.0,0.0,0.0,416.45,0.69,140.0,100910.0
1990-07-11 16:00:00+00:00,25.55,90.2,0.0,0.0,0.0,420.75,0.97,116.0,100940.0
1990-07-11 17:00:00+00:00,25.18,93.15,0.0,0.0,0.0,411.05,0.76,96.0,100940.0
1990-07-11 18:00:00+00:00,24.7,96.2,0.0,0.0,0.0,406.6,0.9,87.0,100880.0
1990-07-11 19:00:00+00:00,24.28,96.2,0.0,0.0,0.0,408.75,1.1,48.0,100790.0
1990-07-11 20:00:00+00:00,24.04,96.2,0.0,0.0,0.0,406.0,1.1,54.0,100790.0
1990-07-11 21:00:00+00:00,23.93,96.2,0.0,0.0,0.0,408.15,1.1,61.0,100760.0
1990-07-11 22:00:00+00:00,23.73,96.2,0.0,0.0,0.0,408.55,1.03,118.0,100830.0
1990-07-11 23:00:00+00:00,23.69,99.4,0.0,0.0,0.0,408.15,0.9,156.0,100920.0
1990-07-12 00:00:00+00:00,24.23,93.1,160.2,534.36,60.45,418.8,0.97,166.0,100970.0
1990-07-12 01:00:00+00:00,25.24,90.2,266.65,361.6,115.95,409.6,1.59,170.0,101030.0
1990-07-12 02:00:00+00:00,26.02,87.3,464.4,441.25,190.9,413.75,1.45,166.0,101020.0
1990-07-12 03:00:00+00:00,27.27,79.35,690.65,543.56,265.55,417.05,1.31,169.0,100970.0
1990-07-12 04:00:00+00:00,28.57,79.5,789.35,604.21,250.15,427.1,1.17,202.0,100930.0
1990-07-12 05:00:00+00:00,29.3,77.1,744.9,461.72,309.35,432.55,1.45,229.0,100840.0
1990-07-12 06:00:00+00:00,29.41,79.6,680.25,413.33,295.3,436.2,1.86,239.0,100770.0
1990-07-12 07:00:00+00:00,29.25,84.8,549.85,381.26,223.0,434.65,2.0,226.0,100670.0
1990-07-12 08:00:00+00:00,29.35,77.1,322.4,169.64,199.2,426.35,2.21,210.0,100620.0
1990-07-12 09:00:00+00:00,27.75,81.95,151.85,56.03,121.2,425.75,1.38,222.0,100630.0
1990-07-12 10:00:00+00:00,27.58,81.95,66.05,7.53,63.55,421.3,0.14,65.0,100690.0
1990-07-12 11:00:00+00:00,27.29,81.95,4.85,0.0,4.85,427.3,0.55,25.0,100750.0
1990-07-12 12:00:00+00:00,26.71,90.25,0.0,0.0,0.0,419.75,0.34,19.0,100790.0
1990-07-12 13:00:00+00:00,26.03,93.2,0.0,0.0,0.0,416.3,0.76,31.0,100860.0
1990-07-12 14:00:00+00:00,25.55,96.25,0.0,0.0,0.0,414.15,1.17,53.0,100960.0
1990-07-12 15:00:00+00:00,25.1,96.2,0.0,0.0,0.0,410.85,1.03,53.0,100990.0
1990-07-12 16:00:00+00:00,24.74,96.2,0.0,0.0,0.0,407.55,0.97,38.0,101030.0
1990-07-12 17:00:00+00:00,24.34,96.2,0.0,0.0,0.0,406.6,0.97,41.0,101030.0
1990-07-12 18:00:00+00:00,24.06,99.4,0.0,0.0,0.0,403.3,1.03,43.0,100980.0
1990-07-12 19:00:00+00:00,24.17,99.4,0.0,0.0,0.0,416.85,0.97,49.0,100900.0
1990-07-12 20:00:00+00:00,24.23,96.2,0.0,0.0,0.0,425.2,0.83,56.0,100840.0
1990-07-12 21:00:00+00:00,24.26,96.2,0.0,0.0,0.0,424.0,0.76,68.0,100820.0
1990-07-12 22:00:00+00:00,24.23,96.2,0.0,0.0,0.0,422.85,0.9,69.0,100840.0
1990-07-12 23:00:00+00:00,24.18,99.4,0.0,0.0,0.0,421.1,0.76,94.0,100900.0
1990-07-13 00:00:00+00:00,24.44,96.2,69.1,42.96,61.1,421.7,0.83,135.0,100960.0
1990-07-13 01:00:00+00:00,25.07,96.2,229.7,179.21,155.05,428.2,1.17,152.0,101000.0
1990-07-13 02:00:00+00:00,25.88,90.2,345.1,272.3,176.3,423.85,1.59,172.0,101040.0
1990-07-13 03:00:00+00:00,26.47,87.35,565.35,477.44,191.8,419.95,1.59,199.0,101030.0
1990-07-13 04:00:00+00:00,27.43,84.65,539.65,391.78,189.8,419.0,1.59,214.0,100980.0
1990-07-13 05:00:00+00:00,27.84,84.7,606.45,375.93,251.55,428.65,1.52,235.0,100920.0
1990-07-13 06:00:00+00:00,28.15,84.7,767.0,625.61,183.8,431.55,2.14,246.0,100820.0
1990-07-13 07:00:00+00:00,30.3,63.6,666.7,602.0,150.05,417.85,2.07,255.0,100690.0
1990-07-13 08:00:00+00:00,30.36,63.6,533.8,591.37,103.8,422.85,2.28,257.0,100570.0
1990-07-13 09:00:00+00:00,30.06,65.6,320.4,425.37,87.35,416.45,2.28,256.0,100560.0
1990-07-13 10:00:00+00:00,29.45,67.7,125.3,185.16,63.7,417.25,1.79,265.0,100610.0
1990-07-13 11:00:00+00:00,28.61,74.5,7.45,18.19,5.7,417.25,1.38,261.0,100660.0
1990-07-13 12:00:00+00:00,27.53,81.95,0.0,0.0,0.0,407.4,1.03,262.0,100760.0
1990-07-13 13:00:00+00:00,26.63,87.35,0.0,0.0,0.0,410.45,0.97,286.0,100870.0
1990-07-13 14:00:00+00:00,25.82,90.2,0.0,0.0,0.0,400.4,0.97,326.0,100960.0
1990-07-13 15:00:00+00:00,25.22,93.15,0.0,0.0,0.0,401.0,1.17,356.0,101020.0
1990-07-13 16:00:00+00:00,24.94,93.15,0.0,0.0,0.0,404.1,1.1,338.0,101070.0
1990-07-13 17:00:00+00:00,24.9,93.15,0.0,0.0,0.0,401.2,0.83,321.0,101080.0
1990-07-13 18:00:00+00:00,24.69,96.2,0.0,0.0,0.0,399.25,0.69,304.0,101030.0
1990-07-13 19:00:00+00:00,24.17,96.2,0.0,0.0,0.0,403.9,0.97,41.0,100850.0
1990-07-13 20:00:00+00:00,24.72,93.1,0.0,0.0,0.0,400.6,0.41,32.0,100800.0
1990-07-13 21:00:00+00:00,24.27,93.1,0.0,0.0,0.0,402.15,0.76,259.0,100880.0
1990-07-13 22:00:00+00:00,24.39,93.1,0.0,0.0,0.0,419.55,0.62,243.0,100930.0
1990-07-13 23:00:00+00:00,24.25,93.1,0.0,0.0,0.0,426.15,0.62,238.0,100990.0
1990-07-14 00:00:00+00:00,24.34,93.1,126.95,233.61,83.55,410.45,0.62,236.0,101030.0
1990-07-14 01:00:00+00:00,25.33,87.3,245.0,238.83,145.55,412.7,1.59,250.0,101070.0
1990-07-14 02:00:00+00:00,26.17,87.3,371.75,209.99,241.55,420.15,1.66,255.0,101100.0
1990-07-14 03:00:00+00:00,26.85,87.4,507.45,272.3,294.3,427.7,1.59,259.0,101110.0
1990-07-14 04:00:00+00:00,27.66,87.45,579.45,273.57,335.0,424.0,1.59,262.0,101060.0
1990-07-14 05:00:00+00:00,28.26,87.5,595.35,238.03,370.45,427.1,1.66,262.0,101000.0
1990-07-14 06:00:00+00:00,28.28,84.75,652.3,353.39,322.55,428.3,1.93,258.0,100880.0
1990-07-14 07:00:00+00:00,28.38,76.95,399.95,121.05,295.95,422.65,4.62,291.0,100860.0
1990-07-14 08:00:00+00:00,27.37,76.8,258.25,41.89,227.75,422.1,4.0,311.0,100790.0
1990-07-14 09:00:00+00:00,26.79,76.7,202.8,50.94,174.85,415.9,3.1,327.0,100780.0
1990-07-14 10:00:00+00:00,26.58,76.65,62.05,18.3,55.95,407.95,1.66,341.0,100800.0
1990-07-14 11:00:00+00:00,26.11,79.15,4.1,1.04,4.0,414.15,0.76,355.0,100840.0
1990-07-14 12:00:00+00:00,25.47,81.75,0.0,0.0,0.0,410.45,0.83,27.0,100890.0
1990-07-14 13:00:00+00:00,24.96,84.4,0.0,0.0,0.0,409.5,0.9,53.0,100920.0
1990-07-14 14:00:00+00:00,24.59,87.2,0.0,0.0,0.0,408.15,0.97,70.0,100980.0
1990-07-14 15:00:00+00:00,24.3,81.65,0.0,0.0,0.0,405.85,1.24,73.0,101010.0
1990-07-14 16:00:00+00:00,24.06,84.35,0.0,0.0,0.0,408.9,1.45,70.0,101020.0
1990-07-14 17:00:00+00:00,23.79,81.55,0.0,0.0,0.0,410.1,1.38,65.0,101010.0
1990-07-14 18:00:00+00:00,23.53,84.25,0.0,0.0,0.0,410.3,1.31,59.0,100940.0
1990-07-14 19:00:00+00:00,23.28,90.05,0.0,0.0,0.0,406.4,0.97,64.0,100850.0
1990-07-14 20:00:00+00:00,23.45,87.1,0.0,0.0,0.0,400.4,0.76,42.0,100790.0
1990-07-14 21:00:00+00:00,23.15,87.1,0.0,0.0,0.0,391.5,1.03,26.0,100790.0
1990-07-14 22:00:00+00:00,22.94,87.1,0.0,0.0,0.0,395.75,1.03,35.0,100820.0
1990-07-14 23:00:00+00:00,22.74,87.1,0.0,0.0,0.0,394.2,0.97,31.0,100850.0
1990-07-15 00:00:00+00:00,23.09,87.1,211.9,668.62,87.95,385.9,0.9,36.0,100890.0
1990-07-15 01:00:00+00:00,26.05,74.1,422.45,693.64,133.7,388.9,0.62,16.0,100950.0
1990-07-15 02:00:00+00:00,27.78,65.2,589.85,618.52,206.25,393.05,1.03,316.0,100960.0
1990-07-15 03:00:00+00:00,28.96,65.4,750.35,660.43,233.1,398.85,1.66,302.0,100950.0
1990-07-15 04:00:00+00:00,29.93,61.45,793.05,629.33,230.3,404.1,2.14,302.0,100880.0
1990-07-15 05:00:00+00:00,30.5,61.55,799.6,554.12,275.6,407.75,2.41,295.0,100810.0
1990-07-15 06:00:00+00:00,30.84,59.65,876.15,795.01,133.6,412.6,2.62,284.0,100730.0
1990-07-15 07:00:00+00:00,31.04,59.65,642.55,594.29,131.4,414.75,2.9,268.0,100670.0
1990-07-15 08:00:00+00:00,30.68,63.6,529.55,572.2,112.45,419.4,2.97,272.0,100630.0
1990-07-15 09:00:00+00:00,30.31,63.6,355.25,467.45,98.4,417.25,2.9,269.0,100600.0
1990-07-15 10:00:00+00:00,29.71,67.7,139.35,255.59,54.0,410.45,2.55,261.0,100590.0
1990-07-15 11:00:00+00:00,28.63,74.5,8.45,30.41,5.5,403.9,1.93,252.0,100640.0
1990-07-15 12:00:00+00:00,27.46,81.95,0.0,0.0,0.0,401.2,1.45,254.0,100740.0
1990-07-15 13:00:00+00:00,26.48,90.25,0.0,0.0,0.0,398.45,0.69,241.0,100800.0
1990-07-15 14:00:00+00:00,26.47,84.55,0.0,0.0,0.0,394.8,0.14,154.0,100880.0
1990-07-15 15:00:00+00:00,25.85,87.3,0.0,0.0,0.0,391.7,0.55,72.0,100920.0
1990-07-15 16:00:00+00:00,24.35,93.1,0.0,0.0,0.0,390.15,1.1,70.0,100900.0
1990-07-15 17:00:00+00:00,23.69,99.4,0.0,0.0,0.0,391.5,1.24,51.0,100860.0
1990-07-15 18:00:00+00:00,23.35,99.4,0.0,0.0,0.0,401.4,1.1,48.0,100820.0
1990-07-15 19:00:00+00:00,23.95,96.2,0.0,0.0,0.0,388.6,1.03,37.0,100730.0
1990-07-15 20:00:00+00:00,23.76,93.1,0.0,0.0,0.0,398.1,1.17,32.0,100710.0
1990-07-15 21:00:00+00:00,23.57,93.05,0.0,0.0,0.0,392.85,1.17,27.0,100700.0
1990-07-15 22:00:00+00:00,23.68,93.05,0.0,0.0,0.0,399.65,1.17,12.0,100690.0
1990-07-15 23:00:00+00:00,23.34,90.05,0.0,0.0,0.0,385.5,1.31,15.0,100690.0
1990-07-16 00:00:00+00:00,23.89,87.15,224.0,852.38,66.3,383.55,0.97,30.0,100730.0
1990-07-16 01:00:00+00:00,27.04,74.25,462.55,904.13,86.25,387.55,0.48,15.0,100750.0
1990-07-16 02:00:00+00:00,28.82,63.3,663.95,910.32,99.2,392.65,0.62,305.0,100790.0
1990-07-16 03:00:00+00:00,29.86,61.45,808.35,881.25,117.75,398.45,1.03,281.0,100780.0
1990-07-16 04:00:00+00:00,30.59,59.55,886.2,847.71,127.6,403.3,1.31,267.0,100740.0
1990-07-16 05:00:00+00:00,31.12,59.65,910.25,810.74,142.9,407.55,1.52,257.0,100690.0
1990-07-16 06:00:00+00:00,31.46,59.75,811.1,652.82,200.75,412.8,1.79,251.0,100600.0
1990-07-16 07:00:00+00:00,31.53,59.75,656.65,514.89,213.3,416.85,2.69,258.0,100550.0
1990-07-16 08:00:00+00:00,31.19,61.65,549.4,525.11,166.15,421.3,2.69,255.0,100470.0
1990-07-16 09:00:00+00:00,30.85,61.65,336.2,369.65,132.8,417.05,2.41,248.0,100450.0
1990-07-16 10:00:00+00:00,30.2,65.6,127.9,172.93,70.05,412.4,2.07,239.0,100470.0
1990-07-16 11:00:00+00:00,29.2,72.15,8.25,26.7,5.65,408.55,1.52,241.0,100520.0
1990-07-16 12:00:00+00:00,28.11,79.4,0.0,0.0,0.0,407.95,0.83,239.0,100570.0
1990-07-16 13:00:00+00:00,27.92,76.85,0.0,0.0,0.0,413.0,0.21,158.0,100650.0
1990-07-16 14:00:00+00:00,27.17,81.9,0.0,0.0,0.0,412.4,0.48,106.0,100750.0
1990-07-16 15:00:00+00:00,26.18,90.2,0.0,0.0,0.0,413.55,0.83,72.0,100790.0
1990-07-16 16:00:00+00:00,25.4,90.2,0.0,0.0,0.0,404.85,1.17,49.0,100800.0
1990-07-16 17:00:00+00:00,24.87,90.15,0.0,0.0,0.0,400.2,1.38,39.0,100760.0
1990-07-16 18:00:00+00:00,24.44,93.1,0.0,0.0,0.0,394.6,1.45,36.0,100690.0
1990-07-16 19:00:00+00:00,24.44,93.1,0.0,0.0,0.0,398.65,1.45,50.0,100580.0
1990-07-16 20:00:00+00:00,24.18,96.2,0.0,0.0,0.0,396.35,1.24,60.0,100540.0
1990-07-16 21:00:00+00:00,24.53,90.1,0.0,0.0,0.0,398.1,0.97,72.0,100510.0
1990-07-16 22:00:00+00:00,25.08,84.4,0.0,0.0,0.0,398.85,0.83,92.0,100570.0
1990-07-16 23:00:00+00:00,24.88,81.7,0.0,0.0,0.0,397.5,0.9,123.0,100650.0
1990-07-17 00:00:00+00:00,24.85,87.25,213.0,814.95,62.5,400.4,0.9,123.0,100710.0
1990-07-17 01:00:00+00:00,27.33,76.8,424.85,811.84,87.0,402.85,0.9,163.0,100770.0
1990-07-17 02:00:00+00:00,28.54,72.1,620.9,817.16,113.75,406.4,1.66,185.0,100800.0
1990-07-17 03:00:00+00:00,29.31,72.25,734.05,750.87,145.25,416.45,2.28,198.0,100780.0
1990-07-17 04:00:00+00:00,29.86,72.35,723.15,607.7,178.9,424.2,2.62,205.0,100740.0
1990-07-17 05:00:00+00:00,29.64,72.25,757.7,611.44,178.45,424.2,2.76,206.0,100670.0
1990-07-17 06:00:00+00:00,29.94,72.35,850.6,775.25,125.05,426.75,2.9,209.0,100600.0
1990-07-17 07:00:00+00:00,30.97,61.65,565.95,487.69,145.55,421.1,2.83,219.0,100460.0
1990-07-17 08:00:00+00:00,30.51,63.6,507.15,501.89,140.4,418.8,2.55,223.0,100400.0
1990-07-17 09:00:00+00:00,30.28,65.6,302.5,291.46,141.9,420.35,2.76,223.0,100440.0
1990-07-17 10:00:00+00:00,29.72,67.7,112.25,130.71,68.45,420.55,1.86,217.0,100480.0
1990-07-17 11:00:00+00:00,29.01,69.85,6.25,1.54,6.1,418.4,0.69,207.0,100550.0
1990-07-17 12:00:00+00:00,27.93,79.4,0.0,0.0,0.0,411.45,0.97,201.0,100650.0
1990-07-17 13:00:00+00:00,27.04,84.6,0.0,0.0,0.0,413.4,0.76,167.0,100710.0
1990-07-17 14:00:00+00:00,26.61,87.35,0.0,0.0,0.0,411.85,0.69,128.0,100790.0
1990-07-17 15:00:00+00:00,26.17,87.3,0.0,0.0,0.0,411.65,0.76,80.0,100830.0
1990-07-17 16:00:00+00:00,25.51,90.2,0.0,0.0,0.0,412.0,1.03,65.0,100840.0
1990-07-17 17:00:00+00:00,25.19,93.15,0.0,0.0,0.0,409.1,0.83,63.0,100840.0
1990-07-17 18:00:00+00:00,25.61,87.3,0.0,0.0,0.0,410.1,0.28,108.0,100810.0
1990-07-17 19:00:00+00:00,24.77,93.15,0.0,0.0,0.0,420.55,0.9,183.0,100740.0
1990-07-17 20:00:00+00:00,24.66,96.2,0.0,0.0,0.0,419.95,0.48,181.0,100680.0
1990-07-17 21:00:00+00:00,24.65,96.2,0.0,0.0,0.0,425.0,0.41,167.0,100670.0
1990-07-17 22:00:00+00:00,24.46,96.2,0.0,0.0,0.0,417.85,0.07,1.0,100720.0
1990-07-17 23:00:00+00:00,24.27,96.2,0.0,0.0,0.0,424.4,0.21,334.0,100780.0
1990-07-18 00:00:00+00:00,24.28,96.2,125.05,285.57,72.4,424.0,0.21,357.0,100840.0
1990-07-18 01:00:00+00:00,24.97,90.15,274.85,323.8,140.1,421.25,0.41,227.0,100880.0
1990-07-18 02:00:00+00:00,26.05,87.3,504.1,549.2,163.1,421.3,1.38,212.0,100910.0
1990-07-18 03:00:00+00:00,27.56,81.95,688.9,665.36,166.8,421.7,1.72,203.0,100880.0
1990-07-18 04:00:00+00:00,28.68,79.5,669.45,481.91,237.5,419.95,1.93,191.0,100830.0
1990-07-18 05:00:00+00:00,29.21,77.0,706.65,393.41,333.6,422.3,2.07,193.0,100740.0
1990-07-18 06:00:00+00:00,29.58,77.1,566.55,217.27,363.0,434.45,2.07,195.0,100640.0
1990-07-18 07:00:00+00:00,29.69,67.7,505.45,241.02,297.45,428.3,1.79,210.0,100540.0
1990-07-18 08:00:00+00:00,29.7,67.7,398.7,232.08,228.9,429.45,1.38,218.0,100470.0
1990-07-18 09:00:00+00:00,29.71,67.7,222.75,122.88,154.95,426.55,1.59,205.0,100420.0
1990-07-18 10:00:00+00:00,29.22,69.85,98.9,53.33,81.0,426.75,1.31,193.0,100430.0
1990-07-18 11:00:00+00:00,28.54,74.5,6.3,6.63,5.65,418.0,1.45,194.0,100550.0
1990-07-18 12:00:00+00:00,27.49,79.35,0.0,0.0,0.0,414.9,1.38,189.0,100620.0
1990-07-18 13:00:00+00:00,26.69,87.35,0.0,0.0,0.0,414.35,1.17,185.0,100740.0
1990-07-18 14:00:00+00:00,25.99,90.2,0.0,0.0,0.0,412.2,1.17,172.0,100780.0
1990-07-18 15:00:00+00:00,25.62,90.2,0.0,0.0,0.0,415.3,1.66,162.0,100840.0
1990-07-18 16:00:00+00:00,25.06,93.15,0.0,0.0,0.0,412.6,1.52,166.0,100870.0
1990-07-18 17:00:00+00:00,24.73,93.15,0.0,0.0,0.0,416.45,1.45,153.0,100850.0
1990-07-18 18:00:00+00:00,24.6,96.2,0.0,0.0,0.0,422.3,1.03,143.0,100790.0
1990-07-18 19:00:00+00:00,24.41,96.2,0.0,0.0,0.0,408.15,0.83,160.0,100700.0
1990-07-18 20:00:00+00:00,24.39,96.2,0.0,0.0,0.0,418.0,0.62,127.0,100660.0
1990-07-18 21:00:00+00:00,24.26,93.1,0.0,0.0,0.0,414.35,0.76,135.0,100640.0
1990-07-18 22:00:00+00:00,24.29,93.1,0.0,0.0,0.0,423.85,0.97,127.0,100700.0
1990-07-18 23:00:00+00:00,24.21,96.2,0.0,0.0,0.0,427.1,0.48,145.0,100730.0
1990-07-19 00:00:00+00:00,24.14,99.4,96.65,116.24,75.25,419.2,0.34,208.0,100770.0
1990-07-19 01:00:00+00:00,25.08,93.15,162.95,36.28,147.85,419.3,0.62,188.0,100840.0
1990-07-19 02:00:00+00:00,25.67,93.15,276.5,76.22,229.15,419.0,0.48,155.0,100870.0
1990-07-19 03:00:00+00:00,26.47,90.25,393.85,131.74,290.4,429.45,0.34,146.0,100870.0
1990-07-19 04:00:00+00:00,27.32,87.45,500.85,154.77,362.0,433.5,0.48,184.0,100800.0
1990-07-19 05:00:00+00:00,28.07,87.5,563.35,178.79,393.65,440.85,0.97,192.0,100730.0
1990-07-19 06:00:00+00:00,28.62,87.55,657.95,371.01,310.0,432.55,1.31,211.0,100640.0
1990-07-19 07:00:00+00:00,29.53,77.1,471.15,237.74,265.75,431.35,2.21,222.0,100590.0
1990-07-19 08:00:00+00:00,28.34,79.5,339.9,167.71,217.05,435.05,1.38,240.0,100550.0
1990-07-19 09:00:00+00:00,28.29,82.1,113.3,42.81,89.65,425.95,0.62,256.0,100520.0
1990-07-19 10:00:00+00:00,27.39,84.65,69.35,17.85,63.35,430.4,0.34,8.0,100510.0
1990-07-19 11:00:00+00:00,27.19,87.4,4.1,1.02,4.0,426.35,0.41,133.0,100580.0
1990-07-19 12:00:00+00:00,26.62,90.25,0.0,0.0,0.0,420.15,0.62,129.0,100650.0
1990-07-19 13:00:00+00:00,26.15,93.2,0.0,0.0,0.0,421.3,0.48,156.0,100690.0
1990-07-19 14:00:00+00:00,25.94,93.2,0.0,0.0,0.0,420.55,0.41,147.0,100760.0
1990-07-19 15:00:00+00:00,25.63,93.15,0.0,0.0,0.0,422.3,0.48,168.0,100840.0
1990-07-19 16:00:00+00:00,24.96,90.15,0.0,0.0,0.0,413.95,0.28,101.0,100840.0
1990-07-19 17:00:00+00:00,24.6,96.2,0.0,0.0,0.0,419.0,0.83,81.0,100810.0
1990-07-19 18:00:00+00:00,24.25,93.1,0.0,0.0,0.0,411.85,0.97,78.0,100730.0
1990-07-19 19:00:00+00:00,24.2,96.2,0.0,0.0,0.0,417.65,0.14,294.0,100640.0
1990-07-19 20:00:00+00:00,23.78,96.2,0.0,0.0,0.0,416.45,0.55,326.0,100650.0
1990-07-19 21:00:00+00:00,23.71,99.4,0.0,0.0,0.0,429.05,0.76,7.0,100630.0
1990-07-19 22:00:00+00:00,23.69,99.4,0.0,0.0,0.0,428.3,0.97,69.0,100660.0
1990-07-19 23:00:00+00:00,23.76,96.2,0.0,0.0,0.0,429.05,0.97,88.0,100670.0
1990-07-20 00:00:00+00:00,23.97,96.2,84.75,86.48,68.85,426.55,0.83,64.0,100730.0
1990-07-20 01:00:00+00:00,24.55,93.1,159.15,96.94,118.8,415.8,0.76,51.0,100780.0
1990-07-20 02:00:00+00:00,25.4,87.3,243.55,65.56,202.8,421.1,0.28,62.0,100820.0
1990-07-20 03:00:00+00:00,26.31,84.55,352.15,82.9,287.0,430.6,0.69,193.0,100850.0
1990-07-20 04:00:00+00:00,26.98,84.6,355.85,64.54,297.9,431.2,1.45,209.0,100850.0
1990-07-20 05:00:00+00:00,26.52,81.85,389.65,103.41,291.4,435.05,2.21,238.0,100790.0
1990-07-20 06:00:00+00:00,25.89,87.3,199.9,10.54,190.0,434.1,1.79,236.0,100730.0
1990-07-20 07:00:00+00:00,26.23,87.3,227.95,39.14,194.1,428.85,1.1,208.0,100680.0
1990-07-20 08:00:00+00:00,26.33,87.35,321.2,174.32,193.35,425.4,1.03,211.0,100590.0
1990-07-20 09:00:00+00:00,26.94,81.9,216.3,116.23,152.0,425.2,0.9,207.0,100550.0
1990-07-20 10:00:00+00:00,27.13,81.9,61.75,51.69,44.35,419.4,0.21,192.0,100590.0
1990-07-20 11:00:00+00:00,26.6,84.55,3.95,7.62,3.2,420.35,0.34,98.0,100640.0
1990-07-20 12:00:00+00:00,25.95,87.3,0.0,0.0,0.0,418.0,0.69,104.0,100730.0
1990-07-20 13:00:00+00:00,25.41,90.2,0.0,0.0,0.0,419.55,0.9,109.0,100790.0
1990-07-20 14:00:00+00:00,25.09,93.15,0.0,0.0,0.0,418.4,0.97,116.0,100840.0
1990-07-20 15:00:00+00:00,24.84,93.15,0.0,0.0,0.0,415.7,1.03,114.0,100900.0
1990-07-20 16:00:00+00:00,24.57,96.2,0.0,0.0,0.0,410.65,1.1,109.0,100940.0
1990-07-20 17:00:00+00:00,24.31,93.1,0.0,0.0,0.0,408.75,0.97,120.0,100950.0
1990-07-20 18:00:00+00:00,24.22,96.2,0.0,0.0,0.0,417.25,1.24,128.0,100900.0
1990-07-20 19:00:00+00:00,24.37,96.2,0.0,0.0,0.0,417.65,0.9,104.0,100790.0
1990-07-20 20:00:00+00:00,24.16,99.4,0.0,0.0,0.0,414.75,0.76,96.0,100740.0
1990-07-20 21:00:00+00:00,23.84,96.2,0.0,0.0,0.0,408.55,1.03,82.0,100720.0
1990-07-20 22:00:00+00:00,23.66,99.4,0.0,0.0,0.0,412.4,0.97,68.0,100750.0
1990-07-20 23:00:00+00:00,23.44,99.4,0.0,0.0,0.0,410.45,0.9,76.0,100770.0
1990-07-21 00:00:00+00:00,23.99,96.2,148.55,430.14,69.55,418.6,0.55,86.0,100820.0
1990-07-21 01:00:00+00:00,25.85,90.2,347.3,445.9,161.65,415.4,0.83,138.0,100850.0
1990-07-21 02:00:00+00:00,27.15,81.9,405.9,303.07,217.4,415.1,2.48,174.0,100880.0
1990-07-21 03:00:00+00:00,27.75,76.8,532.4,302.98,294.1,421.7,2.48,185.0,100890.0
1990-07-21 04:00:00+00:00,28.38,72.1,504.65,238.72,290.1,426.55,2.55,186.0,100890.0
1990-07-21 05:00:00+00:00,28.67,72.1,553.45,213.23,350.65,429.65,2.55,185.0,100830.0
1990-07-21 06:00:00+00:00,28.96,69.85,672.3,379.1,316.0,425.95,2.48,183.0,100750.0
1990-07-21 07:00:00+00:00,30.38,63.6,605.9,368.16,287.1,425.75,2.28,193.0,100680.0
1990-07-21 08:00:00+00:00,30.48,63.6,408.0,251.47,223.35,428.1,2.07,186.0,100580.0
1990-07-21 09:00:00+00:00,30.22,63.5,263.35,218.0,142.6,427.5,2.0,180.0,100550.0
1990-07-21 10:00:00+00:00,29.71,67.7,134.2,198.47,67.3,424.0,1.59,184.0,100570.0
1990-07-21 11:00:00+00:00,29.02,69.85,7.8,18.76,5.95,413.2,1.17,196.0,100650.0
1990-07-21 12:00:00+00:00,27.64,79.35,0.0,0.0,0.0,407.75,1.17,178.0,100740.0
1990-07-21 13:00:00+00:00,26.44,84.55,0.0,0.0,0.0,405.65,1.31,149.0,100800.0
1990-07-21 14:00:00+00:00,25.73,87.3,0.0,0.0,0.0,403.9,1.38,127.0,100900.0
1990-07-21 15:00:00+00:00,25.22,90.15,0.0,0.0,0.0,404.3,1.45,103.0,100960.0
1990-07-21 16:00:00+00:00,24.79,90.15,0.0,0.0,0.0,401.0,1.59,94.0,100990.0
1990-07-21 17:00:00+00:00,24.53,93.1,0.0,0.0,0.0,402.55,1.59,93.0,100980.0
1990-07-21 18:00:00+00:00,24.32,93.1,0.0,0.0,0.0,405.45,1.52,93.0,100940.0
1990-07-21 19:00:00+00:00,24.76,93.15,0.0,0.0,0.0,418.8,1.45,81.0,100800.0
1990-07-21 20:00:00+00:00,24.85,93.15,0.0,0.0,0.0,420.35,1.52,89.0,100770.0
1990-07-21 21:00:00+00:00,24.58,96.2,0.0,0.0,0.0,410.45,1.38,89.0,100760.0
1990-07-21 22:00:00+00:00,24.33,96.2,0.0,0.0,0.0,408.75,1.03,96.0,100780.0
1990-07-21 23:00:00+00:00,24.79,93.15,0.0,0.0,0.0,414.35,0.14,103.0,100840.0
1990-07-22 00:00:00+00:00,24.19,96.2,136.4,269.49,86.95,414.55,0.62,351.0,100960.0
1990-07-22 01:00:00+00:00,25.18,93.15,274.7,295.08,151.8,425.1,0.21,32.0,101020.0
1990-07-22 02:00:00+00:00,26.23,87.3,526.15,478.39,228.4,421.5,0.48,171.0,101030.0
1990-07-22 03:00:00+00:00,27.59,87.45,570.95,344.96,299.4,420.75,0.97,171.0,101000.0
1990-07-22 04:00:00+00:00,28.64,84.75,691.4,361.32,366.35,438.75,1.38,193.0,100940.0
1990-07-22 05:00:00+00:00,29.48,79.6,581.5,283.7,311.4,441.05,2.07,201.0,100870.0
1990-07-22 06:00:00+00:00,29.4,79.6,341.55,38.79,305.05,435.65,1.93,193.0,100830.0
1990-07-22 07:00:00+00:00,27.77,84.7,454.15,129.89,341.55,420.55,1.79,163.0,100750.0
1990-07-22 08:00:00+00:00,28.45,79.5,409.35,213.7,252.25,419.2,2.0,171.0,100700.0
1990-07-22 09:00:00+00:00,28.98,74.55,275.25,198.35,165.25,423.25,1.31,161.0,100690.0
1990-07-22 10:00:00+00:00,29.03,72.15,100.4,55.11,81.8,418.2,0.55,159.0,100690.0
1990-07-22 11:00:00+00:00,28.52,74.5,6.95,4.56,6.5,417.85,0.21,203.0,100740.0
1990-07-22 12:00:00+00:00,27.83,76.85,0.0,0.0,0.0,412.2,0.14,211.0,100810.0
1990-07-22 13:00:00+00:00,26.91,84.6,0.0,0.0,0.0,410.1,0.48,44.0,100920.0
1990-07-22 14:00:00+00:00,25.85,90.2,0.0,0.0,0.0,407.55,1.17,58.0,100980.0
1990-07-22 15:00:00+00:00,25.07,93.15,0.0,0.0,0.0,404.45,1.31,61.0,101040.0
1990-07-22 16:00:00+00:00,24.46,96.2,0.0,0.0,0.0,402.35,1.31,63.0,101070.0
1990-07-22 17:00:00+00:00,24.01,99.4,0.0,0.0,0.0,401.4,1.31,60.0,101050.0
1990-07-22 18:00:00+00:00,23.73,96.2,0.0,0.0,0.0,401.75,1.31,66.0,100990.0
1990-07-22 19:00:00+00:00,24.7,99.4,0.0,0.0,0.0,425.75,1.45,84.0,100850.0
1990-07-22 20:00:00+00:00,24.64,99.4,0.0,0.0,0.0,424.6,1.17,93.0,100850.0
1990-07-22 21:00:00+00:00,24.58,99.4,0.0,0.0,0.0,424.6,1.24,98.0,100810.0
1990-07-22 22:00:00+00:00,24.32,96.2,0.0,0.0,0.0,425.55,0.83,119.0,100880.0
1990-07-22 23:00:00+00:00,23.91,96.2,0.0,0.0,0.0,428.85,0.62,99.0,100970.0
1990-07-23 00:00:00+00:00,24.0,96.2,109.0,181.06,75.8,431.2,0.97,74.0,101010.0
1990-07-23 01:00:00+00:00,24.88,93.15,294.65,384.71,134.35,430.15,0.9,81.0,101090.0
1990-07-23 02:00:00+00:00,26.59,87.35,525.8,472.33,231.6,415.9,0.9,115.0,101090.0
1990-07-23 03:00:00+00:00,27.95,84.7,493.9,330.05,233.85,425.55,0.9,175.0,101060.0
1990-07-23 04:00:00+00:00,28.68,82.1,592.15,350.41,276.6,429.65,1.52,204.0,101000.0
1990-07-23 05:00:00+00:00,28.5,76.95,735.75,512.67,247.15,436.8,2.21,215.0,100940.0
1990-07-23 06:00:00+00:00,29.54,74.65,380.2,64.71,319.25,424.4,2.14,205.0,100860.0
1990-07-23 07:00:00+00:00,27.66,90.3,388.7,86.07,314.0,432.55,1.59,154.0,100740.0
1990-07-23 08:00:00+00:00,28.46,79.5,417.1,225.48,251.15,429.45,1.03,152.0,100660.0
1990-07-23 09:00:00+00:00,29.1,74.55,249.55,184.08,147.35,422.3,0.83,155.0,100610.0
1990-07-23 10:00:00+00:00,29.02,72.15,122.85,188.83,59.05,423.25,0.69,148.0,100610.0
1990-07-23 11:00:00+00:00,28.58,76.95,6.05,8.6,5.2,413.75,0.69,156.0,100690.0
1990-07-23 12:00:00+00:00,27.47,81.95,0.0,0.0,0.0,410.65,0.9,175.0,100770.0
1990-07-23 13:00:00+00:00,26.86,84.6,0.0,0.0,0.0,417.85,0.55,103.0,100770.0
1990-07-23 14:00:00+00:00,26.03,90.2,0.0,0.0,0.0,402.95,0.76,106.0,100850.0
1990-07-23 15:00:00+00:00,25.25,90.2,0.0,0.0,0.0,401.4,1.03,96.0,100900.0
1990-07-23 16:00:00+00:00,24.75,93.15,0.0,0.0,0.0,400.6,1.31,82.0,100920.0
1990-07-23 17:00:00+00:00,24.46,93.1,0.0,0.0,0.0,401.75,1.45,84.0,100890.0
1990-07-23 18:00:00+00:00,24.27,93.1,0.0,0.0,0.0,399.45,1.59,88.0,100840.0
1990-07-23 19:00:00+00:00,23.78,96.2,0.0,0.0,0.0,408.75,1.38,72.0,100730.0
1990-07-23 20:00:00+00:00,23.67,99.4,0.0,0.0,0.0,410.45,1.24,76.0,100700.0
1990-07-23 21:00:00+00:00,23.74,96.2,0.0,0.0,0.0,412.4,1.24,79.0,100680.0
1990-07-23 22:00:00+00:00,23.55,96.2,0.0,0.0,0.0,417.05,1.24,83.0,100750.0
1990-07-23 23:00:00+00:00,23.59,99.4,0.0,0.0,0.0,412.2,1.31,87.0,100770.0
1990-07-24 00:00:00+00:00,24.31,93.1,208.15,804.54,60.7,407.2,1.17,83.0,100840.0
1990-07-24 01:00:00+00:00,27.16,84.6,415.5,718.16,116.1,405.55,1.1,113.0,100860.0
1990-07-24 02:00:00+00:00,28.54,79.5,560.25,629.07,168.1,410.65,1.86,154.0,100890.0
1990-07-24 03:00:00+00:00,29.25,79.55,677.3,573.32,225.15,419.2,2.21,169.0,100850.0
1990-07-24 04:00:00+00:00,30.01,74.7,607.65,424.15,225.3,423.45,2.41,174.0,100820.0
1990-07-24 05:00:00+00:00,30.2,74.7,778.7,604.98,201.5,433.7,2.48,178.0,100780.0
1990-07-24 06:00:00+00:00,30.7,74.8,839.2,711.85,167.95,426.75,2.48,182.0,100700.0
1990-07-24 07:00:00+00:00,31.86,63.9,709.7,591.58,195.7,426.55,2.14,206.0,100610.0
1990-07-24 08:00:00+00:00,31.58,63.8,490.15,424.6,177.3,428.3,2.21,214.0,100520.0
1990-07-24 09:00:00+00:00,31.15,65.8,259.65,262.58,113.7,422.1,2.28,213.0,100490.0
1990-07-24 10:00:00+00:00,30.59,67.85,113.65,181.09,52.4,426.9,1.93,215.0,100550.0
1990-07-24 11:00:00+00:00,29.53,72.25,5.7,13.15,4.4,426.35,1.17,194.0,100620.0
1990-07-24 12:00:00+00:00,28.43,79.5,0.0,0.0,0.0,415.9,0.9,144.0,100670.0
1990-07-24 13:00:00+00:00,27.33,84.65,0.0,0.0,0.0,409.9,1.03,114.0,100700.0
1990-07-24 14:00:00+00:00,26.64,87.35,0.0,0.0,0.0,410.3,1.24,102.0,100770.0
1990-07-24 15:00:00+00:00,26.0,90.2,0.0,0.0,0.0,403.5,1.52,94.0,100820.0
1990-07-24 16:00:00+00:00,25.58,90.2,0.0,0.0,0.0,402.35,1.66,85.0,100870.0
1990-07-24 17:00:00+00:00,25.14,93.15,0.0,0.0,0.0,400.8,1.66,78.0,100860.0
1990-07-24 18:00:00+00:00,24.77,90.15,0.0,0.0,0.0,401.4,1.52,75.0,100800.0
1990-07-24 19:00:00+00:00,25.2,90.15,0.0,0.0,0.0,402.35,1.52,86.0,100720.0
1990-07-24 20:00:00+00:00,24.96,90.15,0.0,0.0,0.0,400.4,1.45,89.0,100670.0
1990-07-24 21:00:00+00:00,24.66,90.1,0.0,0.0,0.0,396.75,1.45,89.0,100670.0
1990-07-24 22:00:00+00:00,24.51,90.1,0.0,0.0,0.0,397.5,1.38,85.0,100730.0
1990-07-24 23:00:00+00:00,24.34,90.1,0.0,0.0,0.0,398.65,1.38,85.0,100760.0
1990-07-25 00:00:00+00:00,24.66,93.1,210.55,702.17,81.9,393.05,1.17,87.0,100790.0
1990-07-25 01:00:00+00:00,27.82,82.05,425.4,720.59,124.8,397.25,0.97,133.0,100860.0
1990-07-25 02:00:00+00:00,29.14,77.0,640.15,806.82,136.75,403.9,2.55,177.0,100860.0
1990-07-25 03:00:00+00:00,29.94,70.0,727.35,699.23,175.35,403.5,3.03,184.0,100840.0
1990-07-25 04:00:00+00:00,30.49,67.85,813.5,684.06,196.2,418.0,3.17,186.0,100790.0
1990-07-25 05:00:00+00:00,30.89,63.7,828.75,639.97,217.5,412.8,3.1,189.0,100750.0
1990-07-25 06:00:00+00:00,31.06,61.65,876.35,799.61,121.5,419.2,2.9,191.0,100690.0
1990-07-25 07:00:00+00:00,31.93,61.85,756.25,740.77,111.9,426.15,2.14,235.0,100590.0
1990-07-25 08:00:00+00:00,31.86,61.85,575.3,642.93,101.05,419.55,2.48,240.0,100540.0
1990-07-25 09:00:00+00:00,31.47,63.8,357.5,457.03,103.2,416.65,2.48,244.0,100520.0
1990-07-25 10:00:00+00:00,30.73,67.85,125.65,168.96,68.45,414.9,2.41,238.0,100560.0
1990-07-25 11:00:00+00:00,29.74,74.65,7.7,25.29,5.2,419.55,1.59,219.0,100600.0
1990-07-25 12:00:00+00:00,28.59,79.5,0.0,0.0,0.0,410.45,1.1,196.0,100690.0
1990-07-25 13:00:00+00:00,27.38,87.45,0.0,0.0,0.0,401.75,0.97,153.0,100740.0
1990-07-25 14:00:00+00:00,26.42,90.25,0.0,0.0,0.0,400.4,1.17,116.0,100840.0
1990-07-25 15:00:00+00:00,25.78,90.2,0.0,0.0,0.0,402.55,1.45,99.0,100880.0
1990-07-25 16:00:00+00:00,25.33,93.15,0.0,0.0,0.0,401.55,1.45,82.0,100900.0
1990-07-25 17:00:00+00:00,25.1,96.2,0.0,0.0,0.0,407.95,1.45,68.0,100900.0
1990-07-25 18:00:00+00:00,25.04,96.2,0.0,0.0,0.0,413.75,1.45,65.0,100890.0
1990-07-25 19:00:00+00:00,25.04,93.15,0.0,0.0,0.0,412.8,1.1,61.0,100800.0
1990-07-25 20:00:00+00:00,26.27,81.85,0.0,0.0,0.0,415.5,0.28,75.0,100790.0
1990-07-25 21:00:00+00:00,25.42,87.3,0.0,0.0,0.0,412.0,1.03,239.0,100790.0
1990-07-25 22:00:00+00:00,26.22,84.5,0.0,0.0,0.0,416.1,0.21,264.0,100840.0
1990-07-25 23:00:00+00:00,25.48,87.3,0.0,0.0,0.0,416.85,0.76,62.0,100870.0
1990-07-26 00:00:00+00:00,25.32,90.2,184.6,472.7,98.0,408.75,0.62,72.0,100920.0
1990-07-26 01:00:00+00:00,27.55,81.95,377.2,529.03,156.35,407.1,0.62,154.0,100960.0
1990-07-26 02:00:00+00:00,28.68,76.95,513.4,478.13,214.8,414.75,1.45,182.0,100980.0
1990-07-26 03:00:00+00:00,29.51,72.25,559.25,354.63,279.0,420.35,1.79,198.0,100980.0
1990-07-26 04:00:00+00:00,29.89,70.0,661.15,342.32,351.9,428.1,2.28,212.0,100940.0
1990-07-26 05:00:00+00:00,30.26,70.0,613.1,291.21,334.65,430.2,2.55,215.0,100880.0
1990-07-26 06:00:00+00:00,30.31,65.7,748.05,613.23,168.5,432.15,2.76,215.0,100800.0
1990-07-26 07:00:00+00:00,31.48,59.75,700.4,616.55,163.5,424.2,2.62,222.0,100710.0
1990-07-26 08:00:00+00:00,31.51,57.85,464.6,436.8,142.05,421.7,2.55,225.0,100650.0
1990-07-26 09:00:00+00:00,31.16,59.65,318.1,335.02,131.5,424.6,2.21,217.0,100640.0
1990-07-26 10:00:00+00:00,30.71,61.55,114.1,154.8,61.65,415.3,1.72,215.0,100670.0
1990-07-26 11:00:00+00:00,29.77,69.95,6.6,11.13,5.5,413.4,1.03,211.0,100750.0
1990-07-26 12:00:00+00:00,28.52,76.95,0.0,0.0,0.0,405.65,0.83,174.0,100770.0
1990-07-26 13:00:00+00:00,28.21,74.4,0.0,0.0,0.0,399.85,0.48,106.0,100810.0
1990-07-26 14:00:00+00:00,26.35,81.85,0.0,0.0,0.0,398.45,1.17,59.0,100880.0
1990-07-26 15:00:00+00:00,25.5,87.3,0.0,0.0,0.0,397.9,1.59,59.0,100930.0
1990-07-26 16:00:00+00:00,24.9,90.15,0.0,0.0,0.0,395.2,1.66,60.0,100960.0
1990-07-26 17:00:00+00:00,24.46,93.1,0.0,0.0,0.0,396.75,1.59,60.0,100970.0
1990-07-26 18:00:00+00:00,24.06,96.2,0.0,0.0,0.0,395.0,1.52,65.0,100920.0
1990-07-26 19:00:00+00:00,24.83,96.2,0.0,0.0,0.0,419.0,1.1,63.0,100830.0
1990-07-26 20:00:00+00:00,25.03,96.2,0.0,0.0,0.0,411.65,1.03,89.0,100800.0
1990-07-26 21:00:00+00:00,25.08,93.15,0.0,0.0,0.0,413.55,1.1,103.0,100830.0
1990-07-26 22:00:00+00:00,24.64,96.2,0.0,0.0,0.0,410.45,1.38,97.0,100880.0
1990-07-26 23:00:00+00:00,24.59,96.2,0.0,0.0,0.0,419.2,1.24,91.0,100930.0
1990-07-27 00:00:00+00:00,24.74,93.15,123.9,94.97,106.5,412.2,0.97,75.0,101000.0
1990-07-27 01:00:00+00:00,26.35,87.35,256.7,158.93,190.3,415.6,0.62,117.0,101050.0
1990-07-27 02:00:00+00:00,27.35,81.95,373.15,245.23,219.85,422.65,1.24,164.0,101040.0
1990-07-27 03:00:00+00:00,28.26,79.4,546.5,311.34,300.2,423.05,2.07,172.0,101000.0
1990-07-27 04:00:00+00:00,29.13,74.55,648.8,347.14,334.85,431.4,2.21,186.0,100940.0
1990-07-27 05:00:00+00:00,29.74,72.25,742.3,399.36,360.0,433.7,2.41,194.0,100860.0
1990-07-27 06:00:00+00:00,30.29,65.7,542.0,233.05,321.5,428.1,2.48,205.0,100760.0
1990-07-27 07:00:00+00:00,30.0,72.35,464.95,198.1,292.25,430.0,2.41,225.0,100690.0
1990-07-27 08:00:00+00:00,30.22,65.6,350.25,170.79,224.0,424.4,1.79,236.0,100640.0
1990-07-27 09:00:00+00:00,30.11,65.6,233.9,108.7,173.3,425.4,1.45,236.0,100580.0
1990-07-27 10:00:00+00:00,29.86,65.6,83.35,26.84,74.25,417.25,1.03,239.0,100620.0
1990-07-27 11:00:00+00:00,29.15,74.55,4.85,0.0,4.85,414.35,0.69,259.0,100670.0
1990-07-27 12:00:00+00:00,28.2,79.4,0.0,0.0,0.0,410.3,0.62,263.0,100730.0
1990-07-27 13:00:00+00:00,28.01,74.4,0.0,0.0,0.0,408.15,0.0,115.0,100780.0
1990-07-27 14:00:00+00:00,27.13,79.3,0.0,0.0,0.0,402.35,0.62,52.0,100850.0
1990-07-27 15:00:00+00:00,25.4,87.3,0.0,0.0,0.0,395.2,1.17,48.0,100890.0
1990-07-27 16:00:00+00:00,24.6,93.1,0.0,0.0,0.0,393.25,1.38,49.0,100900.0
1990-07-27 17:00:00+00:00,24.02,96.2,0.0,0.0,0.0,391.9,1.45,53.0,100880.0
1990-07-27 18:00:00+00:00,23.49,96.2,0.0,0.0,0.0,388.8,1.38,51.0,100820.0
1990-07-27 19:00:00+00:00,24.78,90.15,0.0,0.0,0.0,400.8,1.17,12.0,100760.0
1990-07-27 20:00:00+00:00,25.1,90.15,0.0,0.0,0.0,401.0,0.97,6.0,100710.0
1990-07-27 21:00:00+00:00,25.51,87.3,0.0,0.0,0.0,400.0,0.76,14.0,100700.0
1990-07-27 22:00:00+00:00,25.29,87.3,0.0,0.0,0.0,404.3,0.76,3.0,100700.0
1990-07-27 23:00:00+00:00,25.32,87.3,0.0,0.0,0.0,398.85,0.55,356.0,100780.0
1990-07-28 00:00:00+00:00,25.44,87.3,173.2,482.59,84.75,401.95,0.07,348.0,100820.0
1990-07-28 01:00:00+00:00,27.08,84.6,366.9,470.37,170.2,406.5,0.76,231.0,100890.0
1990-07-28 02:00:00+00:00,28.24,79.4,555.65,577.82,194.05,412.6,1.45,244.0,100900.0
1990-07-28 03:00:00+00:00,29.18,74.55,672.95,558.59,230.55,420.9,1.93,238.0,100860.0
1990-07-28 04:00:00+00:00,29.82,72.35,784.95,651.69,194.9,429.65,2.07,231.0,100830.0
1990-07-28 05:00:00+00:00,30.37,72.4,767.5,597.43,194.95,434.1,2.41,226.0,100740.0
1990-07-28 06:00:00+00:00,30.35,72.4,831.05,723.18,146.05,428.1,2.48,228.0,100660.0
1990-07-28 07:00:00+00:00,31.49,65.9,646.9,511.84,200.2,436.6,2.41,216.0,100550.0
1990-07-28 08:00:00+00:00,31.32,65.9,494.0,467.78,147.85,433.7,2.62,224.0,100470.0
1990-07-28 09:00:00+00:00,30.97,65.8,298.95,305.9,128.25,429.85,2.69,234.0,100480.0
1990-07-28 10:00:00+00:00,30.38,65.7,99.65,107.88,63.05,427.5,2.0,237.0,100510.0
1990-07-28 11:00:00+00:00,29.62,72.25,7.05,5.07,6.55,427.3,1.45,233.0,100560.0
1990-07-28 12:00:00+00:00,28.59,79.5,0.0,0.0,0.0,417.45,1.24,226.0,100620.0
1990-07-28 13:00:00+00:00,27.59,87.45,0.0,0.0,0.0,413.75,0.9,230.0,100720.0
1990-07-28 14:00:00+00:00,27.77,79.4,0.0,0.0,0.0,410.65,0.55,213.0,100810.0
1990-07-28 15:00:00+00:00,27.5,81.95,0.0,0.0,0.0,407.55,0.21,133.0,100870.0
1990-07-28 16:00:00+00:00,27.04,84.6,0.0,0.0,0.0,407.55,0.48,357.0,100880.0
1990-07-28 17:00:00+00:00,26.04,90.2,0.0,0.0,0.0,409.1,0.9,354.0,100870.0
1990-07-28 18:00:00+00:00,25.87,90.2,0.0,0.0,0.0,406.0,0.76,11.0,100800.0
1990-07-28 19:00:00+00:00,25.02,96.2,0.0,0.0,0.0,405.45,0.97,13.0,100720.0
1990-07-28 20:00:00+00:00,24.62,99.4,0.0,0.0,0.0,416.65,0.97,12.0,100690.0
1990-07-28 21:00:00+00:00,24.7,99.4,0.0,0.0,0.0,420.9,0.97,10.0,100660.0
1990-07-28 22:00:00+00:00,24.59,99.4,0.0,0.0,0.0,416.3,1.03,22.0,100700.0
1990-07-28 23:00:00+00:00,24.52,99.4,0.0,0.0,0.0,423.05,0.97,45.0,100770.0
1990-07-29 00:00:00+00:00,24.82,96.2,168.05,343.55,105.05,414.15,0.83,79.0,100840.0
1990-07-29 01:00:00+00:00,26.8,87.4,333.45,428.69,154.0,401.85,0.9,148.0,100910.0
1990-07-29 02:00:00+00:00,28.19,79.4,513.35,467.92,220.2,417.85,1.59,184.0,100930.0
1990-07-29 03:00:00+00:00,29.14,74.55,671.05,572.52,217.1,418.0,2.07,189.0,100920.0
1990-07-29 04:00:00+00:00,29.75,74.65,700.8,447.17,295.45,422.45,2.83,194.0,100860.0
1990-07-29 05:00:00+00:00,29.8,72.35,798.95,593.14,229.85,428.65,2.97,193.0,100780.0
1990-07-29 06:00:00+00:00,30.26,74.7,642.5,350.95,309.7,428.85,2.69,194.0,100680.0
1990-07-29 07:00:00+00:00,29.55,72.25,593.2,445.71,203.8,438.35,2.76,182.0,100620.0
1990-07-29 08:00:00+00:00,29.73,74.65,455.1,347.16,197.95,427.9,2.41,174.0,100550.0
1990-07-29 09:00:00+00:00,29.98,70.0,250.6,246.02,113.2,432.15,2.21,173.0,100520.0
1990-07-29 10:00:00+00:00,29.46,72.25,111.15,148.78,60.65,432.9,1.52,157.0,100530.0
1990-07-29 11:00:00+00:00,29.13,74.55,6.95,8.13,6.15,420.75,0.97,132.0,100590.0
1990-07-29 12:00:00+00:00,28.43,76.95,0.0,0.0,0.0,414.9,0.48,100.0,100680.0
1990-07-29 13:00:00+00:00,27.32,84.65,0.0,0.0,0.0,411.65,0.76,88.0,100730.0
1990-07-29 14:00:00+00:00,26.63,90.25,0.0,0.0,0.0,414.15,1.1,105.0,100850.0
1990-07-29 15:00:00+00:00,26.3,87.35,0.0,0.0,0.0,415.7,1.52,121.0,100880.0
1990-07-29 16:00:00+00:00,25.94,90.2,0.0,0.0,0.0,413.4,1.59,114.0,100890.0
1990-07-29 17:00:00+00:00,25.78,90.2,0.0,0.0,0.0,418.2,1.59,99.0,100870.0
1990-07-29 18:00:00+00:00,25.61,93.15,0.0,0.0,0.0,418.2,1.52,90.0,100820.0
1990-07-29 19:00:00+00:00,25.64,90.2,0.0,0.0,0.0,419.2,1.45,99.0,100760.0
1990-07-29 20:00:00+00:00,25.48,90.2,0.0,0.0,0.0,420.15,1.38,90.0,100720.0
1990-07-29 21:00:00+00:00,25.14,93.15,0.0,0.0,0.0,413.2,1.38,78.0,100720.0
1990-07-29 22:00:00+00:00,25.02,93.15,0.0,0.0,0.0,417.05,1.31,80.0,100740.0
1990-07-29 23:00:00+00:00,24.91,93.15,0.0,0.0,0.0,417.65,1.24,92.0,100780.0
1990-07-30 00:00:00+00:00,25.32,90.2,115.3,217.96,75.3,415.9,1.1,104.0,100830.0
1990-07-30 01:00:00+00:00,26.95,81.9,300.2,305.8,172.05,426.25,1.45,138.0,100890.0
1990-07-30 02:00:00+00:00,28.01,76.85,479.8,449.12,198.1,418.2,3.17,154.0,100900.0
1990-07-30 03:00:00+00:00,29.01,72.15,523.85,349.25,246.6,428.3,3.66,160.0,100860.0
1990-07-30 04:00:00+00:00,29.52,69.95,655.05,430.23,264.6,429.85,3.72,165.0,100820.0
1990-07-30 05:00:00+00:00,30.1,67.8,732.3,510.57,241.85,436.8,3.72,167.0,100730.0
1990-07-30 06:00:00+00:00,30.62,65.7,431.05,204.72,236.7,432.75,3.59,167.0,100660.0
1990-07-30 07:00:00+00:00,30.42,63.6,532.2,315.51,256.25,435.25,3.93,166.0,100490.0
1990-07-30 08:00:00+00:00,30.92,61.65,459.6,434.49,137.45,434.1,3.66,168.0,100450.0
1990-07-30 09:00:00+00:00,30.91,61.65,323.5,396.55,101.85,425.4,3.59,167.0,100450.0
1990-07-30 10:00:00+00:00,30.67,63.6,117.65,172.73,59.0,426.15,2.97,169.0,100470.0
1990-07-30 11:00:00+00:00,29.8,65.6,6.85,20.37,4.85,423.25,2.34,162.0,100550.0
1990-07-30 12:00:00+00:00,28.7,72.1,0.0,0.0,0.0,421.7,1.93,152.0,100640.0
1990-07-30 13:00:00+00:00,27.71,79.35,0.0,0.0,0.0,412.6,1.93,144.0,100730.0
1990-07-30 14:00:00+00:00,27.43,79.35,0.0,0.0,0.0,422.3,2.14,140.0,100830.0
1990-07-30 15:00:00+00:00,27.09,81.9,0.0,0.0,0.0,418.2,2.28,134.0,100880.0
1990-07-30 16:00:00+00:00,26.72,84.55,0.0,0.0,0.0,424.0,2.14,126.0,100890.0
1990-07-30 17:00:00+00:00,26.25,84.55,0.0,0.0,0.0,418.8,1.72,126.0,100880.0
1990-07-30 18:00:00+00:00,25.96,87.3,0.0,0.0,0.0,419.55,1.59,125.0,100820.0
1990-07-30 19:00:00+00:00,25.8,87.3,0.0,0.0,0.0,421.5,2.07,94.0,100680.0
1990-07-30 20:00:00+00:00,25.58,90.2,0.0,0.0,0.0,424.0,1.52,103.0,100690.0
1990-07-30 21:00:00+00:00,25.24,90.2,0.0,0.0,0.0,422.85,1.03,111.0,100670.0
1990-07-30 22:00:00+00:00,25.18,93.15,0.0,0.0,0.0,423.65,1.17,98.0,100740.0
1990-07-30 23:00:00+00:00,25.14,90.15,0.0,0.0,0.0,425.2,1.45,87.0,100760.0
1990-07-31 00:00:00+00:00,25.23,93.15,78.95,22.86,74.75,424.4,1.17,97.0,100840.0
1990-07-31 01:00:00+00:00,26.07,87.3,191.25,96.77,150.65,427.25,1.03,123.0,100920.0
1990-07-31 02:00:00+00:00,26.9,81.9,362.15,270.06,192.55,424.6,1.79,143.0,100980.0
1990-07-31 03:00:00+00:00,27.88,79.4,472.5,253.9,270.7,428.85,2.34,144.0,100960.0
1990-07-31 04:00:00+00:00,28.74,79.5,591.25,359.71,264.4,440.45,2.28,152.0,100910.0
1990-07-31 05:00:00+00:00,29.81,70.0,373.4,161.17,218.4,432.75,2.55,170.0,100850.0
1990-07-31 06:00:00+00:00,28.13,74.4,290.15,57.45,235.55,442.8,2.21,176.0,100840.0
1990-07-31 07:00:00+00:00,28.43,74.5,290.15,35.92,258.7,434.85,1.79,148.0,100650.0
1990-07-31 08:00:00+00:00,28.6,76.95,315.35,149.43,204.45,430.6,2.21,138.0,100570.0
1990-07-31 09:00:00+00:00,28.95,72.15,234.25,172.97,137.5,427.5,2.48,145.0,100550.0
1990-07-31 10:00:00+00:00,28.92,72.15,66.65,20.17,59.8,423.65,2.28,147.0,100550.0
1990-07-31 11:00:00+00:00,28.27,76.95,5.0,1.53,4.85,423.85,1.24,146.0,100620.0
1990-07-31 12:00:00+00:00,27.55,84.65,0.0,0.0,0.0,423.45,0.76,147.0,100700.0
1990-07-31 13:00:00+00:00,27.1,87.4,0.0,0.0,0.0,427.1,0.62,106.0,100770.0
1990-07-31 14:00:00+00:00,26.55,90.25,0.0,0.0,0.0,426.55,0.97,87.0,100890.0
1990-07-31 15:00:00+00:00,26.23,90.2,0.0,0.0,0.0,426.75,1.03,89.0,100930.0
1990-07-31 16:00:00+00:00,24.06,98.39,0.0,0.0,0.0,414.28,0.25,91.0,100920.0
1990-07-31 17:00:00+00:00,24.48,96.01,0.0,0.0,0.0,415.31,0.48,95.0,100940.0
1990-07-31 18:00:00+00:00,24.91,93.63,0.0,0.0,0.0,416.34,0.7,105.0,100880.0
1990-07-31 19:00:00+00:00,25.33,91.25,0.0,0.0,0.0,417.36,0.93,131.0,100760.0
1990-07-31 20:00:00+00:00,25.75,88.87,0.0,0.0,0.0,418.39,1.15,130.0,100720.0
1990-07-31 21:00:00+00:00,26.18,86.49,0.0,0.0,0.0,419.42,1.38,116.0,100740.0
1990-07-31 22:00:00+00:00,26.6,84.11,0.0,0.0,0.0,420.44,1.61,93.0,100740.0
1990-07-31 23:00:00+00:00,27.02,81.72,0.0,0.0,0.0,421.47,1.83,71.0,100810.0
1990-08-01 00:00:00+00:00,27.45,79.34,94.05,168.01,63.15,422.5,2.06,70.0,100860.0
1990-08-01 01:00:00+00:00,27.87,76.96,337.6,499.65,127.7,423.52,2.28,101.0,100930.0
1990-08-01 02:00:00+00:00,28.29,74.58,510.85,527.03,179.45,424.55,2.51,148.0,100930.0
1990-08-01 03:00:00+00:00,28.71,72.2,627.7,513.44,219.1,425.58,2.73,157.0,100900.0
1990-08-01 04:00:00+00:00,29.14,69.82,759.45,641.27,176.05,426.61,2.96,162.0,100880.0
1990-08-01 05:00:00+00:00,29.56,67.44,807.1,622.53,207.7,427.63,3.18,167.0,100800.0
1990-08-01 06:00:00+00:00,29.98,65.06,446.45,249.98,208.6,428.66,3.41,172.0,100700.0
1990-08-01 07:00:00+00:00,30.41,62.68,502.65,335.51,208.6,429.69,3.63,193.0,100670.0
1990-08-01 08:00:00+00:00,30.01,65.6,288.1,187.8,148.6,432.9,3.1,184.0,100650.0
1990-08-01 09:00:00+00:00,29.61,67.7,228.45,141.94,149.0,437.2,2.69,187.0,100630.0
1990-08-01 10:00:00+00:00,29.2,69.85,77.3,70.95,53.2,425.2,2.55,192.0,100660.0
1990-08-01 11:00:00+00:00,28.59,72.1,5.2,8.2,4.4,427.5,1.45,206.0,100780.0
1990-08-01 12:00:00+00:00,27.56,81.95,0.0,0.0,0.0,422.1,0.9,212.0,100840.0
1990-08-01 13:00:00+00:00,26.91,84.6,0.0,0.0,0.0,418.0,0.97,193.0,100920.0
1990-08-01 14:00:00+00:00,26.54,84.55,0.0,0.0,0.0,416.1,0.97,184.0,100990.0
1990-08-01 15:00:00+00:00,26.4,84.55,0.0,0.0,0.0,413.75,0.83,203.0,101050.0
1990-08-01 16:00:00+00:00,26.46,84.55,0.0,0.0,0.0,426.9,0.69,208.0,101070.0
1990-08-01 17:00:00+00:00,25.98,87.3,0.0,0.0,0.0,421.9,0.76,186.0,101040.0
1990-08-01 18:00:00+00:00,25.7,90.2,0.0,0.0,0.0,417.45,0.69,146.0,100960.0
1990-08-01 19:00:00+00:00,25.24,87.3,0.0,0.0,0.0,412.0,1.52,178.0,100890.0
1990-08-01 20:00:00+00:00,24.94,90.15,0.0,0.0,0.0,413.0,1.52,165.0,100870.0
1990-08-01 21:00:00+00:00,24.97,90.15,0.0,0.0,0.0,426.35,1.31,143.0,100830.0
1990-08-01 22:00:00+00:00,24.73,90.15,0.0,0.0,0.0,415.9,1.24,118.0,100850.0
1990-08-01 23:00:00+00:00,24.46,93.1,0.0,0.0,0.0,410.3,1.38,92.0,100880.0
1990-08-02 00:00:00+00:00,24.73,93.1,173.25,352.65,108.3,405.65,1.17,87.0,100890.0
1990-08-02 01:00:00+00:00,26.93,79.3,358.6,398.77,190.85,410.0,1.52,124.0,100990.0
1990-08-02 02:00:00+00:00,28.27,72.1,549.2,547.45,204.5,411.25,2.07,153.0,101000.0
1990-08-02 03:00:00+00:00,29.41,65.5,728.8,618.13,236.25,414.15,2.41,167.0,100990.0
1990-08-02 04:00:00+00:00,30.59,61.55,737.65,523.78,260.55,421.9,2.62,179.0,100960.0
1990-08-02 05:00:00+00:00,31.3,57.85,704.8,417.38,302.45,427.7,2.76,184.0,100890.0
1990-08-02 06:00:00+00:00,31.65,57.85,616.05,395.84,239.0,432.9,2.69,186.0,100790.0
1990-08-02 07:00:00+00:00,32.55,54.25,663.95,534.98,194.6,433.7,1.72,185.0,100640.0
1990-08-02 08:00:00+00:00,32.92,52.65,464.65,411.19,158.95,427.7,1.59,192.0,100590.0
1990-08-02 09:00:00+00:00,32.65,54.25,286.6,319.79,107.5,429.65,1.86,190.0,100570.0
1990-08-02 10:00:00+00:00,31.8,56.1,123.45,173.12,64.65,428.85,1.66,186.0,100630.0
1990-08-02 11:00:00+00:00,30.85,61.65,8.05,21.6,5.95,423.65,1.52,202.0,100670.0
1990-08-02 12:00:00+00:00,29.23,72.15,0.0,0.0,0.0,419.95,1.52,206.0,100780.0
1990-08-02 13:00:00+00:00,27.99,79.4,0.0,0.0,0.0,418.2,1.31,184.0,100890.0
1990-08-02 14:00:00+00:00,27.63,79.35,0.0,0.0,0.0,417.45,1.1,148.0,100980.0
1990-08-02 15:00:00+00:00,26.89,81.9,0.0,0.0,0.0,417.25,1.24,97.0,101040.0
1990-08-02 16:00:00+00:00,26.29,84.55,0.0,0.0,0.0,414.9,1.52,75.0,101050.0
1990-08-02 17:00:00+00:00,26.15,87.3,0.0,0.0,0.0,418.8,0.97,92.0,101050.0
1990-08-02 18:00:00+00:00,26.34,84.55,0.0,0.0,0.0,414.75,0.76,158.0,100980.0
1990-08-02 19:00:00+00:00,25.89,84.5,0.0,0.0,0.0,419.95,1.93,63.0,100760.0
1990-08-02 20:00:00+00:00,25.42,87.3,0.0,0.0,0.0,413.2,1.59,78.0,100790.0
1990-08-02 21:00:00+00:00,25.48,87.3,0.0,0.0,0.0,413.75,0.69,113.0,100840.0
1990-08-02 22:00:00+00:00,24.78,90.15,0.0,0.0,0.0,418.4,0.76,186.0,100900.0
1990-08-02 23:00:00+00:00,24.51,93.1,0.0,0.0,0.0,420.35,1.03,193.0,100940.0
1990-08-03 00:00:00+00:00,24.53,96.2,70.75,24.66,66.2,424.6,0.55,201.0,101040.0
1990-08-03 01:00:00+00:00,24.78,93.15,167.65,42.49,149.75,424.9,1.03,175.0,101120.0
1990-08-03 02:00:00+00:00,25.14,90.15,213.3,35.21,191.1,419.4,1.24,185.0,101200.0
1990-08-03 03:00:00+00:00,25.41,90.2,259.4,27.95,237.1,424.8,0.48,136.0,101230.0
1990-08-03 04:00:00+00:00,26.17,87.3,269.05,13.49,256.75,429.65,1.03,95.0,101140.0
1990-08-03 05:00:00+00:00,26.8,81.9,282.8,35.75,248.3,425.0,1.03,107.0,101060.0
1990-08-03 06:00:00+00:00,27.3,79.35,605.15,258.02,359.1,427.3,1.52,164.0,100940.0
1990-08-03 07:00:00+00:00,29.74,67.7,271.15,30.63,244.25,433.1,2.14,192.0,100880.0
1990-08-03 08:00:00+00:00,28.38,72.1,64.75,0.0,64.75,435.85,1.52,200.0,100840.0
1990-08-03 09:00:00+00:00,27.44,81.95,78.5,3.66,76.45,433.1,1.45,144.0,100800.0
1990-08-03 10:00:00+00:00,27.16,84.6,49.25,1.33,48.8,425.0,1.79,133.0,100810.0
1990-08-03 11:00:00+00:00,26.7,87.35,3.4,0.0,3.4,419.55,1.52,137.0,100850.0
1990-08-03 12:00:00+00:00,26.2,90.2,0.0,0.0,0.0,419.75,0.41,125.0,100940.0
1990-08-03 13:00:00+00:00,25.73,96.25,0.0,0.0,0.0,419.0,0.55,6.0,101040.0
1990-08-03 14:00:00+00:00,25.3,93.15,0.0,0.0,0.0,417.85,0.83,45.0,101130.0
1990-08-03 15:00:00+00:00,25.01,96.2,0.0,0.0,0.0,415.3,1.03,89.0,101210.0
1990-08-03 16:00:00+00:00,24.77,93.15,0.0,0.0,0.0,414.55,1.31,104.0,101210.0
1990-08-03 17:00:00+00:00,24.45,96.2,0.0,0.0,0.0,412.2,1.31,107.0,101190.0
1990-08-03 18:00:00+00:00,24.43,96.2,0.0,0.0,0.0,416.85,1.24,88.0,101120.0
1990-08-03 19:00:00+00:00,24.63,99.4,0.0,0.0,0.0,422.85,0.97,66.0,101030.0
1990-08-03 20:00:00+00:00,24.45,96.2,0.0,0.0,0.0,416.65,1.17,58.0,100990.0
1990-08-03 21:00:00+00:00,24.45,96.2,0.0,0.0,0.0,421.1,1.24,62.0,100990.0
1990-08-03 22:00:00+00:00,24.24,96.2,0.0,0.0,0.0,410.3,1.45,71.0,101030.0
1990-08-03 23:00:00+00:00,24.2,99.4,0.0,0.0,0.0,407.95,1.38,87.0,101070.0
1990-08-04 00:00:00+00:00,24.51,96.2,169.6,485.62,79.85,408.55,0.69,87.0,101130.0
1990-08-04 01:00:00+00:00,26.63,93.2,331.7,394.25,165.35,409.25,0.76,127.0,101210.0
1990-08-04 02:00:00+00:00,27.82,82.05,495.45,489.53,186.35,415.3,2.21,159.0,101210.0
1990-08-04 03:00:00+00:00,28.84,74.55,721.05,716.35,148.7,424.0,2.9,167.0,101210.0
1990-08-04 04:00:00+00:00,29.8,70.0,751.1,581.47,220.1,424.2,3.24,168.0,101160.0
1990-08-04 05:00:00+00:00,30.42,65.7,688.95,499.69,206.1,425.95,3.31,167.0,101090.0
1990-08-04 06:00:00+00:00,30.76,65.7,621.2,412.51,227.4,431.4,3.24,167.0,100990.0
1990-08-04 07:00:00+00:00,30.03,72.35,430.9,258.63,203.55,431.0,3.38,158.0,100910.0
1990-08-04 08:00:00+00:00,30.25,67.8,381.55,291.68,164.35,428.45,3.1,158.0,100850.0
1990-08-04 09:00:00+00:00,30.1,65.6,260.25,221.45,136.1,424.4,2.9,146.0,100820.0
1990-08-04 10:00:00+00:00,29.83,67.8,103.1,132.11,58.25,424.6,2.34,139.0,100850.0
1990-08-04 11:00:00+00:00,29.15,72.15,7.45,27.51,4.8,423.05,1.66,141.0,100920.0
1990-08-04 12:00:00+00:00,27.95,82.05,0.0,0.0,0.0,416.3,1.1,128.0,101010.0
1990-08-04 13:00:00+00:00,27.18,84.6,0.0,0.0,0.0,415.3,0.76,97.0,101070.0
1990-08-04 14:00:00+00:00,26.43,90.25,0.0,0.0,0.0,418.6,0.97,80.0,101160.0
1990-08-04 15:00:00+00:00,25.93,90.2,0.0,0.0,0.0,416.65,1.24,79.0,101240.0
1990-08-04 16:00:00+00:00,25.63,93.15,0.0,0.0,0.0,416.85,1.38,68.0,101240.0
1990-08-04 17:00:00+00:00,25.25,90.2,0.0,0.0,0.0,412.2,1.38,66.0,101220.0
1990-08-04 18:00:00+00:00,24.95,93.15,0.0,0.0,0.0,413.4,1.17,65.0,101160.0
1990-08-04 19:00:00+00:00,24.53,96.2,0.0,0.0,0.0,412.6,1.17,98.0,101080.0
1990-08-04 20:00:00+00:00,24.26,96.2,0.0,0.0,0.0,406.0,1.24,88.0,101080.0
1990-08-04 21:00:00+00:00,24.16,96.2,0.0,0.0,0.0,405.25,1.52,73.0,101030.0
1990-08-04 22:00:00+00:00,24.12,96.2,0.0,0.0,0.0,408.35,1.52,66.0,101080.0
1990-08-04 23:00:00+00:00,24.04,96.2,0.0,0.0,0.0,410.3,1.52,57.0,101090.0
1990-08-05 00:00:00+00:00,24.41,96.2,216.95,810.23,66.9,403.9,1.24,53.0,101170.0
1990-08-05 01:00:00+00:00,27.2,87.4,430.95,733.5,120.95,404.0,0.97,64.0,101210.0
1990-08-05 02:00:00+00:00,29.1,74.55,564.65,668.06,142.2,414.75,1.72,128.0,101240.0
1990-08-05 03:00:00+00:00,30.11,70.0,711.05,698.55,152.15,420.55,2.28,150.0,101250.0
1990-08-05 04:00:00+00:00,30.98,67.95,802.0,708.41,154.25,431.55,2.21,156.0,101180.0
1990-08-05 05:00:00+00:00,31.7,68.05,815.0,675.23,161.75,433.3,2.14,169.0,101110.0
1990-08-05 06:00:00+00:00,32.09,61.85,563.3,315.27,262.0,433.7,2.83,180.0,100980.0
1990-08-05 07:00:00+00:00,31.34,57.85,529.7,371.24,203.05,439.9,2.0,162.0,100940.0
1990-08-05 08:00:00+00:00,31.19,59.65,466.3,425.05,149.55,427.9,2.69,142.0,100820.0
1990-08-05 09:00:00+00:00,31.21,59.65,306.3,327.36,122.7,425.0,2.28,142.0,100790.0
1990-08-05 10:00:00+00:00,30.84,61.65,147.6,276.85,53.65,418.0,1.72,153.0,100840.0
1990-08-05 11:00:00+00:00,30.17,65.6,7.05,22.96,4.85,419.0,1.31,160.0,100910.0
1990-08-05 12:00:00+00:00,28.57,76.95,0.0,0.0,0.0,407.75,0.97,168.0,100990.0
1990-08-05 13:00:00+00:00,27.77,79.4,0.0,0.0,0.0,412.2,0.9,153.0,101050.0
1990-08-05 14:00:00+00:00,27.33,79.35,0.0,0.0,0.0,405.85,0.83,131.0,101110.0
1990-08-05 15:00:00+00:00,26.78,81.9,0.0,0.0,0.0,405.65,0.9,107.0,101180.0
1990-08-05 16:00:00+00:00,26.43,84.55,0.0,0.0,0.0,408.15,0.9,106.0,101200.0
1990-08-05 17:00:00+00:00,25.59,90.2,0.0,0.0,0.0,408.15,1.1,104.0,101180.0
1990-08-05 18:00:00+00:00,25.41,90.2,0.0,0.0,0.0,411.85,0.9,96.0,101090.0
1990-08-05 19:00:00+00:00,24.59,96.2,0.0,0.0,0.0,413.95,1.31,129.0,101050.0
1990-08-05 20:00:00+00:00,24.46,96.2,0.0,0.0,0.0,429.25,0.62,70.0,101030.0
1990-08-05 21:00:00+00:00,24.27,96.2,0.0,0.0,0.0,416.65,1.1,39.0,101000.0
1990-08-05 22:00:00+00:00,23.98,96.2,0.0,0.0,0.0,409.3,0.97,45.0,101010.0
1990-08-05 23:00:00+00:00,23.8,96.2,0.0,0.0,0.0,408.15,0.76,58.0,101030.0
1990-08-06 00:00:00+00:00,24.34,96.2,176.65,581.32,68.75,406.8,0.48,26.0,101090.0
1990-08-06 01:00:00+00:00,25.72,93.15,382.95,657.25,104.7,412.7,0.48,337.0,101130.0
1990-08-06 02:00:00+00:00,27.14,81.9,531.9,651.96,119.0,411.45,0.14,272.0,101160.0
1990-08-06 03:00:00+00:00,28.32,74.5,669.3,664.75,136.7,415.7,0.83,204.0,101140.0
1990-08-06 04:00:00+00:00,29.33,72.25,715.6,590.02,175.4,420.35,1.45,213.0,101080.0
1990-08-06 05:00:00+00:00,30.02,72.35,812.85,635.97,196.85,424.0,1.86,220.0,101040.0
1990-08-06 06:00:00+00:00,30.44,70.1,749.9,567.1,207.35,434.1,2.34,214.0,100940.0
1990-08-06 07:00:00+00:00,30.92,61.65,648.15,541.73,171.05,426.55,1.93,168.0,100830.0
1990-08-06 08:00:00+00:00,31.32,57.85,515.8,500.25,142.75,422.85,2.14,180.0,100710.0
1990-08-06 09:00:00+00:00,31.25,59.65,336.45,385.72,120.05,421.9,1.52,194.0,100650.0
1990-08-06 10:00:00+00:00,30.91,59.65,137.6,224.67,61.4,420.9,1.24,219.0,100720.0
1990-08-06 11:00:00+00:00,29.94,65.6,6.6,11.02,5.55,413.55,1.17,260.0,100790.0
1990-08-06 12:00:00+00:00,28.45,74.5,0.0,0.0,0.0,406.4,1.31,286.0,100850.0
1990-08-06 13:00:00+00:00,27.1,81.9,0.0,0.0,0.0,402.9,1.31,282.0,100910.0
1990-08-06 14:00:00+00:00,26.42,84.55,0.0,0.0,0.0,399.25,1.03,306.0,100960.0
1990-08-06 15:00:00+00:00,25.78,87.3,0.0,0.0,0.0,399.45,1.1,351.0,101030.0
1990-08-06 16:00:00+00:00,25.03,90.15,0.0,0.0,0.0,394.6,1.24,6.0,101070.0
1990-08-06 17:00:00+00:00,24.55,93.1,0.0,0.0,0.0,393.85,1.24,13.0,101060.0
1990-08-06 18:00:00+00:00,24.2,96.2,0.0,0.0,0.0,392.85,1.17,19.0,100990.0
1990-08-06 19:00:00+00:00,24.32,93.1,0.0,0.0,0.0,404.45,1.66,77.0,100880.0
1990-08-06 20:00:00+00:00,24.06,96.2,0.0,0.0,0.0,400.8,1.38,78.0,100810.0
1990-08-06 21:00:00+00:00,23.68,99.4,0.0,0.0,0.0,395.0,1.24,68.0,100810.0
1990-08-06 22:00:00+00:00,23.45,96.2,0.0,0.0,0.0,394.4,1.17,54.0,100850.0
1990-08-06 23:00:00+00:00,23.51,96.2,0.0,0.0,0.0,393.45,1.24,34.0,100900.0
1990-08-07 00:00:00+00:00,24.58,93.1,217.0,780.34,71.8,396.75,0.76,8.0,100960.0
1990-08-07 01:00:00+00:00,27.18,81.9,382.15,655.24,104.25,403.4,0.69,334.0,100980.0
1990-08-07 02:00:00+00:00,28.34,74.5,610.9,734.96,144.7,411.05,0.34,209.0,100970.0
1990-08-07 03:00:00+00:00,29.67,67.7,653.05,610.52,163.2,416.1,1.45,181.0,100950.0
1990-08-07 04:00:00+00:00,30.3,63.6,745.95,584.5,210.1,425.0,2.28,185.0,100910.0
1990-08-07 05:00:00+00:00,30.76,63.6,709.2,561.94,164.25,423.85,2.62,197.0,100840.0
1990-08-07 06:00:00+00:00,30.48,63.6,708.6,542.74,188.8,429.65,2.9,206.0,100780.0
1990-08-07 07:00:00+00:00,30.84,67.95,597.95,395.3,249.5,435.45,2.9,193.0,100620.0
1990-08-07 08:00:00+00:00,30.9,65.8,461.1,373.15,182.65,423.65,3.03,196.0,100570.0
1990-08-07 09:00:00+00:00,30.4,65.7,237.75,228.45,109.55,424.2,2.34,176.0,100560.0
1990-08-07 10:00:00+00:00,29.9,65.6,85.7,88.37,55.75,427.9,1.17,150.0,100580.0
1990-08-07 11:00:00+00:00,29.31,69.95,5.2,10.04,4.25,427.7,0.21,296.0,100670.0
1990-08-07 12:00:00+00:00,28.25,79.4,0.0,0.0,0.0,418.0,0.9,304.0,100760.0
1990-08-07 13:00:00+00:00,27.24,87.4,0.0,0.0,0.0,412.2,1.17,321.0,100860.0
1990-08-07 14:00:00+00:00,26.52,90.25,0.0,0.0,0.0,410.65,1.17,309.0,100920.0
1990-08-07 15:00:00+00:00,25.8,90.2,0.0,0.0,0.0,408.55,1.03,286.0,101030.0
1990-08-07 16:00:00+00:00,25.33,93.15,0.0,0.0,0.0,413.95,0.9,224.0,101060.0
1990-08-07 17:00:00+00:00,25.27,90.2,0.0,0.0,0.0,409.9,0.48,152.0,101040.0
1990-08-07 18:00:00+00:00,24.82,93.15,0.0,0.0,0.0,413.4,0.76,127.0,100940.0
1990-08-07 19:00:00+00:00,24.58,93.1,0.0,0.0,0.0,401.75,1.1,53.0,100770.0
1990-08-07 20:00:00+00:00,25.27,87.3,0.0,0.0,0.0,405.45,0.55,99.0,100800.0
1990-08-07 21:00:00+00:00,24.73,93.1,0.0,0.0,0.0,408.75,0.69,156.0,100820.0
1990-08-07 22:00:00+00:00,24.37,93.1,0.0,0.0,0.0,414.9,0.76,173.0,100890.0
1990-08-07 23:00:00+00:00,24.3,96.2,0.0,0.0,0.0,419.2,0.55,192.0,100970.0
1990-08-08 00:00:00+00:00,24.55,96.2,146.4,362.33,78.8,421.1,0.14,245.0,101050.0
1990-08-08 01:00:00+00:00,25.19,90.15,250.8,307.23,120.25,417.35,0.34,215.0,101110.0
1990-08-08 02:00:00+00:00,26.14,84.5,420.45,386.87,174.65,413.75,1.03,166.0,101110.0
1990-08-08 03:00:00+00:00,27.34,76.8,544.45,443.36,188.2,425.4,1.72,182.0,101090.0
1990-08-08 04:00:00+00:00,28.09,76.85,491.2,222.06,287.35,427.9,1.72,207.0,101030.0
1990-08-08 05:00:00+00:00,28.71,76.95,639.45,462.96,189.95,431.95,1.72,203.0,100980.0
1990-08-08 06:00:00+00:00,29.62,72.25,613.75,440.58,191.35,428.3,2.21,182.0,100870.0
1990-08-08 07:00:00+00:00,29.82,74.7,461.15,266.2,226.3,428.3,2.21,211.0,100810.0
1990-08-08 08:00:00+00:00,29.78,69.95,438.7,338.83,185.7,435.65,2.0,198.0,100780.0
1990-08-08 09:00:00+00:00,30.01,65.6,289.75,308.59,116.55,419.2,1.59,189.0,100750.0
1990-08-08 10:00:00+00:00,29.69,67.7,98.15,95.23,65.9,422.1,1.72,189.0,100760.0
1990-08-08 11:00:00+00:00,28.79,69.85,6.4,7.98,5.65,418.8,0.83,175.0,100850.0
1990-08-08 12:00:00+00:00,27.79,74.4,0.0,0.0,0.0,410.1,0.55,157.0,100910.0
1990-08-08 13:00:00+00:00,27.54,76.8,0.0,0.0,0.0,412.8,0.28,66.0,100980.0
1990-08-08 14:00:00+00:00,26.13,87.3,0.0,0.0,0.0,405.85,0.97,49.0,101040.0
1990-08-08 15:00:00+00:00,25.42,90.2,0.0,0.0,0.0,404.3,1.03,53.0,101050.0
1990-08-08 16:00:00+00:00,24.95,90.15,0.0,0.0,0.0,402.75,1.03,57.0,101050.0
1990-08-08 17:00:00+00:00,24.61,93.1,0.0,0.0,0.0,401.55,0.97,61.0,101040.0
1990-08-08 18:00:00+00:00,24.23,93.1,0.0,0.0,0.0,399.65,1.03,55.0,101010.0
1990-08-08 19:00:00+00:00,24.72,93.1,0.0,0.0,0.0,412.4,0.48,64.0,100920.0
1990-08-08 20:00:00+00:00,24.0,96.2,0.0,0.0,0.0,402.15,0.97,142.0,100960.0
1990-08-08 21:00:00+00:00,23.79,96.2,0.0,0.0,0.0,404.45,1.24,99.0,100920.0
1990-08-08 22:00:00+00:00,23.61,99.4,0.0,0.0,0.0,403.7,1.1,78.0,100960.0
1990-08-08 23:00:00+00:00,23.27,99.4,0.0,0.0,0.0,398.3,1.03,64.0,101010.0
1990-08-09 00:00:00+00:00,24.14,96.2,211.9,686.49,83.45,407.2,0.62,42.0,101110.0
1990-08-09 01:00:00+00:00,26.67,84.55,409.25,700.05,111.2,404.6,0.28,66.0,101150.0
1990-08-09 02:00:00+00:00,28.22,76.85,593.55,658.78,174.3,415.5,0.76,166.0,101170.0
1990-08-09 03:00:00+00:00,29.43,72.25,622.2,457.49,254.05,418.0,1.52,188.0,101140.0
1990-08-09 04:00:00+00:00,29.68,72.25,732.0,567.02,210.8,427.1,1.79,193.0,101040.0
1990-08-09 05:00:00+00:00,30.44,67.85,676.05,437.26,251.0,429.05,2.34,192.0,100990.0
1990-08-09 06:00:00+00:00,30.7,65.7,832.5,728.03,133.8,436.0,2.28,196.0,100930.0
1990-08-09 07:00:00+00:00,31.18,63.7,485.4,317.84,204.75,432.9,2.55,179.0,100750.0
1990-08-09 08:00:00+00:00,30.35,65.7,449.25,352.23,186.1,433.1,2.0,186.0,100640.0
1990-08-09 09:00:00+00:00,29.73,67.7,243.95,218.5,121.3,428.85,1.66,158.0,100720.0
1990-08-09 10:00:00+00:00,28.21,76.85,85.65,75.96,59.95,425.0,1.17,120.0,100850.0
1990-08-09 11:00:00+00:00,27.38,79.35,4.35,4.29,3.95,420.15,0.48,8.0,100930.0
1990-08-09 12:00:00+00:00,26.65,87.35,0.0,0.0,0.0,418.6,1.45,355.0,100980.0
1990-08-09 13:00:00+00:00,26.07,90.2,0.0,0.0,0.0,418.2,0.9,359.0,101030.0
1990-08-09 14:00:00+00:00,25.67,93.15,0.0,0.0,0.0,418.4,0.62,354.0,101130.0
1990-08-09 15:00:00+00:00,25.15,93.15,0.0,0.0,0.0,420.15,1.03,348.0,101140.0
1990-08-09 16:00:00+00:00,24.53,96.2,0.0,0.0,0.0,419.55,1.38,3.0,101180.0
1990-08-09 17:00:00+00:00,24.37,96.2,0.0,0.0,0.0,421.5,0.55,26.0,101170.0
1990-08-09 18:00:00+00:00,24.23,96.2,0.0,0.0,0.0,419.75,0.41,77.0,101080.0
1990-08-09 19:00:00+00:00,25.34,96.25,0.0,0.0,0.0,443.95,0.76,48.0,100960.0
1990-08-09 20:00:00+00:00,25.02,96.2,0.0,0.0,0.0,433.1,1.1,73.0,101020.0
1990-08-09 21:00:00+00:00,24.81,96.2,0.0,0.0,0.0,429.05,0.9,88.0,101000.0
1990-08-09 22:00:00+00:00,24.67,99.4,0.0,0.0,0.0,421.5,1.03,111.0,100990.0
1990-08-09 23:00:00+00:00,24.43,96.2,0.0,0.0,0.0,411.25,1.24,70.0,101000.0
1990-08-10 00:00:00+00:00,24.28,96.2,164.05,324.47,103.15,403.5,0.83,45.0,101040.0
1990-08-10 01:00:00+00:00,25.59,96.25,395.75,507.36,179.3,403.6,0.34,283.0,101090.0
1990-08-10 02:00:00+00:00,27.08,84.6,483.45,480.16,177.35,405.45,1.24,255.0,101190.0
1990-08-10 03:00:00+00:00,27.8,79.4,676.45,521.08,256.5,414.75,1.1,234.0,101180.0
1990-08-10 04:00:00+00:00,28.79,74.55,697.45,476.68,258.7,417.65,1.45,193.0,101110.0
1990-08-10 05:00:00+00:00,29.41,72.25,798.3,594.78,219.45,417.25,2.07,200.0,101050.0
1990-08-10 06:00:00+00:00,29.75,74.65,715.1,533.58,202.5,419.95,2.41,227.0,101000.0
1990-08-10 07:00:00+00:00,29.79,65.6,742.05,676.54,144.2,417.25,1.66,224.0,100920.0
1990-08-10 08:00:00+00:00,30.07,65.6,482.35,477.2,125.65,413.75,1.86,243.0,100820.0
1990-08-10 09:00:00+00:00,29.71,67.7,341.6,413.75,109.35,414.9,1.86,265.0,100800.0
1990-08-10 10:00:00+00:00,29.33,67.7,108.5,187.31,45.2,407.0,1.86,273.0,100790.0
1990-08-10 11:00:00+00:00,28.36,72.1,7.3,24.86,5.0,410.45,1.52,279.0,100880.0
1990-08-10 12:00:00+00:00,27.25,79.3,0.0,0.0,0.0,403.1,1.66,285.0,100960.0
1990-08-10 13:00:00+00:00,26.27,81.85,0.0,0.0,0.0,396.55,1.45,289.0,101050.0
1990-08-10 14:00:00+00:00,25.35,90.2,0.0,0.0,0.0,393.05,1.1,321.0,101100.0
1990-08-10 15:00:00+00:00,24.84,90.15,0.0,0.0,0.0,395.95,1.17,8.0,101150.0
1990-08-10 16:00:00+00:00,24.36,93.1,0.0,0.0,0.0,394.6,1.17,38.0,101160.0
1990-08-10 17:00:00+00:00,23.91,96.2,0.0,0.0,0.0,394.2,1.17,64.0,101130.0
1990-08-10 18:00:00+00:00,23.59,99.4,0.0,0.0,0.0,395.55,1.17,73.0,101050.0
1990-08-10 19:00:00+00:00,25.52,87.3,0.0,0.0,0.0,407.75,0.28,116.0,101000.0
1990-08-10 20:00:00+00:00,24.44,93.1,0.0,0.0,0.0,416.3,0.34,48.0,100980.0
1990-08-10 21:00:00+00:00,23.84,96.2,0.0,0.0,0.0,419.0,0.69,32.0,100970.0
1990-08-10 22:00:00+00:00,23.8,96.2,0.0,0.0,0.0,418.2,0.76,66.0,100960.0
1990-08-10 23:00:00+00:00,23.73,96.2,0.0,0.0,0.0,416.1,0.76,66.0,100980.0
1990-08-11 00:00:00+00:00,24.15,99.4,169.55,387.4,96.6,407.75,0.55,99.0,100990.0
1990-08-11 01:00:00+00:00,25.9,90.2,362.25,466.52,162.8,410.95,1.1,138.0,101030.0
1990-08-11 02:00:00+00:00,27.18,84.6,502.55,464.53,205.9,414.35,1.59,154.0,101060.0
1990-08-11 03:00:00+00:00,28.26,76.85,620.05,433.32,270.3,419.55,1.72,161.0,101020.0
1990-08-11 04:00:00+00:00,29.17,72.15,743.95,525.52,259.6,422.45,2.0,174.0,100940.0
1990-08-11 05:00:00+00:00,29.73,72.25,794.6,544.62,263.95,425.95,2.21,187.0,100870.0
1990-08-11 06:00:00+00:00,30.35,70.1,779.15,570.22,230.8,427.1,2.55,203.0,100800.0
1990-08-11 07:00:00+00:00,29.26,74.55,526.3,339.79,225.8,428.45,2.69,206.0,100660.0
1990-08-11 08:00:00+00:00,28.56,74.5,251.05,85.51,187.1,425.0,2.07,216.0,100690.0
1990-08-11 09:00:00+00:00,28.29,74.5,211.2,92.46,159.3,425.2,0.97,235.0,100660.0
1990-08-11 10:00:00+00:00,28.23,76.85,90.25,62.52,69.15,417.85,0.07,190.0,100700.0
1990-08-11 11:00:00+00:00,27.82,79.4,5.45,3.82,5.1,419.0,0.41,14.0,100720.0
1990-08-11 12:00:00+00:00,26.98,84.6,0.0,0.0,0.0,416.45,0.97,7.0,100780.0
1990-08-11 13:00:00+00:00,26.13,90.2,0.0,0.0,0.0,408.55,1.31,13.0,100850.0
1990-08-11 14:00:00+00:00,25.5,93.15,0.0,0.0,0.0,406.6,1.24,33.0,100940.0
1990-08-11 15:00:00+00:00,24.96,93.15,0.0,0.0,0.0,403.1,1.24,50.0,101010.0
1990-08-11 16:00:00+00:00,24.54,96.2,0.0,0.0,0.0,400.8,1.45,56.0,101030.0
1990-08-11 17:00:00+00:00,24.23,93.1,0.0,0.0,0.0,401.75,1.38,63.0,101020.0
1990-08-11 18:00:00+00:00,23.93,96.2,0.0,0.0,0.0,399.85,1.17,68.0,100940.0
1990-08-11 19:00:00+00:00,24.18,96.2,0.0,0.0,0.0,408.15,1.45,59.0,100800.0
1990-08-11 20:00:00+00:00,24.13,96.2,0.0,0.0,0.0,415.5,0.97,83.0,100780.0
1990-08-11 21:00:00+00:00,24.08,96.2,0.0,0.0,0.0,422.1,0.76,132.0,100780.0
1990-08-11 22:00:00+00:00,23.79,96.2,0.0,0.0,0.0,416.65,0.69,153.0,100830.0
1990-08-11 23:00:00+00:00,23.61,99.4,0.0,0.0,0.0,418.0,0.14,191.0,100890.0
1990-08-12 00:00:00+00:00,23.9,96.2,90.8,14.29,88.1,421.7,0.41,232.0,100970.0
1990-08-12 01:00:00+00:00,24.35,96.2,282.4,244.48,177.65,425.3,0.41,237.0,101080.0
1990-08-12 02:00:00+00:00,25.39,90.2,377.75,232.28,229.15,418.4,0.9,186.0,101100.0
1990-08-12 03:00:00+00:00,26.31,87.35,547.5,373.46,245.6,419.75,1.1,184.0,101060.0
1990-08-12 04:00:00+00:00,27.41,81.95,619.15,326.2,318.1,417.25,1.24,201.0,100990.0
1990-08-12 05:00:00+00:00,28.3,79.5,654.0,373.91,289.25,425.95,1.59,197.0,100890.0
1990-08-12 06:00:00+00:00,28.77,79.5,474.05,90.43,387.0,429.85,2.0,196.0,100770.0
1990-08-12 07:00:00+00:00,27.4,81.95,374.9,101.69,284.9,425.75,1.72,231.0,100720.0
1990-08-12 08:00:00+00:00,27.72,81.95,326.95,117.09,239.35,422.3,1.17,217.0,100630.0
1990-08-12 09:00:00+00:00,28.12,76.85,194.65,99.43,138.85,421.5,0.69,244.0,100600.0
1990-08-12 10:00:00+00:00,27.99,76.85,89.05,51.48,71.7,416.1,0.62,224.0,100600.0
1990-08-12 11:00:00+00:00,27.76,79.35,4.35,1.65,4.2,422.85,0.41,206.0,100710.0
1990-08-12 12:00:00+00:00,27.04,81.9,0.0,0.0,0.0,413.55,0.28,358.0,100710.0
1990-08-12 13:00:00+00:00,26.49,84.55,0.0,0.0,0.0,409.1,0.07,139.0,100800.0
1990-08-12 14:00:00+00:00,25.95,90.2,0.0,0.0,0.0,409.3,0.34,86.0,100890.0
1990-08-12 15:00:00+00:00,25.02,93.15,0.0,0.0,0.0,403.7,1.24,41.0,100950.0
1990-08-12 16:00:00+00:00,24.42,96.2,0.0,0.0,0.0,402.15,1.24,43.0,100960.0
1990-08-12 17:00:00+00:00,24.02,96.2,0.0,0.0,0.0,399.65,1.24,48.0,100950.0
1990-08-12 18:00:00+00:00,23.59,99.4,0.0,0.0,0.0,398.45,1.17,41.0,100900.0
1990-08-12 19:00:00+00:00,24.09,99.4,0.0,0.0,0.0,411.85,1.38,37.0,100800.0
1990-08-12 20:00:00+00:00,23.98,99.4,0.0,0.0,0.0,418.2,0.83,78.0,100790.0
1990-08-12 21:00:00+00:00,23.76,96.2,0.0,0.0,0.0,410.85,0.55,123.0,100810.0
1990-08-12 22:00:00+00:00,23.75,96.2,0.0,0.0,0.0,415.7,0.62,120.0,100860.0
1990-08-12 23:00:00+00:00,23.81,96.2,0.0,0.0,0.0,419.55,0.76,115.0,100870.0
1990-08-13 00:00:00+00:00,24.19,99.4,119.2,75.66,104.85,426.55,1.24,125.0,100890.0
1990-08-13 01:00:00+00:00,25.37,90.2,292.05,245.09,186.8,426.85,1.72,134.0,100960.0
1990-08-13 02:00:00+00:00,26.49,87.35,422.0,323.69,214.55,420.35,1.24,151.0,101020.0
1990-08-13 03:00:00+00:00,27.27,84.65,595.25,463.05,220.35,424.8,1.24,187.0,100990.0
1990-08-13 04:00:00+00:00,28.7,76.95,650.85,438.41,245.7,430.8,1.66,200.0,100930.0
1990-08-13 05:00:00+00:00,28.96,74.55,686.05,446.65,249.85,428.45,2.28,209.0,100820.0
1990-08-13 06:00:00+00:00,28.77,74.5,505.6,164.45,347.15,430.2,2.41,217.0,100740.0
1990-08-13 07:00:00+00:00,28.42,79.5,374.1,75.31,307.4,436.8,1.86,208.0,100580.0
1990-08-13 08:00:00+00:00,28.22,82.05,216.45,31.53,192.85,427.9,1.45,219.0,100620.0
1990-08-13 09:00:00+00:00,27.07,84.6,153.5,33.24,134.85,435.25,1.38,222.0,100550.0
1990-08-13 10:00:00+00:00,26.68,87.35,60.0,16.79,54.35,428.85,0.83,289.0,100660.0
1990-08-13 11:00:00+00:00,26.01,90.2,2.45,0.0,2.45,430.2,0.97,321.0,100740.0
1990-08-13 12:00:00+00:00,25.53,93.15,0.0,0.0,0.0,433.5,0.48,339.0,100800.0
1990-08-13 13:00:00+00:00,25.23,96.2,0.0,0.0,0.0,428.45,1.03,359.0,100800.0
1990-08-13 14:00:00+00:00,24.97,96.2,0.0,0.0,0.0,418.6,1.17,5.0,100910.0
1990-08-13 15:00:00+00:00,24.71,96.2,0.0,0.0,0.0,414.35,1.1,357.0,100960.0
1990-08-13 16:00:00+00:00,24.46,96.2,0.0,0.0,0.0,422.45,0.62,317.0,101050.0
1990-08-13 17:00:00+00:00,24.28,96.2,0.0,0.0,0.0,420.75,0.55,5.0,101030.0
1990-08-13 18:00:00+00:00,24.1,99.4,0.0,0.0,0.0,419.95,0.97,14.0,100960.0
1990-08-13 19:00:00+00:00,24.32,96.2,0.0,0.0,0.0,425.0,0.76,349.0,100800.0
1990-08-13 20:00:00+00:00,24.19,99.4,0.0,0.0,0.0,428.1,0.48,2.0,100790.0
1990-08-13 21:00:00+00:00,24.08,99.4,0.0,0.0,0.0,425.4,0.48,48.0,100760.0
1990-08-13 22:00:00+00:00,24.03,99.4,0.0,0.0,0.0,421.3,0.69,74.0,100800.0
1990-08-13 23:00:00+00:00,24.15,99.4,0.0,0.0,0.0,429.85,1.03,85.0,100830.0
1990-08-14 00:00:00+00:00,24.31,93.1,106.2,182.26,71.5,426.15,1.24,123.0,100890.0
1990-08-14 01:00:00+00:00,24.77,93.15,72.05,4.99,69.9,417.75,1.38,116.0,100990.0
1990-08-14 02:00:00+00:00,24.91,93.15,43.0,3.74,40.6,427.5,1.1,111.0,101070.0
1990-08-14 03:00:00+00:00,24.92,93.15,61.15,2.1,59.45,430.8,0.76,147.0,101080.0
1990-08-14 04:00:00+00:00,24.98,96.2,86.85,4.27,82.9,432.35,0.9,177.0,101050.0
1990-08-14 05:00:00+00:00,25.21,96.2,180.1,27.15,153.55,430.8,0.76,185.0,100970.0
1990-08-14 06:00:00+00:00,25.67,93.15,275.45,39.46,237.4,428.85,1.03,180.0,100840.0
1990-08-14 07:00:00+00:00,26.33,84.55,296.65,49.08,253.15,430.2,1.79,220.0,100810.0
1990-08-14 08:00:00+00:00,26.29,81.85,201.45,39.27,172.05,427.9,1.79,239.0,100750.0
1990-08-14 09:00:00+00:00,25.62,87.3,168.85,67.66,130.9,419.4,1.79,282.0,100760.0
1990-08-14 10:00:00+00:00,25.62,87.3,68.05,11.91,64.05,414.9,1.31,283.0,100780.0
1990-08-14 11:00:00+00:00,25.3,87.3,3.75,0.0,3.75,414.15,0.69,314.0,100820.0
1990-08-14 12:00:00+00:00,24.67,93.1,0.0,0.0,0.0,412.2,0.62,9.0,100890.0
1990-08-14 13:00:00+00:00,24.09,96.2,0.0,0.0,0.0,407.2,0.9,25.0,100960.0
1990-08-14 14:00:00+00:00,23.76,96.2,0.0,0.0,0.0,409.1,1.1,27.0,101050.0
1990-08-14 15:00:00+00:00,23.36,99.4,0.0,0.0,0.0,404.85,1.17,40.0,101090.0
1990-08-14 16:00:00+00:00,23.04,100.0,0.0,0.0,0.0,409.3,0.97,47.0,101090.0
1990-08-14 17:00:00+00:00,22.72,99.4,0.0,0.0,0.0,403.5,1.03,52.0,101070.0
1990-08-14 18:00:00+00:00,22.52,100.0,0.0,0.0,0.0,411.05,1.03,59.0,101010.0
1990-08-14 19:00:00+00:00,22.64,99.4,0.0,0.0,0.0,403.9,1.24,55.0,100920.0
1990-08-14 20:00:00+00:00,22.62,99.4,0.0,0.0,0.0,407.2,1.1,61.0,100840.0
1990-08-14 21:00:00+00:00,22.09,100.0,0.0,0.0,0.0,400.2,1.1,67.0,100810.0
1990-08-14 22:00:00+00:00,21.73,99.4,0.0,0.0,0.0,404.1,0.9,69.0,100860.0
1990-08-14 23:00:00+00:00,21.44,99.4,0.0,0.0,0.0,404.85,0.9,70.0,100940.0
1990-08-15 00:00:00+00:00,22.36,99.4,185.8,480.5,93.95,408.55,0.83,72.0,101010.0
1990-08-15 01:00:00+00:00,25.14,90.15,446.45,779.78,110.0,410.0,0.69,80.0,101100.0
1990-08-15 02:00:00+00:00,27.4,71.9,545.15,629.9,139.95,400.6,0.14,328.0,101130.0
1990-08-15 03:00:00+00:00,28.3,69.75,768.1,727.19,177.5,415.9,0.62,253.0,101090.0
1990-08-15 04:00:00+00:00,29.23,69.85,639.05,480.35,193.95,413.95,1.03,237.0,101050.0
1990-08-15 05:00:00+00:00,29.42,67.7,789.85,572.06,229.9,421.1,1.31,242.0,100980.0
1990-08-15 06:00:00+00:00,29.86,65.6,640.15,417.98,236.7,427.9,1.66,250.0,100870.0
1990-08-15 07:00:00+00:00,29.64,67.7,510.45,262.07,278.05,434.85,2.48,285.0,100730.0
1990-08-15 08:00:00+00:00,29.26,69.85,339.85,150.97,226.8,432.15,2.14,291.0,100670.0
1990-08-15 09:00:00+00:00,29.25,69.85,156.95,35.04,137.3,424.4,1.1,279.0,100690.0
1990-08-15 10:00:00+00:00,28.91,72.15,57.2,14.17,52.45,425.75,0.62,276.0,100670.0
1990-08-15 11:00:00+00:00,28.19,79.4,3.15,0.0,3.15,417.65,0.41,237.0,100750.0
1990-08-15 12:00:00+00:00,27.36,84.65,0.0,0.0,0.0,419.95,0.83,206.0,100860.0
1990-08-15 13:00:00+00:00,26.84,87.4,0.0,0.0,0.0,423.05,0.55,185.0,100950.0
1990-08-15 14:00:00+00:00,26.55,87.35,0.0,0.0,0.0,422.65,0.55,117.0,101030.0
1990-08-15 15:00:00+00:00,25.79,90.2,0.0,0.0,0.0,419.95,0.9,94.0,101070.0
1990-08-15 16:00:00+00:00,25.38,93.15,0.0,0.0,0.0,415.3,0.97,103.0,101100.0
1990-08-15 17:00:00+00:00,25.05,96.2,0.0,0.0,0.0,416.3,0.9,114.0,101090.0
1990-08-15 18:00:00+00:00,24.57,96.2,0.0,0.0,0.0,415.1,0.83,100.0,101020.0
1990-08-15 19:00:00+00:00,24.4,96.2,0.0,0.0,0.0,423.85,0.69,111.0,100920.0
1990-08-15 20:00:00+00:00,24.3,96.2,0.0,0.0,0.0,422.3,0.69,101.0,100870.0
1990-08-15 21:00:00+00:00,24.51,99.4,0.0,0.0,0.0,427.5,1.45,31.0,100880.0
1990-08-15 22:00:00+00:00,24.23,96.2,0.0,0.0,0.0,424.4,1.52,29.0,100930.0
1990-08-15 23:00:00+00:00,23.99,96.2,0.0,0.0,0.0,418.8,1.31,36.0,100960.0
1990-08-16 00:00:00+00:00,24.28,96.2,114.35,165.4,82.6,423.45,1.1,57.0,101030.0
1990-08-16 01:00:00+00:00,25.41,93.15,169.6,107.16,123.25,422.8,0.76,94.0,101090.0
1990-08-16 02:00:00+00:00,26.15,90.2,329.95,173.62,218.05,425.0,1.03,137.0,101140.0
1990-08-16 03:00:00+00:00,27.1,84.6,401.05,153.11,276.5,421.9,1.38,142.0,101100.0
1990-08-16 04:00:00+00:00,27.96,76.85,534.9,284.64,270.8,432.9,1.72,154.0,101070.0
1990-08-16 05:00:00+00:00,28.44,76.95,649.15,370.03,286.55,427.5,2.14,173.0,101000.0
1990-08-16 06:00:00+00:00,28.91,79.55,561.6,230.0,339.4,429.25,1.86,181.0,100880.0
1990-08-16 07:00:00+00:00,27.43,81.95,312.2,52.74,265.4,442.6,2.21,258.0,100710.0
1990-08-16 08:00:00+00:00,26.83,84.6,132.65,4.94,128.95,428.1,1.59,286.0,100680.0
1990-08-16 09:00:00+00:00,26.26,87.35,63.6,0.89,63.1,424.4,0.97,29.0,100690.0
1990-08-16 10:00:00+00:00,26.14,90.2,26.3,3.59,25.1,426.75,0.83,103.0,100710.0
1990-08-16 11:00:00+00:00,25.97,93.2,1.75,0.0,1.75,426.9,0.69,83.0,100830.0
1990-08-16 12:00:00+00:00,25.79,93.2,0.0,0.0,0.0,428.3,0.62,33.0,100910.0
1990-08-16 13:00:00+00:00,25.37,93.15,0.0,0.0,0.0,419.95,0.83,66.0,100980.0
1990-08-16 14:00:00+00:00,25.04,96.2,0.0,0.0,0.0,422.85,0.97,96.0,101050.0
1990-08-16 15:00:00+00:00,24.54,99.4,0.0,0.0,0.0,414.9,1.03,72.0,101110.0
1990-08-16 16:00:00+00:00,24.39,96.2,0.0,0.0,0.0,420.55,0.97,51.0,101130.0
1990-08-16 17:00:00+00:00,24.06,99.4,0.0,0.0,0.0,411.05,0.9,68.0,101090.0
1990-08-16 18:00:00+00:00,23.96,99.4,0.0,0.0,0.0,418.6,0.76,90.0,101020.0
1990-08-16 19:00:00+00:00,24.75,96.2,0.0,0.0,0.0,434.3,1.24,53.0,100840.0
1990-08-16 20:00:00+00:00,24.51,96.2,0.0,0.0,0.0,420.75,1.24,51.0,100810.0
1990-08-16 21:00:00+00:00,24.15,99.4,0.0,0.0,0.0,414.35,1.03,11.0,100820.0
1990-08-16 22:00:00+00:00,23.84,96.2,0.0,0.0,0.0,412.6,1.17,28.0,100880.0
1990-08-16 23:00:00+00:00,23.72,99.4,0.0,0.0,0.0,412.8,1.45,46.0,100920.0
1990-08-17 00:00:00+00:00,23.9,96.2,189.4,456.69,101.35,408.55,1.24,54.0,100950.0
1990-08-17 01:00:00+00:00,25.56,93.15,405.45,595.46,147.25,408.05,0.83,69.0,100980.0
1990-08-17 02:00:00+00:00,27.24,84.6,633.0,708.17,175.7,406.8,0.55,130.0,101040.0
1990-08-17 03:00:00+00:00,28.52,76.95,687.4,591.72,205.3,417.85,0.97,172.0,101050.0
1990-08-17 04:00:00+00:00,29.23,74.55,589.75,373.97,242.3,420.35,1.38,197.0,100980.0
1990-08-17 05:00:00+00:00,29.59,72.25,626.45,319.53,313.0,438.35,1.79,218.0,100890.0
1990-08-17 06:00:00+00:00,27.6,79.35,270.1,12.46,258.05,435.05,2.07,249.0,100790.0
1990-08-17 07:00:00+00:00,27.3,79.35,363.05,116.75,259.4,435.45,1.72,291.0,100830.0
1990-08-17 08:00:00+00:00,27.51,79.35,355.5,184.9,217.0,425.0,2.34,276.0,100720.0
1990-08-17 09:00:00+00:00,27.44,79.35,227.1,129.88,154.35,421.1,2.48,251.0,100700.0
1990-08-17 10:00:00+00:00,27.04,79.3,82.35,59.89,62.35,419.4,2.41,256.0,100710.0
1990-08-17 11:00:00+00:00,26.38,81.85,4.05,3.5,3.75,419.95,1.59,255.0,100790.0
1990-08-17 12:00:00+00:00,25.8,84.5,0.0,0.0,0.0,416.65,1.03,344.0,100830.0
1990-08-17 13:00:00+00:00,25.25,87.3,0.0,0.0,0.0,417.25,1.45,9.0,100900.0
1990-08-17 14:00:00+00:00,24.92,90.15,0.0,0.0,0.0,414.9,1.45,20.0,100990.0
1990-08-17 15:00:00+00:00,24.59,93.1,0.0,0.0,0.0,413.4,1.38,28.0,101030.0
1990-08-17 16:00:00+00:00,24.22,96.2,0.0,0.0,0.0,407.55,1.52,36.0,101040.0
1990-08-17 17:00:00+00:00,23.84,96.2,0.0,0.0,0.0,402.35,1.45,45.0,101020.0
1990-08-17 18:00:00+00:00,23.54,99.4,0.0,0.0,0.0,403.9,1.17,49.0,100950.0
1990-08-17 19:00:00+00:00,23.54,96.2,0.0,0.0,0.0,395.55,1.1,9.0,100850.0
1990-08-17 20:00:00+00:00,23.33,93.05,0.0,0.0,0.0,393.65,1.03,22.0,100800.0
1990-08-17 21:00:00+00:00,23.13,96.15,0.0,0.0,0.0,395.4,0.97,51.0,100830.0
1990-08-17 22:00:00+00:00,23.28,93.05,0.0,0.0,0.0,405.25,0.69,38.0,100820.0
1990-08-17 23:00:00+00:00,23.17,96.15,0.0,0.0,0.0,408.75,0.9,30.0,100820.0
1990-08-18 00:00:00+00:00,23.54,96.2,184.35,388.28,109.15,400.4,0.97,44.0,100840.0
1990-08-18 01:00:00+00:00,25.73,87.3,382.75,542.52,146.9,398.6,0.69,28.0,100910.0
1990-08-18 02:00:00+00:00,27.24,79.3,429.15,290.8,241.0,411.45,0.69,325.0,100950.0
1990-08-18 03:00:00+00:00,27.88,74.4,515.85,314.5,259.2,422.85,0.69,279.0,100950.0
1990-08-18 04:00:00+00:00,28.47,72.1,411.6,127.48,293.0,422.1,1.1,252.0,100890.0
1990-08-18 05:00:00+00:00,28.56,72.1,546.0,238.84,311.45,435.25,1.45,246.0,100820.0
1990-08-18 06:00:00+00:00,28.92,69.85,575.9,172.52,408.95,434.3,1.45,252.0,100730.0
1990-08-18 07:00:00+00:00,29.3,67.7,450.35,119.39,344.3,426.55,1.45,243.0,100600.0
1990-08-18 08:00:00+00:00,29.32,67.7,347.8,99.58,273.2,434.45,1.31,240.0,100560.0
1990-08-18 09:00:00+00:00,29.23,69.85,223.8,103.79,165.7,436.6,1.52,220.0,100570.0
1990-08-18 10:00:00+00:00,28.8,69.85,68.5,27.46,59.35,426.15,1.45,217.0,100580.0
1990-08-18 11:00:00+00:00,28.05,76.85,3.35,0.0,3.35,423.45,0.97,219.0,100630.0
1990-08-18 12:00:00+00:00,27.2,81.9,0.0,0.0,0.0,419.2,1.17,254.0,100710.0
1990-08-18 13:00:00+00:00,26.4,84.55,0.0,0.0,0.0,418.0,1.38,273.0,100810.0
1990-08-18 14:00:00+00:00,25.93,90.2,0.0,0.0,0.0,422.45,1.17,309.0,100860.0
1990-08-18 15:00:00+00:00,25.4,93.15,0.0,0.0,0.0,414.75,1.1,347.0,100930.0
1990-08-18 16:00:00+00:00,24.99,93.15,0.0,0.0,0.0,413.95,1.1,14.0,100960.0
1990-08-18 17:00:00+00:00,24.77,93.15,0.0,0.0,0.0,418.0,0.97,21.0,100950.0
1990-08-18 18:00:00+00:00,24.44,96.2,0.0,0.0,0.0,411.05,0.9,18.0,100900.0
1990-08-18 19:00:00+00:00,23.88,96.2,0.0,0.0,0.0,414.15,0.9,48.0,100830.0
1990-08-18 20:00:00+00:00,23.81,96.2,0.0,0.0,0.0,415.5,0.76,35.0,100800.0
1990-08-18 21:00:00+00:00,23.59,99.4,0.0,0.0,0.0,408.35,0.76,16.0,100790.0
1990-08-18 22:00:00+00:00,23.68,99.4,0.0,0.0,0.0,416.45,0.55,15.0,100790.0
1990-08-18 23:00:00+00:00,23.85,96.2,0.0,0.0,0.0,417.85,0.34,27.0,100800.0
1990-08-19 00:00:00+00:00,24.16,96.2,163.3,327.62,99.55,415.9,0.28,74.0,100840.0
1990-08-19 01:00:00+00:00,25.53,90.2,396.0,521.14,168.85,409.8,0.28,257.0,100900.0
1990-08-19 02:00:00+00:00,26.82,81.9,516.35,499.32,192.65,407.75,1.1,272.0,100920.0
1990-08-19 03:00:00+00:00,27.94,76.85,664.75,495.87,259.45,417.85,1.1,277.0,100920.0
1990-08-19 04:00:00+00:00,28.91,69.85,740.55,505.83,269.35,417.05,1.31,282.0,100870.0
1990-08-19 05:00:00+00:00,29.51,69.95,766.55,511.2,264.0,422.1,2.07,270.0,100800.0
1990-08-19 06:00:00+00:00,28.76,72.1,468.05,107.49,363.95,426.15,2.76,262.0,100700.0
1990-08-19 07:00:00+00:00,28.42,87.55,432.6,174.42,277.6,433.3,2.07,262.0,100580.0
1990-08-19 08:00:00+00:00,28.43,84.75,240.55,36.98,212.85,433.1,2.14,254.0,100560.0
1990-08-19 09:00:00+00:00,27.51,84.65,109.15,15.55,100.45,437.35,2.14,243.0,100570.0
1990-08-19 10:00:00+00:00,26.87,84.6,76.95,50.7,60.1,429.45,1.66,240.0,100560.0
1990-08-19 11:00:00+00:00,26.6,87.35,4.5,10.18,3.65,425.2,1.38,244.0,100610.0
1990-08-19 12:00:00+00:00,26.03,90.2,0.0,0.0,0.0,420.9,0.69,238.0,100730.0
1990-08-19 13:00:00+00:00,25.48,93.15,0.0,0.0,0.0,412.2,0.14,261.0,100790.0
1990-08-19 14:00:00+00:00,24.88,93.15,0.0,0.0,0.0,407.4,0.28,5.0,100870.0
1990-08-19 15:00:00+00:00,24.6,99.4,0.0,0.0,0.0,422.3,0.55,347.0,100950.0
1990-08-19 16:00:00+00:00,24.57,99.4,0.0,0.0,0.0,425.0,0.55,332.0,100970.0
1990-08-19 17:00:00+00:00,24.41,96.2,0.0,0.0,0.0,428.45,0.48,305.0,100960.0
1990-08-19 18:00:00+00:00,24.17,99.4,0.0,0.0,0.0,428.45,0.62,272.0,100910.0
1990-08-19 19:00:00+00:00,24.4,96.2,0.0,0.0,0.0,414.9,1.17,244.0,100840.0
1990-08-19 20:00:00+00:00,24.1,99.4,0.0,0.0,0.0,414.75,0.62,262.0,100740.0
1990-08-19 21:00:00+00:00,24.06,99.4,0.0,0.0,0.0,421.9,0.69,254.0,100740.0
1990-08-19 22:00:00+00:00,24.11,99.4,0.0,0.0,0.0,426.35,0.9,246.0,100770.0
1990-08-19 23:00:00+00:00,24.03,99.4,0.0,0.0,0.0,425.55,0.69,244.0,100800.0
1990-08-20 00:00:00+00:00,24.25,96.2,163.2,371.05,90.65,428.1,1.1,249.0,100870.0
1990-08-20 01:00:00+00:00,25.08,93.15,350.55,492.52,135.3,423.55,1.31,260.0,100920.0
1990-08-20 02:00:00+00:00,26.36,87.35,500.0,503.63,172.85,416.85,1.72,264.0,100920.0
1990-08-20 03:00:00+00:00,27.37,81.95,666.35,575.76,195.0,415.7,2.55,264.0,100920.0
1990-08-20 04:00:00+00:00,28.08,82.05,727.5,528.65,234.4,423.25,2.62,254.0,100880.0
1990-08-20 05:00:00+00:00,28.69,84.75,724.65,497.56,235.0,422.65,2.76,247.0,100800.0
1990-08-20 06:00:00+00:00,29.0,84.8,659.3,394.72,276.75,427.1,2.83,240.0,100720.0
1990-08-20 07:00:00+00:00,27.94,76.85,575.1,346.05,267.45,424.8,2.62,263.0,100640.0
1990-08-20 08:00:00+00:00,28.47,74.5,461.65,295.16,240.55,417.45,2.41,275.0,100600.0
1990-08-20 09:00:00+00:00,28.65,74.5,277.2,200.21,165.3,415.7,2.07,280.0,100520.0
1990-08-20 10:00:00+00:00,28.3,74.5,92.9,73.61,68.5,415.5,1.52,282.0,100530.0
1990-08-20 11:00:00+00:00,27.67,81.95,4.35,0.0,4.35,413.2,1.31,268.0,100620.0
1990-08-20 12:00:00+00:00,26.59,87.35,0.0,0.0,0.0,410.65,1.52,282.0,100700.0
1990-08-20 13:00:00+00:00,25.85,90.2,0.0,0.0,0.0,406.4,1.17,289.0,100760.0
1990-08-20 14:00:00+00:00,25.32,93.15,0.0,0.0,0.0,404.65,0.48,312.0,100850.0
1990-08-20 15:00:00+00:00,25.15,96.2,0.0,0.0,0.0,402.35,0.21,13.0,100900.0
1990-08-20 16:00:00+00:00,24.84,93.15,0.0,0.0,0.0,401.95,0.34,358.0,100950.0
1990-08-20 17:00:00+00:00,24.37,96.2,0.0,0.0,0.0,410.1,0.28,16.0,100960.0
1990-08-20 18:00:00+00:00,24.15,99.4,0.0,0.0,0.0,409.3,0.28,328.0,100900.0
1990-08-20 19:00:00+00:00,23.86,96.2,0.0,0.0,0.0,402.35,0.83,51.0,100750.0
1990-08-20 20:00:00+00:00,24.2,96.2,0.0,0.0,0.0,400.4,0.41,1.0,100690.0
1990-08-20 21:00:00+00:00,24.24,93.1,0.0,0.0,0.0,391.9,0.34,142.0,100690.0
1990-08-20 22:00:00+00:00,23.55,99.4,0.0,0.0,0.0,395.2,0.83,111.0,100720.0
1990-08-20 23:00:00+00:00,23.18,99.4,0.0,0.0,0.0,401.95,1.24,99.0,100760.0
1990-08-21 00:00:00+00:00,23.79,96.2,174.8,527.22,71.2,401.95,0.9,117.0,100820.0
1990-08-21 01:00:00+00:00,25.63,90.2,339.9,435.73,148.95,405.75,1.86,170.0,100900.0
1990-08-21 02:00:00+00:00,26.48,84.55,360.5,202.11,228.95,416.65,2.41,188.0,100980.0
1990-08-21 03:00:00+00:00,26.62,87.35,384.15,95.43,305.9,424.6,2.55,199.0,101010.0
1990-08-21 04:00:00+00:00,26.6,90.25,246.7,23.4,224.85,428.1,2.14,204.0,101000.0
1990-08-21 05:00:00+00:00,26.2,93.2,352.05,47.31,305.45,430.4,1.52,199.0,100960.0
1990-08-21 06:00:00+00:00,26.75,90.25,442.8,143.73,303.4,431.0,1.45,202.0,100880.0
1990-08-21 07:00:00+00:00,27.08,81.9,190.9,7.08,184.6,426.15,3.1,180.0,100780.0
1990-08-21 08:00:00+00:00,26.15,87.3,210.55,25.9,191.15,426.15,2.41,154.0,100760.0
1990-08-21 09:00:00+00:00,26.06,87.3,161.7,101.09,105.25,418.8,2.07,144.0,100690.0
1990-08-21 10:00:00+00:00,26.13,90.2,82.65,66.86,60.55,415.7,1.59,138.0,100670.0
1990-08-21 11:00:00+00:00,25.97,90.2,2.6,1.24,2.5,420.9,0.97,105.0,100680.0
1990-08-21 12:00:00+00:00,25.39,90.2,0.0,0.0,0.0,420.9,0.97,65.0,100740.0
1990-08-21 13:00:00+00:00,24.92,93.15,0.0,0.0,0.0,419.75,1.17,67.0,100740.0
1990-08-21 14:00:00+00:00,24.57,96.2,0.0,0.0,0.0,411.85,1.45,67.0,100810.0
1990-08-21 15:00:00+00:00,24.32,93.1,0.0,0.0,0.0,409.5,1.52,64.0,100870.0
1990-08-21 16:00:00+00:00,24.23,93.1,0.0,0.0,0.0,414.9,1.45,57.0,100890.0
1990-08-21 17:00:00+00:00,24.02,96.2,0.0,0.0,0.0,413.95,1.31,52.0,100840.0
1990-08-21 18:00:00+00:00,23.79,96.2,0.0,0.0,0.0,413.0,1.24,53.0,100770.0
1990-08-21 19:00:00+00:00,23.33,99.4,0.0,0.0,0.0,408.55,1.24,66.0,100700.0
1990-08-21 20:00:00+00:00,23.01,100.0,0.0,0.0,0.0,395.75,1.31,70.0,100700.0
1990-08-21 21:00:00+00:00,22.83,99.4,0.0,0.0,0.0,408.75,1.24,72.0,100680.0
1990-08-21 22:00:00+00:00,22.61,100.0,0.0,0.0,0.0,412.8,1.1,68.0,100730.0
1990-08-21 23:00:00+00:00,22.49,100.0,0.0,0.0,0.0,414.55,1.24,69.0,100740.0
1990-08-22 00:00:00+00:00,22.96,99.4,206.1,616.44,84.35,414.9,1.24,68.0,100810.0
1990-08-22 01:00:00+00:00,25.36,93.15,355.65,431.68,165.95,414.05,0.76,82.0,100840.0
1990-08-22 02:00:00+00:00,27.16,81.9,627.35,770.54,124.8,420.55,1.1,136.0,100880.0
1990-08-22 03:00:00+00:00,28.73,72.1,737.4,715.77,149.55,411.25,2.14,154.0,100880.0
1990-08-22 04:00:00+00:00,29.38,69.95,758.95,605.14,193.05,419.0,2.41,168.0,100820.0
1990-08-22 05:00:00+00:00,29.85,72.35,867.1,669.48,206.95,422.1,2.28,173.0,100770.0
1990-08-22 06:00:00+00:00,30.58,70.1,478.1,264.08,221.8,428.45,2.48,188.0,100670.0
1990-08-22 07:00:00+00:00,28.94,77.0,343.8,175.41,187.75,438.55,1.93,192.0,100580.0
1990-08-22 08:00:00+00:00,28.37,79.5,389.85,331.36,141.7,434.85,1.72,179.0,100540.0
1990-08-22 09:00:00+00:00,28.74,76.95,253.25,215.91,132.8,425.0,1.52,151.0,100550.0
1990-08-22 10:00:00+00:00,28.64,76.95,98.45,105.89,63.55,420.15,0.9,140.0,100510.0
1990-08-22 11:00:00+00:00,28.15,82.05,3.95,4.4,3.6,415.5,0.55,60.0,100600.0
1990-08-22 12:00:00+00:00,27.09,87.4,0.0,0.0,0.0,412.2,0.83,74.0,100650.0
1990-08-22 13:00:00+00:00,26.2,93.2,0.0,0.0,0.0,415.3,1.24,79.0,100720.0
1990-08-22 14:00:00+00:00,25.58,93.15,0.0,0.0,0.0,410.3,1.31,78.0,100810.0
1990-08-22 15:00:00+00:00,25.05,96.2,0.0,0.0,0.0,404.65,1.31,80.0,100880.0
1990-08-22 16:00:00+00:00,24.61,96.2,0.0,0.0,0.0,405.65,1.17,83.0,100930.0
1990-08-22 17:00:00+00:00,24.35,96.2,0.0,0.0,0.0,406.2,1.38,67.0,100930.0
1990-08-22 18:00:00+00:00,24.14,96.2,0.0,0.0,0.0,407.75,1.31,64.0,100870.0
1990-08-22 19:00:00+00:00,23.03,100.0,0.0,0.0,0.0,412.2,1.72,72.0,100770.0
1990-08-22 20:00:00+00:00,22.99,99.4,0.0,0.0,0.0,410.65,1.66,73.0,100720.0
1990-08-22 21:00:00+00:00,22.88,99.4,0.0,0.0,0.0,405.85,1.72,67.0,100720.0
1990-08-22 22:00:00+00:00,22.77,99.4,0.0,0.0,0.0,416.3,1.59,62.0,100770.0
1990-08-22 23:00:00+00:00,22.54,100.0,0.0,0.0,0.0,410.85,1.31,48.0,100830.0
1990-08-23 00:00:00+00:00,22.84,99.4,166.55,394.63,88.2,414.75,1.03,35.0,100920.0
1990-08-23 01:00:00+00:00,24.78,93.15,398.45,530.09,164.85,418.3,0.55,30.0,101010.0
1990-08-23 02:00:00+00:00,27.16,84.6,627.6,738.45,145.0,427.3,0.07,241.0,101030.0
1990-08-23 03:00:00+00:00,28.46,76.95,815.1,807.76,150.65,412.4,1.52,177.0,100970.0
1990-08-23 04:00:00+00:00,29.5,69.95,873.95,771.15,151.9,413.75,2.48,184.0,100890.0
1990-08-23 05:00:00+00:00,29.89,67.8,834.1,653.99,188.6,417.85,2.69,196.0,100830.0
1990-08-23 06:00:00+00:00,29.95,70.0,656.85,478.85,191.8,422.3,2.55,197.0,100750.0
1990-08-23 07:00:00+00:00,30.02,67.8,589.05,463.59,176.5,426.15,2.83,174.0,100600.0
1990-08-23 08:00:00+00:00,29.75,67.7,514.05,444.22,181.45,425.95,3.1,163.0,100510.0
1990-08-23 09:00:00+00:00,30.0,65.6,276.35,243.69,140.55,425.55,2.48,170.0,100510.0
1990-08-23 10:00:00+00:00,29.58,67.7,96.75,125.39,55.55,423.05,1.45,167.0,100550.0
1990-08-23 11:00:00+00:00,28.74,76.95,4.05,8.95,3.35,415.3,0.62,114.0,100630.0
1990-08-23 12:00:00+00:00,27.79,76.85,0.0,0.0,0.0,422.3,1.1,101.0,100690.0
1990-08-23 13:00:00+00:00,26.61,87.35,0.0,0.0,0.0,409.9,0.97,83.0,100750.0
1990-08-23 14:00:00+00:00,25.96,90.2,0.0,0.0,0.0,406.0,0.83,76.0,100830.0
1990-08-23 15:00:00+00:00,25.34,90.2,0.0,0.0,0.0,408.9,1.1,53.0,100860.0
1990-08-23 16:00:00+00:00,24.73,96.2,0.0,0.0,0.0,403.9,1.38,45.0,100880.0
1990-08-23 17:00:00+00:00,24.22,99.4,0.0,0.0,0.0,404.3,1.17,42.0,100850.0
1990-08-23 18:00:00+00:00,23.65,99.4,0.0,0.0,0.0,412.6,0.9,35.0,100800.0
1990-08-23 19:00:00+00:00,24.0,96.2,0.0,0.0,0.0,397.1,1.24,71.0,100710.0
1990-08-23 20:00:00+00:00,23.95,96.2,0.0,0.0,0.0,400.2,0.97,104.0,100700.0
1990-08-23 21:00:00+00:00,23.96,96.2,0.0,0.0,0.0,412.4,0.69,92.0,100700.0
1990-08-23 22:00:00+00:00,23.61,99.4,0.0,0.0,0.0,404.85,0.97,44.0,100750.0
1990-08-23 23:00:00+00:00,23.13,100.0,0.0,0.0,0.0,413.75,1.1,16.0,100840.0
1990-08-24 00:00:00+00:00,23.67,99.4,165.0,428.85,79.4,412.0,1.17,16.0,100900.0
1990-08-24 01:00:00+00:00,25.44,90.2,355.35,524.97,123.35,416.95,0.83,17.0,100960.0
1990-08-24 02:00:00+00:00,27.03,81.9,583.45,696.94,127.05,410.85,0.28,112.0,100960.0
1990-08-24 03:00:00+00:00,28.49,74.5,776.2,759.69,150.3,417.05,1.59,166.0,100940.0
1990-08-24 04:00:00+00:00,29.53,67.7,820.25,684.64,178.4,422.1,2.07,182.0,100870.0
1990-08-24 05:00:00+00:00,29.81,67.8,801.75,642.96,166.55,430.2,2.34,193.0,100780.0
1990-08-24 06:00:00+00:00,29.98,70.0,641.4,381.36,270.8,424.8,2.41,210.0,100690.0
1990-08-24 07:00:00+00:00,29.32,72.25,565.1,413.83,196.75,437.0,1.66,235.0,100580.0
1990-08-24 08:00:00+00:00,29.56,74.65,416.1,261.92,220.05,431.2,1.17,228.0,100560.0
1990-08-24 09:00:00+00:00,29.42,69.95,229.95,203.1,116.9,426.15,1.24,227.0,100520.0
1990-08-24 10:00:00+00:00,27.96,76.85,108.85,133.73,65.05,418.4,0.48,330.0,100510.0
1990-08-24 11:00:00+00:00,27.47,81.95,4.4,10.41,3.6,408.15,1.17,26.0,100620.0
1990-08-24 12:00:00+00:00,26.52,87.35,0.0,0.0,0.0,408.55,1.1,26.0,100670.0
1990-08-24 13:00:00+00:00,25.79,90.2,0.0,0.0,0.0,408.95,1.03,23.0,100740.0
1990-08-24 14:00:00+00:00,25.29,93.15,0.0,0.0,0.0,406.6,1.17,26.0,100800.0
1990-08-24 15:00:00+00:00,24.9,96.2,0.0,0.0,0.0,405.45,1.03,29.0,100870.0
1990-08-24 16:00:00+00:00,24.44,96.2,0.0,0.0,0.0,405.05,1.24,44.0,100890.0
1990-08-24 17:00:00+00:00,24.34,96.2,0.0,0.0,0.0,410.65,1.31,50.0,100860.0
1990-08-24 18:00:00+00:00,24.25,96.2,0.0,0.0,0.0,413.55,1.17,47.0,100800.0
1990-08-24 19:00:00+00:00,24.18,99.4,0.0,0.0,0.0,412.4,0.83,45.0,100790.0
1990-08-24 20:00:00+00:00,24.23,96.2,0.0,0.0,0.0,420.15,0.9,67.0,100750.0
1990-08-24 21:00:00+00:00,24.02,96.2,0.0,0.0,0.0,415.5,1.31,81.0,100760.0
1990-08-24 22:00:00+00:00,23.91,96.2,0.0,0.0,0.0,415.7,1.31,98.0,100800.0
1990-08-24 23:00:00+00:00,23.65,99.4,0.0,0.0,0.0,416.45,1.24,99.0,100850.0
1990-08-25 00:00:00+00:00,23.79,96.2,173.5,285.01,116.3,415.7,1.1,91.0,100890.0
1990-08-25 01:00:00+00:00,25.35,93.15,426.75,568.36,174.85,415.05,0.83,110.0,100960.0
1990-08-25 02:00:00+00:00,26.97,81.9,593.5,632.27,178.6,408.55,0.9,148.0,101000.0
1990-08-25 03:00:00+00:00,28.1,82.05,699.15,534.54,258.05,413.75,1.17,172.0,100970.0
1990-08-25 04:00:00+00:00,29.02,79.55,641.95,401.22,265.35,417.05,1.66,193.0,100910.0
1990-08-25 05:00:00+00:00,29.28,74.65,563.35,354.51,212.8,429.85,2.34,206.0,100790.0
1990-08-25 06:00:00+00:00,27.92,79.4,709.15,512.74,210.6,425.55,1.38,207.0,100760.0
1990-08-25 07:00:00+00:00,29.64,77.1,690.7,578.31,175.85,430.0,1.86,226.0,100610.0
1990-08-25 08:00:00+00:00,30.22,72.35,422.8,349.89,161.0,415.3,1.66,216.0,100530.0
1990-08-25 09:00:00+00:00,28.8,72.15,246.1,216.31,125.85,420.35,1.31,214.0,100630.0
1990-08-25 10:00:00+00:00,28.39,76.95,73.15,49.78,56.9,418.8,0.97,185.0,100700.0
1990-08-25 11:00:00+00:00,27.4,84.65,2.6,0.0,2.6,417.85,0.28,19.0,100750.0
1990-08-25 12:00:00+00:00,26.67,90.25,0.0,0.0,0.0,416.3,1.03,61.0,100840.0
1990-08-25 13:00:00+00:00,26.05,93.2,0.0,0.0,0.0,413.55,0.83,54.0,100900.0
1990-08-25 14:00:00+00:00,25.5,93.15,0.0,0.0,0.0,409.1,1.17,51.0,100970.0
1990-08-25 15:00:00+00:00,25.03,96.2,0.0,0.0,0.0,405.65,1.1,54.0,101020.0
1990-08-25 16:00:00+00:00,24.71,96.2,0.0,0.0,0.0,408.75,1.03,58.0,101030.0
1990-08-25 17:00:00+00:00,24.62,96.2,0.0,0.0,0.0,410.85,0.69,75.0,100990.0
1990-08-25 18:00:00+00:00,24.41,96.2,0.0,0.0,0.0,404.3,0.69,74.0,100940.0
1990-08-25 19:00:00+00:00,23.55,99.4,0.0,0.0,0.0,411.45,1.1,53.0,100850.0
1990-08-25 20:00:00+00:00,23.68,99.4,0.0,0.0,0.0,418.8,0.83,58.0,100810.0
1990-08-25 21:00:00+00:00,23.68,99.4,0.0,0.0,0.0,417.05,0.76,66.0,100820.0
1990-08-25 22:00:00+00:00,23.6,99.4,0.0,0.0,0.0,418.6,0.55,93.0,100840.0
1990-08-25 23:00:00+00:00,23.59,99.4,0.0,0.0,0.0,408.55,0.48,93.0,100900.0
1990-08-26 00:00:00+00:00,24.26,93.1,108.85,127.59,83.1,413.75,0.07,93.0,100940.0
1990-08-26 01:00:00+00:00,25.32,90.2,246.6,265.02,128.8,417.75,0.62,217.0,101020.0
1990-08-26 02:00:00+00:00,26.28,84.55,399.45,329.4,182.85,417.25,1.66,216.0,101050.0
1990-08-26 03:00:00+00:00,27.08,84.6,357.3,182.1,206.8,422.45,1.72,218.0,101060.0
1990-08-26 04:00:00+00:00,27.09,87.4,600.9,338.38,282.9,430.2,1.24,223.0,101000.0
1990-08-26 05:00:00+00:00,28.0,87.5,750.05,480.14,274.85,427.3,1.17,232.0,100850.0
1990-08-26 06:00:00+00:00,28.97,82.15,292.45,60.7,233.4,431.0,1.59,236.0,100760.0
1990-08-26 07:00:00+00:00,27.38,84.65,401.4,119.5,295.0,433.5,0.69,283.0,100690.0
1990-08-26 08:00:00+00:00,28.18,82.05,349.1,101.88,272.9,426.75,1.03,336.0,100670.0
1990-08-26 09:00:00+00:00,28.47,76.95,213.65,78.08,170.3,421.5,1.24,306.0,100630.0
1990-08-26 10:00:00+00:00,28.02,76.85,72.4,9.99,69.15,419.55,1.1,282.0,100670.0
1990-08-26 11:00:00+00:00,27.21,84.6,2.7,2.03,2.55,419.2,0.55,247.0,100750.0
1990-08-26 12:00:00+00:00,26.51,87.35,0.0,0.0,0.0,411.25,1.1,293.0,100810.0
1990-08-26 13:00:00+00:00,25.9,90.2,0.0,0.0,0.0,409.7,0.97,317.0,100920.0
1990-08-26 14:00:00+00:00,25.29,90.2,0.0,0.0,0.0,406.0,1.17,338.0,100960.0
1990-08-26 15:00:00+00:00,24.92,93.15,0.0,0.0,0.0,408.9,1.1,359.0,101010.0
1990-08-26 16:00:00+00:00,24.58,96.2,0.0,0.0,0.0,406.2,0.9,20.0,101000.0
1990-08-26 17:00:00+00:00,24.32,96.2,0.0,0.0,0.0,408.35,0.83,33.0,100980.0
1990-08-26 18:00:00+00:00,24.0,96.2,0.0,0.0,0.0,415.3,0.9,24.0,100900.0
1990-08-26 19:00:00+00:00,24.59,99.4,0.0,0.0,0.0,426.15,1.38,353.0,100760.0
1990-08-26 20:00:00+00:00,24.19,99.4,0.0,0.0,0.0,417.65,0.55,329.0,100810.0
1990-08-26 21:00:00+00:00,24.13,99.4,0.0,0.0,0.0,422.1,0.34,42.0,100800.0
1990-08-26 22:00:00+00:00,23.89,99.4,0.0,0.0,0.0,416.45,0.76,60.0,100830.0
1990-08-26 23:00:00+00:00,23.82,99.4,0.0,0.0,0.0,417.65,0.9,77.0,100850.0
1990-08-27 00:00:00+00:00,24.17,99.4,142.25,160.63,109.65,424.6,0.9,72.0,100890.0
1990-08-27 01:00:00+00:00,25.33,93.15,324.6,289.82,195.4,425.85,0.76,86.0,100940.0
1990-08-27 02:00:00+00:00,26.83,84.6,524.1,449.0,228.25,422.65,0.34,153.0,100960.0
1990-08-27 03:00:00+00:00,28.18,76.85,710.15,563.13,244.0,420.9,0.97,232.0,100960.0
1990-08-27 04:00:00+00:00,29.11,72.15,786.5,627.49,196.1,420.55,1.66,238.0,100860.0
1990-08-27 05:00:00+00:00,29.61,72.25,874.6,671.1,209.85,427.1,1.66,234.0,100780.0
1990-08-27 06:00:00+00:00,30.08,77.15,608.9,363.39,255.2,424.8,2.21,236.0,100670.0
1990-08-27 07:00:00+00:00,29.73,72.25,401.3,104.44,308.3,432.75,1.93,240.0,100560.0
1990-08-27 08:00:00+00:00,29.53,74.65,280.3,53.77,240.1,426.9,1.31,239.0,100550.0
1990-08-27 09:00:00+00:00,29.26,74.55,136.95,11.54,130.55,425.75,1.1,278.0,100500.0
1990-08-27 10:00:00+00:00,28.59,76.95,60.7,0.77,60.45,427.9,1.1,294.0,100530.0
1990-08-27 11:00:00+00:00,28.07,82.05,1.95,0.0,1.95,422.85,0.76,308.0,100580.0
1990-08-27 12:00:00+00:00,27.24,87.4,0.0,0.0,0.0,420.35,0.83,313.0,100680.0
1990-08-27 13:00:00+00:00,26.52,90.25,0.0,0.0,0.0,416.45,1.38,324.0,100760.0
1990-08-27 14:00:00+00:00,25.99,93.2,0.0,0.0,0.0,417.05,1.1,351.0,100840.0
1990-08-27 15:00:00+00:00,25.52,93.15,0.0,0.0,0.0,411.45,0.97,29.0,100890.0
1990-08-27 16:00:00+00:00,24.95,96.2,0.0,0.0,0.0,405.45,1.38,49.0,100890.0
1990-08-27 17:00:00+00:00,24.58,96.2,0.0,0.0,0.0,407.0,1.17,66.0,100860.0
1990-08-27 18:00:00+00:00,24.14,99.4,0.0,0.0,0.0,403.5,1.17,71.0,100770.0
1990-08-27 19:00:00+00:00,24.4,96.2,0.0,0.0,0.0,425.55,1.45,26.0,100690.0
1990-08-27 20:00:00+00:00,24.23,96.2,0.0,0.0,0.0,423.65,1.31,58.0,100610.0
1990-08-27 21:00:00+00:00,23.96,96.2,0.0,0.0,0.0,409.9,1.17,91.0,100620.0
1990-08-27 22:00:00+00:00,23.73,96.2,0.0,0.0,0.0,406.0,1.17,91.0,100700.0
1990-08-27 23:00:00+00:00,23.69,99.4,0.0,0.0,0.0,415.7,1.17,73.0,100720.0
1990-08-28 00:00:00+00:00,24.13,96.2,184.25,348.56,113.1,412.4,0.97,73.0,100760.0
1990-08-28 01:00:00+00:00,25.87,90.2,433.45,696.02,122.25,411.75,0.34,72.0,100820.0
1990-08-28 02:00:00+00:00,27.55,81.95,489.85,505.33,156.2,406.6,1.1,287.0,100840.0
1990-08-28 03:00:00+00:00,28.42,76.95,718.75,612.56,210.9,418.0,1.79,285.0,100820.0
1990-08-28 04:00:00+00:00,29.56,69.95,796.95,655.8,179.2,421.3,2.07,281.0,100780.0
1990-08-28 05:00:00+00:00,30.2,67.8,866.45,680.59,191.75,422.65,2.41,276.0,100690.0
1990-08-28 06:00:00+00:00,30.44,70.1,391.45,106.75,287.5,429.05,2.76,263.0,100620.0
1990-08-28 07:00:00+00:00,27.28,81.95,270.2,72.37,205.75,426.75,2.28,232.0,100610.0
1990-08-28 08:00:00+00:00,26.49,84.55,169.05,15.99,157.1,425.0,1.45,254.0,100640.0
1990-08-28 09:00:00+00:00,26.42,84.55,126.15,5.87,122.9,426.9,1.03,285.0,100540.0
1990-08-28 10:00:00+00:00,26.57,87.35,58.5,6.04,56.55,421.9,1.66,293.0,100600.0
1990-08-28 11:00:00+00:00,26.33,87.35,2.35,0.0,2.35,425.55,0.9,299.0,100680.0
1990-08-28 12:00:00+00:00,25.96,90.2,0.0,0.0,0.0,425.55,0.62,284.0,100750.0
1990-08-28 13:00:00+00:00,25.64,93.15,0.0,0.0,0.0,421.1,0.0,297.0,100790.0
1990-08-28 14:00:00+00:00,25.15,96.2,0.0,0.0,0.0,412.6,0.41,70.0,100840.0
1990-08-28 15:00:00+00:00,24.64,99.4,0.0,0.0,0.0,410.45,0.69,54.0,100890.0
1990-08-28 16:00:00+00:00,24.27,96.2,0.0,0.0,0.0,410.1,0.69,48.0,100900.0
1990-08-28 17:00:00+00:00,24.01,99.4,0.0,0.0,0.0,413.4,0.62,35.0,100870.0
1990-08-28 18:00:00+00:00,23.85,99.4,0.0,0.0,0.0,409.7,0.9,27.0,100840.0
1990-08-28 19:00:00+00:00,23.97,96.2,0.0,0.0,0.0,419.2,0.41,19.0,100740.0
1990-08-28 20:00:00+00:00,24.21,99.4,0.0,0.0,0.0,426.9,0.62,11.0,100680.0
1990-08-28 21:00:00+00:00,23.87,96.2,0.0,0.0,0.0,412.2,0.76,26.0,100640.0
1990-08-28 22:00:00+00:00,23.56,99.4,0.0,0.0,0.0,410.3,0.62,41.0,100670.0
1990-08-28 23:00:00+00:00,23.17,100.0,0.0,0.0,0.0,411.05,0.62,66.0,100680.0
1990-08-29 00:00:00+00:00,23.89,96.2,177.85,316.84,112.8,414.35,0.55,72.0,100730.0
1990-08-29 01:00:00+00:00,25.8,90.2,401.35,579.57,141.45,420.25,0.0,100.0,100780.0
1990-08-29 02:00:00+00:00,27.32,81.95,609.15,640.25,185.55,422.45,1.03,257.0,100820.0
1990-08-29 03:00:00+00:00,28.35,79.5,705.6,601.39,206.25,419.75,1.79,228.0,100830.0
1990-08-29 04:00:00+00:00,29.07,79.55,701.55,456.66,270.9,430.0,2.41,230.0,100780.0
1990-08-29 05:00:00+00:00,28.66,84.75,549.35,301.83,249.9,432.35,2.76,227.0,100720.0
1990-08-29 06:00:00+00:00,28.56,82.1,724.1,537.67,200.3,426.55,1.93,223.0,100590.0
1990-08-29 07:00:00+00:00,29.45,69.95,528.8,328.75,236.05,429.65,2.62,254.0,100430.0
1990-08-29 08:00:00+00:00,28.02,79.4,278.4,166.73,153.9,424.4,2.07,232.0,100450.0
1990-08-29 09:00:00+00:00,27.76,79.4,140.15,50.21,112.4,427.9,0.21,215.0,100500.0
1990-08-29 10:00:00+00:00,26.97,81.9,67.85,60.95,48.25,434.3,0.83,227.0,100550.0
1990-08-29 11:00:00+00:00,26.1,90.2,1.75,1.45,1.65,426.15,0.83,287.0,100670.0
1990-08-29 12:00:00+00:00,25.53,93.15,0.0,0.0,0.0,422.65,0.21,336.0,100730.0
1990-08-29 13:00:00+00:00,25.19,96.2,0.0,0.0,0.0,419.55,0.48,118.0,100820.0
1990-08-29 14:00:00+00:00,24.84,96.2,0.0,0.0,0.0,417.05,0.69,80.0,100880.0
1990-08-29 15:00:00+00:00,24.68,99.4,0.0,0.0,0.0,417.05,0.76,95.0,100910.0
1990-08-29 16:00:00+00:00,24.6,96.2,0.0,0.0,0.0,419.4,0.83,79.0,100910.0
1990-08-29 17:00:00+00:00,24.46,96.2,0.0,0.0,0.0,419.75,0.83,50.0,100890.0
1990-08-29 18:00:00+00:00,24.18,99.4,0.0,0.0,0.0,412.8,0.9,40.0,100870.0
1990-08-29 19:00:00+00:00,25.0,96.2,0.0,0.0,0.0,435.05,1.52,148.0,100780.0
1990-08-29 20:00:00+00:00,24.83,96.2,0.0,0.0,0.0,432.15,1.1,137.0,100760.0
1990-08-29 21:00:00+00:00,24.7,99.4,0.0,0.0,0.0,430.2,0.97,114.0,100770.0
1990-08-29 22:00:00+00:00,24.61,99.4,0.0,0.0,0.0,428.1,1.24,102.0,100780.0
1990-08-29 23:00:00+00:00,24.66,96.2,0.0,0.0,0.0,426.75,1.17,101.0,100760.0
1990-08-30 00:00:00+00:00,24.64,96.2,121.55,227.58,74.55,419.0,0.83,82.0,100800.0
1990-08-30 01:00:00+00:00,25.65,90.2,126.0,22.46,115.9,408.05,0.76,63.0,100930.0
1990-08-30 02:00:00+00:00,25.86,87.3,238.45,131.08,151.55,414.75,0.83,52.0,101000.0
1990-08-30 03:00:00+00:00,26.19,84.5,386.45,167.33,247.3,416.65,0.9,31.0,101020.0
1990-08-30 04:00:00+00:00,26.6,81.85,612.55,230.17,395.25,413.95,0.97,15.0,100960.0
1990-08-30 05:00:00+00:00,27.45,74.3,401.65,135.06,267.55,411.05,0.97,358.0,100870.0
1990-08-30 06:00:00+00:00,27.41,74.3,165.55,0.0,165.55,419.2,1.03,356.0,100780.0
1990-08-30 07:00:00+00:00,27.71,87.45,312.4,85.35,236.4,428.85,0.83,70.0,100640.0
1990-08-30 08:00:00+00:00,28.3,79.5,290.65,49.78,253.5,422.3,0.83,105.0,100560.0
1990-08-30 09:00:00+00:00,28.48,76.95,193.95,80.02,149.8,416.85,0.76,136.0,100550.0
1990-08-30 10:00:00+00:00,28.4,76.95,82.75,119.29,44.55,416.65,0.55,157.0,100540.0
1990-08-30 11:00:00+00:00,27.77,82.05,2.7,2.22,2.55,416.65,0.48,323.0,100600.0
1990-08-30 12:00:00+00:00,26.71,90.25,0.0,0.0,0.0,406.0,1.1,327.0,100740.0
1990-08-30 13:00:00+00:00,25.7,93.15,0.0,0.0,0.0,404.45,1.31,7.0,100810.0
1990-08-30 14:00:00+00:00,24.85,93.15,0.0,0.0,0.0,399.45,1.24,22.0,100900.0
1990-08-30 15:00:00+00:00,24.21,99.4,0.0,0.0,0.0,395.55,1.24,38.0,100930.0
1990-08-30 16:00:00+00:00,23.69,99.4,0.0,0.0,0.0,397.3,1.38,56.0,100950.0
1990-08-30 17:00:00+00:00,23.03,100.0,0.0,0.0,0.0,398.85,1.31,63.0,100910.0
1990-08-30 18:00:00+00:00,22.63,100.0,0.0,0.0,0.0,406.8,1.17,64.0,100870.0
1990-08-30 19:00:00+00:00,24.78,90.15,0.0,0.0,0.0,410.45,0.9,203.0,100800.0
1990-08-30 20:00:00+00:00,24.5,96.2,0.0,0.0,0.0,416.1,0.9,176.0,100750.0
1990-08-30 21:00:00+00:00,24.21,96.2,0.0,0.0,0.0,406.0,0.9,144.0,100750.0
1990-08-30 22:00:00+00:00,23.79,96.2,0.0,0.0,0.0,403.9,0.97,120.0,100770.0
1990-08-30 23:00:00+00:00,23.61,99.4,0.0,0.0,0.0,412.6,1.1,114.0,100780.0
1990-08-31 00:00:00+00:00,24.36,96.2,209.9,461.37,114.05,409.9,1.1,109.0,100840.0
1990-08-31 01:00:00+00:00,26.16,90.2,380.85,421.28,190.8,419.85,1.1,123.0,100920.0
1990-08-31 02:00:00+00:00,27.14,84.6,492.8,404.17,224.3,421.3,1.1,182.0,100950.0
1990-08-31 03:00:00+00:00,28.11,82.05,544.6,407.89,204.9,425.75,1.52,203.0,100960.0
1990-08-31 04:00:00+00:00,28.67,84.75,623.2,341.97,300.0,430.4,1.72,207.0,100900.0
1990-08-31 05:00:00+00:00,29.23,82.15,747.85,453.81,296.95,437.55,2.07,212.0,100820.0
1990-08-31 06:00:00+00:00,29.49,79.6,530.75,185.15,350.25,425.4,2.14,213.0,100720.0
1990-08-31 07:00:00+00:00,29.39,72.25,495.05,223.57,296.0,434.3,1.86,196.0,100670.0
1990-08-31 08:00:00+00:00,29.64,72.25,361.25,148.26,250.7,430.2,3.1,194.0,100580.0
1990-08-31 09:00:00+00:00,29.3,69.95,146.0,38.95,124.55,423.85,2.9,191.0,100590.0
1990-08-31 10:00:00+00:00,28.59,76.95,52.0,10.82,48.55,426.75,1.86,184.0,100540.0
1990-08-31 11:00:00+00:00,27.88,79.4,2.2,0.76,2.15,419.75,1.24,174.0,100650.0
1990-08-31 12:00:00+00:00,27.04,87.4,0.0,0.0,0.0,417.25,0.76,180.0,100750.0
1990-08-31 13:00:00+00:00,26.55,87.35,0.0,0.0,0.0,417.05,0.48,174.0,100840.0
1990-08-31 14:00:00+00:00,26.47,87.35,0.0,0.0,0.0,418.4,0.21,198.0,100950.0
1990-08-31 15:00:00+00:00,26.05,90.2,0.0,0.0,0.0,420.15,0.55,65.0,101010.0
1990-08-31 16:00:00+00:00,23.31,99.0,0.0,0.0,0.0,409.09,0.83,71.0,101010.0
1990-08-31 17:00:00+00:00,23.62,99.8,0.0,0.0,0.0,410.14,0.86,65.0,100970.0
1990-08-31 18:00:00+00:00,23.93,98.42,0.0,0.0,0.0,411.18,0.9,52.0,100910.0
1990-08-31 19:00:00+00:00,24.24,97.03,0.0,0.0,0.0,412.22,0.94,270.0,100880.0
1990-08-31 20:00:00+00:00,24.55,95.65,0.0,0.0,0.0,413.27,0.97,69.0,100810.0
1990-08-31 21:00:00+00:00,24.86,94.26,0.0,0.0,0.0,414.31,1.01,66.0,100800.0
1990-08-31 22:00:00+00:00,25.17,92.88,0.0,0.0,0.0,415.35,1.05,52.0,100780.0
1990-08-31 23:00:00+00:00,25.48,91.5,0.0,0.0,0.0,416.39,1.08,56.0,100800.0
1990-09-01 00:00:00+00:00,25.79,90.11,167.25,329.19,98.45,417.44,1.12,79.0,100780.0
1990-09-01 01:00:00+00:00,26.1,88.73,415.65,611.85,138.8,418.48,1.16,155.0,100830.0
1990-09-01 02:00:00+00:00,26.41,87.34,531.4,549.97,165.3,419.52,1.2,213.0,100910.0
1990-09-01 03:00:00+00:00,26.72,85.96,639.25,500.82,221.55,420.57,1.23,229.0,100880.0
1990-09-01 04:00:00+00:00,27.03,84.57,435.45,213.77,233.2,421.61,1.27,232.0,100830.0
1990-09-01 05:00:00+00:00,27.34,83.19,515.55,337.54,179.95,422.65,1.31,223.0,100740.0
1990-09-01 06:00:00+00:00,27.65,81.81,658.85,464.89,205.5,423.69,1.34,214.0,100650.0
1990-09-01 07:00:00+00:00,27.96,80.42,602.25,439.23,211.25,424.74,1.38,238.0,100580.0
1990-09-01 08:00:00+00:00,28.67,74.5,465.7,364.73,193.95,416.1,1.24,245.0,100430.0
1990-09-01 09:00:00+00:00,28.69,74.5,254.85,273.68,104.4,419.2,1.31,253.0,100440.0
1990-09-01 10:00:00+00:00,27.69,74.4,89.7,110.4,54.65,420.15,1.52,276.0,100470.0
1990-09-01 11:00:00+00:00,26.55,79.3,1.9,1.56,1.8,413.0,1.24,329.0,100600.0
1990-09-01 12:00:00+00:00,25.82,84.5,0.0,0.0,0.0,419.2,0.62,345.0,100680.0
1990-09-01 13:00:00+00:00,25.29,90.2,0.0,0.0,0.0,409.5,0.62,49.0,100760.0
1990-09-01 14:00:00+00:00,24.87,90.15,0.0,0.0,0.0,408.15,0.97,68.0,100840.0
1990-09-01 15:00:00+00:00,24.52,90.15,0.0,0.0,0.0,406.6,1.31,71.0,100880.0
1990-09-01 16:00:00+00:00,24.09,93.1,0.0,0.0,0.0,399.65,1.31,60.0,100920.0
1990-09-01 17:00:00+00:00,23.81,96.2,0.0,0.0,0.0,402.75,0.9,59.0,100900.0
1990-09-01 18:00:00+00:00,23.77,93.1,0.0,0.0,0.0,402.75,0.69,84.0,100850.0
1990-09-01 19:00:00+00:00,24.11,90.1,0.0,0.0,0.0,408.9,0.97,43.0,100680.0
1990-09-01 20:00:00+00:00,23.91,93.1,0.0,0.0,0.0,407.75,1.03,99.0,100660.0
1990-09-01 21:00:00+00:00,23.67,93.1,0.0,0.0,0.0,406.4,0.97,97.0,100690.0
1990-09-01 22:00:00+00:00,23.57,93.1,0.0,0.0,0.0,408.9,0.9,96.0,100710.0
1990-09-01 23:00:00+00:00,23.38,96.2,0.0,0.0,0.0,404.3,0.97,112.0,100790.0
1990-09-02 00:00:00+00:00,23.98,96.2,179.9,452.78,84.7,403.5,0.83,117.0,100840.0
1990-09-02 01:00:00+00:00,25.52,87.3,340.55,405.54,156.5,410.8,1.03,153.0,100920.0
1990-09-02 02:00:00+00:00,26.48,81.85,496.25,488.0,170.75,420.35,1.03,207.0,100960.0
1990-09-02 03:00:00+00:00,27.33,76.8,536.05,361.93,233.75,417.05,1.79,232.0,100950.0
1990-09-02 04:00:00+00:00,27.61,76.85,675.9,382.33,313.8,424.0,2.21,236.0,100900.0
1990-09-02 05:00:00+00:00,28.24,82.05,377.85,169.82,208.9,430.6,2.69,236.0,100780.0
1990-09-02 06:00:00+00:00,26.94,84.6,684.35,410.54,283.9,435.85,1.79,232.0,100750.0
1990-09-02 07:00:00+00:00,27.93,72.0,510.95,343.54,205.2,424.8,2.9,271.0,100700.0
1990-09-02 08:00:00+00:00,28.15,72.0,415.7,279.34,207.75,420.15,3.1,265.0,100650.0
1990-09-02 09:00:00+00:00,28.13,72.0,220.45,147.54,139.5,411.85,3.03,268.0,100600.0
1990-09-02 10:00:00+00:00,27.59,72.0,80.8,57.11,62.75,418.6,2.41,276.0,100610.0
1990-09-02 11:00:00+00:00,26.8,79.3,2.4,1.6,2.3,412.6,1.72,270.0,100670.0
1990-09-02 12:00:00+00:00,25.92,84.5,0.0,0.0,0.0,405.05,1.1,273.0,100760.0
1990-09-02 13:00:00+00:00,25.42,87.3,0.0,0.0,0.0,408.15,0.62,301.0,100850.0
1990-09-02 14:00:00+00:00,24.75,90.15,0.0,0.0,0.0,401.2,1.03,347.0,100880.0
1990-09-02 15:00:00+00:00,24.3,93.1,0.0,0.0,0.0,399.25,0.9,354.0,100890.0
1990-09-02 16:00:00+00:00,23.99,96.2,0.0,0.0,0.0,397.7,0.83,11.0,100920.0
1990-09-02 17:00:00+00:00,23.67,93.1,0.0,0.0,0.0,398.45,0.83,41.0,100880.0
1990-09-02 18:00:00+00:00,23.23,96.2,0.0,0.0,0.0,400.6,0.9,57.0,100830.0
1990-09-02 19:00:00+00:00,24.38,93.1,0.0,0.0,0.0,412.2,0.55,27.0,100750.0
1990-09-02 20:00:00+00:00,24.27,90.1,0.0,0.0,0.0,402.9,0.34,42.0,100700.0
1990-09-02 21:00:00+00:00,24.01,90.1,0.0,0.0,0.0,409.1,0.34,12.0,100730.0
1990-09-02 22:00:00+00:00,23.77,93.1,0.0,0.0,0.0,409.9,0.34,48.0,100730.0
1990-09-02 23:00:00+00:00,23.4,96.2,0.0,0.0,0.0,405.65,0.55,95.0,100790.0
1990-09-03 00:00:00+00:00,23.8,93.1,174.35,361.88,97.8,405.05,0.34,115.0,100830.0
1990-09-03 01:00:00+00:00,25.78,81.8,281.4,229.13,177.1,411.55,0.41,175.0,100880.0
1990-09-03 02:00:00+00:00,26.7,76.7,490.45,380.35,236.25,416.45,0.69,222.0,100910.0
1990-09-03 03:00:00+00:00,27.75,72.0,497.5,270.08,271.6,416.85,1.1,231.0,100920.0
1990-09-03 04:00:00+00:00,28.14,72.0,619.15,347.89,289.35,425.95,1.38,223.0,100890.0
1990-09-03 05:00:00+00:00,28.71,72.1,733.55,425.92,309.55,423.05,1.86,223.0,100820.0
1990-09-03 06:00:00+00:00,28.84,74.5,838.1,665.63,188.7,424.6,2.21,229.0,100720.0
1990-09-03 07:00:00+00:00,30.38,63.5,682.9,568.19,177.35,423.85,2.41,222.0,100570.0
1990-09-03 08:00:00+00:00,29.73,65.5,401.65,330.62,155.75,417.45,2.48,215.0,100480.0
1990-09-03 09:00:00+00:00,29.71,65.5,209.4,189.11,105.85,422.1,1.86,215.0,100510.0
1990-09-03 10:00:00+00:00,29.17,69.85,100.1,121.76,61.8,415.7,1.1,201.0,100480.0
1990-09-03 11:00:00+00:00,28.67,76.95,2.65,2.48,2.5,413.2,0.62,191.0,100580.0
1990-09-03 12:00:00+00:00,27.72,79.4,0.0,0.0,0.0,410.3,0.83,179.0,100680.0
1990-09-03 13:00:00+00:00,27.04,84.6,0.0,0.0,0.0,416.3,0.83,146.0,100760.0
1990-09-03 14:00:00+00:00,26.37,84.55,0.0,0.0,0.0,413.75,1.1,118.0,100850.0
1990-09-03 15:00:00+00:00,25.87,87.3,0.0,0.0,0.0,411.25,1.1,104.0,100890.0
1990-09-03 16:00:00+00:00,25.51,90.2,0.0,0.0,0.0,414.75,1.17,88.0,100920.0
1990-09-03 17:00:00+00:00,25.22,87.3,0.0,0.0,0.0,413.4,1.24,88.0,100910.0
1990-09-03 18:00:00+00:00,24.9,90.15,0.0,0.0,0.0,409.5,1.31,79.0,100850.0
1990-09-03 19:00:00+00:00,25.67,81.8,0.0,0.0,0.0,416.65,0.69,74.0,100770.0
1990-09-03 20:00:00+00:00,25.06,84.45,0.0,0.0,0.0,411.45,0.76,140.0,100710.0
1990-09-03 21:00:00+00:00,24.58,87.25,0.0,0.0,0.0,412.2,1.52,91.0,100730.0
1990-09-03 22:00:00+00:00,24.29,90.1,0.0,0.0,0.0,410.45,1.59,85.0,100770.0
1990-09-03 23:00:00+00:00,23.85,93.1,0.0,0.0,0.0,402.75,1.45,79.0,100820.0
1990-09-04 00:00:00+00:00,24.39,93.1,224.7,567.14,104.0,401.2,1.1,70.0,100860.0
1990-09-04 01:00:00+00:00,27.04,79.35,456.15,666.61,151.8,408.25,0.76,121.0,100910.0
1990-09-04 02:00:00+00:00,28.37,79.4,583.9,481.81,261.25,413.0,1.45,181.0,100990.0
1990-09-04 03:00:00+00:00,29.25,74.55,758.4,581.07,271.7,419.75,1.86,195.0,100930.0
1990-09-04 04:00:00+00:00,30.14,70.0,806.45,482.18,348.9,420.55,2.14,206.0,100870.0
1990-09-04 05:00:00+00:00,30.67,65.7,706.5,319.21,388.55,430.4,2.48,210.0,100770.0
1990-09-04 06:00:00+00:00,30.77,61.55,866.95,698.78,185.1,434.65,2.76,210.0,100660.0
1990-09-04 07:00:00+00:00,31.45,59.65,600.7,480.34,173.45,423.25,2.21,238.0,100550.0
1990-09-04 08:00:00+00:00,31.37,59.65,538.15,577.24,109.25,422.85,2.07,236.0,100500.0
1990-09-04 09:00:00+00:00,31.22,59.65,343.4,443.44,101.1,417.25,1.86,233.0,100460.0
1990-09-04 10:00:00+00:00,30.65,61.55,113.25,201.74,50.1,412.6,1.52,214.0,100490.0
1990-09-04 11:00:00+00:00,29.57,67.7,2.45,6.8,2.05,414.9,1.45,197.0,100570.0
1990-09-04 12:00:00+00:00,28.31,76.85,0.0,0.0,0.0,410.45,1.38,186.0,100660.0
1990-09-04 13:00:00+00:00,27.06,81.95,0.0,0.0,0.0,407.4,1.24,161.0,100730.0
1990-09-04 14:00:00+00:00,26.57,84.6,0.0,0.0,0.0,417.45,1.17,147.0,100830.0
1990-09-04 15:00:00+00:00,26.04,84.55,0.0,0.0,0.0,410.1,1.17,118.0,100910.0
1990-09-04 16:00:00+00:00,25.65,87.3,0.0,0.0,0.0,411.65,1.03,104.0,100900.0
1990-09-04 17:00:00+00:00,25.25,87.3,0.0,0.0,0.0,409.3,1.31,84.0,100900.0
1990-09-04 18:00:00+00:00,24.81,90.15,0.0,0.0,0.0,404.65,1.24,79.0,100830.0
1990-09-04 19:00:00+00:00,24.63,90.15,0.0,0.0,0.0,410.45,1.1,58.0,100700.0
1990-09-04 20:00:00+00:00,24.61,90.15,0.0,0.0,0.0,413.0,0.97,63.0,100730.0
1990-09-04 21:00:00+00:00,24.83,87.25,0.0,0.0,0.0,417.85,0.83,66.0,100720.0
1990-09-04 22:00:00+00:00,24.73,87.25,0.0,0.0,0.0,414.55,1.03,75.0,100790.0
1990-09-04 23:00:00+00:00,24.62,87.25,0.0,0.0,0.0,416.1,1.1,76.0,100800.0
1990-09-05 00:00:00+00:00,24.81,87.25,142.05,82.2,124.45,416.1,0.9,78.0,100850.0
1990-09-05 01:00:00+00:00,26.93,76.7,370.4,338.92,215.2,416.0,0.62,103.0,100890.0
1990-09-05 02:00:00+00:00,28.61,67.5,488.35,284.51,297.45,414.9,0.76,142.0,100940.0
1990-09-05 03:00:00+00:00,29.49,67.6,630.35,346.77,339.5,422.1,1.03,157.0,100950.0
1990-09-05 04:00:00+00:00,30.25,61.45,888.85,621.19,298.85,423.25,0.9,174.0,100890.0
1990-09-05 05:00:00+00:00,31.24,59.65,839.45,503.48,337.7,423.85,0.97,196.0,100790.0
1990-09-05 06:00:00+00:00,31.6,57.85,669.65,313.05,364.15,433.3,1.17,205.0,100690.0
1990-09-05 07:00:00+00:00,31.03,61.55,460.85,172.58,307.4,435.05,1.66,256.0,100640.0
1990-09-05 08:00:00+00:00,30.76,61.55,350.35,122.94,259.1,433.5,1.79,257.0,100580.0
1990-09-05 09:00:00+00:00,30.38,63.5,221.25,125.91,152.6,431.4,1.66,251.0,100520.0
1990-09-05 10:00:00+00:00,29.8,67.7,76.5,51.85,60.35,423.85,1.66,233.0,100520.0
1990-09-05 11:00:00+00:00,28.82,74.5,1.7,0.0,1.7,417.85,1.31,226.0,100560.0
1990-09-05 12:00:00+00:00,27.83,82.05,0.0,0.0,0.0,418.6,1.03,200.0,100670.0
1990-09-05 13:00:00+00:00,26.98,87.4,0.0,0.0,0.0,419.0,0.97,171.0,100740.0
1990-09-05 14:00:00+00:00,26.69,87.4,0.0,0.0,0.0,419.2,0.83,149.0,100800.0
1990-09-05 15:00:00+00:00,26.37,90.25,0.0,0.0,0.0,419.0,0.83,131.0,100830.0
1990-09-05 16:00:00+00:00,26.02,90.2,0.0,0.0,0.0,412.4,0.76,85.0,100850.0
1990-09-05 17:00:00+00:00,25.46,93.15,0.0,0.0,0.0,418.8,0.9,53.0,100830.0
1990-09-05 18:00:00+00:00,25.16,93.15,0.0,0.0,0.0,416.85,1.1,52.0,100780.0
1990-09-05 19:00:00+00:00,24.7,93.15,0.0,0.0,0.0,408.9,1.03,66.0,100740.0
1990-09-05 20:00:00+00:00,24.47,96.2,0.0,0.0,0.0,409.9,1.1,55.0,100690.0
1990-09-05 21:00:00+00:00,24.25,96.2,0.0,0.0,0.0,409.1,0.97,62.0,100670.0
1990-09-05 22:00:00+00:00,24.06,96.2,0.0,0.0,0.0,407.55,1.03,73.0,100710.0
1990-09-05 23:00:00+00:00,23.94,96.2,0.0,0.0,0.0,410.1,1.03,68.0,100750.0
1990-09-06 00:00:00+00:00,24.51,93.1,161.0,222.11,113.15,412.4,0.9,54.0,100840.0
1990-09-06 01:00:00+00:00,26.3,84.55,392.35,406.28,205.75,416.0,0.97,35.0,100890.0
1990-09-06 02:00:00+00:00,27.64,74.4,610.8,522.41,259.6,409.7,0.07,19.0,100930.0
1990-09-06 03:00:00+00:00,28.85,72.1,703.2,519.73,266.7,413.75,1.1,220.0,100880.0
1990-09-06 04:00:00+00:00,29.67,67.7,656.4,368.76,305.85,425.4,1.52,219.0,100780.0
1990-09-06 05:00:00+00:00,29.85,67.7,783.5,557.55,227.6,427.3,1.66,230.0,100680.0
1990-09-06 06:00:00+00:00,30.2,67.8,696.05,457.66,249.4,432.9,2.0,233.0,100580.0
1990-09-06 07:00:00+00:00,28.61,74.5,423.25,145.15,294.25,434.65,2.62,244.0,100520.0
1990-09-06 08:00:00+00:00,28.64,76.95,243.55,41.95,212.45,425.95,1.93,210.0,100470.0
1990-09-06 09:00:00+00:00,27.32,79.35,106.25,2.39,104.95,425.75,1.45,223.0,100560.0
1990-09-06 10:00:00+00:00,26.53,81.9,53.4,25.81,45.4,427.5,0.28,279.0,100570.0
1990-09-06 11:00:00+00:00,26.41,84.55,1.4,0.0,1.4,425.2,0.62,24.0,100650.0
1990-09-06 12:00:00+00:00,25.87,90.2,0.0,0.0,0.0,419.2,0.76,39.0,100760.0
1990-09-06 13:00:00+00:00,25.53,90.2,0.0,0.0,0.0,416.3,0.69,23.0,100850.0
1990-09-06 14:00:00+00:00,25.23,93.15,0.0,0.0,0.0,419.0,0.69,39.0,100960.0
1990-09-06 15:00:00+00:00,24.97,93.15,0.0,0.0,0.0,416.3,1.17,58.0,100990.0
1990-09-06 16:00:00+00:00,24.7,93.15,0.0,0.0,0.0,413.0,1.1,48.0,100980.0
1990-09-06 17:00:00+00:00,24.28,96.2,0.0,0.0,0.0,408.9,1.1,38.0,100920.0
1990-09-06 18:00:00+00:00,23.96,96.2,0.0,0.0,0.0,407.2,0.97,25.0,100870.0
1990-09-06 19:00:00+00:00,23.72,96.2,0.0,0.0,0.0,414.15,0.55,305.0,100850.0
1990-09-06 20:00:00+00:00,23.6,96.2,0.0,0.0,0.0,416.1,0.34,271.0,100810.0
1990-09-06 21:00:00+00:00,23.55,96.2,0.0,0.0,0.0,423.25,0.21,306.0,100800.0
1990-09-06 22:00:00+00:00,23.54,96.2,0.0,0.0,0.0,422.45,0.48,56.0,100810.0
1990-09-06 23:00:00+00:00,23.59,96.2,0.0,0.0,0.0,427.1,0.83,44.0,100830.0
1990-09-07 00:00:00+00:00,23.75,96.2,100.45,119.03,74.65,415.7,1.03,61.0,100860.0
1990-09-07 01:00:00+00:00,24.44,93.1,227.3,214.37,128.55,414.05,0.83,58.0,100940.0
1990-09-07 02:00:00+00:00,25.59,84.5,243.1,96.28,178.25,423.05,0.69,29.0,101010.0
1990-09-07 03:00:00+00:00,26.42,81.85,448.35,269.7,221.55,426.35,0.41,356.0,101000.0
1990-09-07 04:00:00+00:00,27.41,79.35,574.35,329.29,261.05,422.3,0.48,236.0,100920.0
1990-09-07 05:00:00+00:00,28.04,79.4,440.5,181.51,259.45,421.9,1.24,211.0,100850.0
1990-09-07 06:00:00+00:00,27.77,79.4,651.75,351.45,308.75,425.95,1.38,202.0,100780.0
1990-09-07 07:00:00+00:00,29.61,65.5,513.05,236.63,302.85,419.2,2.28,264.0,100690.0
1990-09-07 08:00:00+00:00,29.42,67.6,451.55,281.68,242.95,419.75,2.41,247.0,100630.0
1990-09-07 09:00:00+00:00,29.16,67.6,301.6,340.61,116.75,416.85,2.62,239.0,100620.0
1990-09-07 10:00:00+00:00,28.67,72.1,93.9,151.0,47.35,412.6,2.07,243.0,100690.0
1990-09-07 11:00:00+00:00,27.7,74.4,1.7,0.0,1.7,403.3,1.59,233.0,100730.0
1990-09-07 12:00:00+00:00,26.68,81.9,0.0,0.0,0.0,400.8,1.03,232.0,100830.0
1990-09-07 13:00:00+00:00,26.25,84.55,0.0,0.0,0.0,402.75,0.41,232.0,100910.0
1990-09-07 14:00:00+00:00,25.96,84.5,0.0,0.0,0.0,400.4,0.34,120.0,100970.0
1990-09-07 15:00:00+00:00,24.59,90.15,0.0,0.0,0.0,390.75,1.03,97.0,101020.0
1990-09-07 16:00:00+00:00,23.88,93.1,0.0,0.0,0.0,389.95,1.45,94.0,101030.0
1990-09-07 17:00:00+00:00,23.43,96.2,0.0,0.0,0.0,391.5,1.45,83.0,101020.0
1990-09-07 18:00:00+00:00,23.25,96.2,0.0,0.0,0.0,397.9,1.31,77.0,100970.0
1990-09-07 19:00:00+00:00,23.26,96.2,0.0,0.0,0.0,394.8,1.1,61.0,100890.0
1990-09-07 20:00:00+00:00,23.26,96.2,0.0,0.0,0.0,401.4,0.83,59.0,100850.0
1990-09-07 21:00:00+00:00,23.43,96.2,0.0,0.0,0.0,411.45,1.1,53.0,100830.0
1990-09-07 22:00:00+00:00,23.54,93.1,0.0,0.0,0.0,415.9,1.24,68.0,100860.0
1990-09-07 23:00:00+00:00,23.38,96.2,0.0,0.0,0.0,406.4,1.31,66.0,100870.0
1990-09-08 00:00:00+00:00,23.9,96.2,100.4,156.6,66.25,409.5,1.03,58.0,100930.0
1990-09-08 01:00:00+00:00,25.91,87.3,230.85,113.2,178.55,415.05,0.76,51.0,101020.0
1990-09-08 02:00:00+00:00,27.38,71.9,353.0,270.89,170.2,413.95,0.55,40.0,101080.0
1990-09-08 03:00:00+00:00,27.95,67.4,341.45,131.06,231.1,412.2,0.34,341.0,101090.0
1990-09-08 04:00:00+00:00,28.25,65.2,672.35,414.72,277.45,418.2,0.21,337.0,101000.0
1990-09-08 05:00:00+00:00,29.49,63.3,638.95,320.53,319.1,418.0,0.48,170.0,100910.0
1990-09-08 06:00:00+00:00,29.89,61.35,550.9,279.63,278.0,427.3,0.97,183.0,100800.0
1990-09-08 07:00:00+00:00,30.93,59.55,466.5,224.25,267.4,432.9,1.93,209.0,100690.0
1990-09-08 08:00:00+00:00,30.56,63.5,284.3,77.06,227.3,424.4,2.28,205.0,100630.0
1990-09-08 09:00:00+00:00,29.98,65.5,196.45,78.5,153.95,434.3,1.86,205.0,100640.0
1990-09-08 10:00:00+00:00,29.3,72.15,73.85,82.34,48.6,422.45,1.52,202.0,100670.0
1990-09-08 11:00:00+00:00,28.49,79.4,1.15,0.0,1.15,414.35,1.1,187.0,100710.0
1990-09-08 12:00:00+00:00,27.4,84.65,0.0,0.0,0.0,417.65,1.1,155.0,100830.0
1990-09-08 13:00:00+00:00,26.35,87.35,0.0,0.0,0.0,408.75,1.24,128.0,100940.0
1990-09-08 14:00:00+00:00,25.72,87.3,0.0,0.0,0.0,420.9,0.97,83.0,101050.0
1990-09-08 15:00:00+00:00,25.39,90.2,0.0,0.0,0.0,425.75,0.97,38.0,101100.0
1990-09-08 16:00:00+00:00,24.97,93.15,0.0,0.0,0.0,419.95,1.1,46.0,101110.0
1990-09-08 17:00:00+00:00,24.74,93.15,0.0,0.0,0.0,419.4,1.17,55.0,101060.0
1990-09-08 18:00:00+00:00,24.39,96.2,0.0,0.0,0.0,412.0,1.24,50.0,101000.0
1990-09-08 19:00:00+00:00,24.5,96.2,0.0,0.0,0.0,416.45,1.17,58.0,100860.0
1990-09-08 20:00:00+00:00,24.31,96.2,0.0,0.0,0.0,412.0,1.45,63.0,100840.0
1990-09-08 21:00:00+00:00,24.06,93.1,0.0,0.0,0.0,414.55,1.59,62.0,100820.0
1990-09-08 22:00:00+00:00,23.71,96.2,0.0,0.0,0.0,404.65,1.31,60.0,100870.0
1990-09-08 23:00:00+00:00,23.46,96.2,0.0,0.0,0.0,406.8,1.17,59.0,100930.0
1990-09-09 00:00:00+00:00,24.11,93.1,134.15,247.95,79.75,407.4,1.17,61.0,100980.0
1990-09-09 01:00:00+00:00,25.61,87.3,299.7,250.57,183.6,415.05,0.83,73.0,101050.0
1990-09-09 02:00:00+00:00,27.14,76.8,553.85,556.32,177.75,416.3,0.9,116.0,101100.0
1990-09-09 03:00:00+00:00,28.5,72.0,471.35,310.42,209.65,412.2,1.52,153.0,101090.0
1990-09-09 04:00:00+00:00,28.73,69.75,730.75,505.02,249.5,419.75,1.79,164.0,101000.0
1990-09-09 05:00:00+00:00,29.29,67.6,498.65,209.07,289.95,425.4,1.72,174.0,100930.0
1990-09-09 06:00:00+00:00,29.15,67.6,523.4,241.58,287.65,426.75,1.66,176.0,100850.0
1990-09-09 07:00:00+00:00,28.3,74.4,500.4,296.96,236.9,420.9,1.59,191.0,100810.0
1990-09-09 08:00:00+00:00,28.65,72.1,322.0,156.43,206.45,423.05,0.9,187.0,100710.0
1990-09-09 09:00:00+00:00,28.59,69.75,213.0,111.56,152.75,420.55,0.9,198.0,100710.0
1990-09-09 10:00:00+00:00,28.54,72.0,61.55,34.92,50.9,420.35,0.76,171.0,100750.0
1990-09-09 11:00:00+00:00,27.72,72.0,1.25,0.0,1.25,415.1,1.03,127.0,100850.0
1990-09-09 12:00:00+00:00,26.68,79.3,0.0,0.0,0.0,413.95,1.24,102.0,100920.0
1990-09-09 13:00:00+00:00,26.02,84.5,0.0,0.0,0.0,418.4,1.24,87.0,100990.0
1990-09-09 14:00:00+00:00,25.38,87.3,0.0,0.0,0.0,410.3,1.24,93.0,101020.0
1990-09-09 15:00:00+00:00,24.94,90.15,0.0,0.0,0.0,406.0,1.38,104.0,101050.0
1990-09-09 16:00:00+00:00,24.58,90.15,0.0,0.0,0.0,403.9,1.45,108.0,101050.0
1990-09-09 17:00:00+00:00,24.26,90.1,0.0,0.0,0.0,404.1,1.38,87.0,101030.0
1990-09-09 18:00:00+00:00,23.98,93.1,0.0,0.0,0.0,404.45,1.38,79.0,100960.0
1990-09-09 19:00:00+00:00,23.91,93.1,0.0,0.0,0.0,409.7,1.24,85.0,100870.0
1990-09-09 20:00:00+00:00,23.84,93.1,0.0,0.0,0.0,410.3,1.17,84.0,100880.0
1990-09-09 21:00:00+00:00,23.72,93.1,0.0,0.0,0.0,408.9,1.24,76.0,100840.0
1990-09-09 22:00:00+00:00,23.66,93.1,0.0,0.0,0.0,409.5,1.24,64.0,100860.0
1990-09-09 23:00:00+00:00,23.6,93.1,0.0,0.0,0.0,413.4,1.24,57.0,100890.0
1990-09-10 00:00:00+00:00,24.06,93.1,93.55,21.97,88.7,422.1,1.1,64.0,100950.0
1990-09-10 01:00:00+00:00,25.43,90.2,217.55,92.11,174.75,423.95,0.9,75.0,101020.0
1990-09-10 02:00:00+00:00,26.8,79.3,503.55,274.63,317.55,426.9,0.97,105.0,101040.0
1990-09-10 03:00:00+00:00,28.3,74.4,477.55,156.15,345.75,417.05,1.86,163.0,101050.0
1990-09-10 04:00:00+00:00,28.44,74.4,606.1,207.94,407.8,427.3,2.21,178.0,100980.0
1990-09-10 05:00:00+00:00,29.11,72.15,605.4,233.99,371.75,429.05,2.28,182.0,100910.0
1990-09-10 06:00:00+00:00,29.35,74.55,738.85,557.07,195.3,431.95,2.28,185.0,100790.0
1990-09-10 07:00:00+00:00,30.22,63.5,615.85,434.11,230.9,426.15,1.93,188.0,100660.0
1990-09-10 08:00:00+00:00,30.13,63.5,413.8,294.84,196.3,425.2,2.0,172.0,100590.0
1990-09-10 09:00:00+00:00,29.85,65.5,226.05,130.79,155.6,420.35,1.38,174.0,100570.0
1990-09-10 10:00:00+00:00,29.55,67.6,75.05,56.39,57.95,419.0,0.48,173.0,100620.0
1990-09-10 11:00:00+00:00,28.91,72.1,1.25,0.0,1.25,419.2,0.34,120.0,100670.0
1990-09-10 12:00:00+00:00,27.57,76.85,0.0,0.0,0.0,409.1,0.97,113.0,100750.0
1990-09-10 13:00:00+00:00,26.55,81.9,0.0,0.0,0.0,415.3,1.24,98.0,100830.0
1990-09-10 14:00:00+00:00,25.58,84.5,0.0,0.0,0.0,401.4,1.52,83.0,100910.0
1990-09-10 15:00:00+00:00,25.01,90.15,0.0,0.0,0.0,405.85,1.59,68.0,100970.0
1990-09-10 16:00:00+00:00,24.54,90.15,0.0,0.0,0.0,399.85,1.72,59.0,101010.0
1990-09-10 17:00:00+00:00,24.2,93.1,0.0,0.0,0.0,398.85,1.72,60.0,100990.0
1990-09-10 18:00:00+00:00,23.99,93.1,0.0,0.0,0.0,412.8,1.52,64.0,100940.0
1990-09-10 19:00:00+00:00,24.93,93.15,0.0,0.0,0.0,427.1,1.1,56.0,100800.0
1990-09-10 20:00:00+00:00,24.92,93.15,0.0,0.0,0.0,424.6,1.1,59.0,100760.0
1990-09-10 21:00:00+00:00,24.92,93.15,0.0,0.0,0.0,420.15,0.83,59.0,100740.0
1990-09-10 22:00:00+00:00,25.28,90.2,0.0,0.0,0.0,419.55,0.28,78.0,100750.0
1990-09-10 23:00:00+00:00,24.86,93.15,0.0,0.0,0.0,406.6,0.21,87.0,100800.0
1990-09-11 00:00:00+00:00,24.68,93.15,166.45,314.78,96.55,405.45,0.41,284.0,100920.0
1990-09-11 01:00:00+00:00,25.08,87.3,314.2,294.53,176.95,407.1,1.31,276.0,101030.0
1990-09-11 02:00:00+00:00,25.56,87.3,463.7,334.8,236.55,418.2,1.03,302.0,101050.0
1990-09-11 03:00:00+00:00,26.62,87.4,543.45,256.68,326.55,416.3,0.9,286.0,101050.0
1990-09-11 04:00:00+00:00,27.56,82.05,573.0,252.55,332.0,427.9,0.97,265.0,100980.0
1990-09-11 05:00:00+00:00,28.22,82.05,495.6,226.97,268.9,436.4,1.1,247.0,100890.0
1990-09-11 06:00:00+00:00,28.16,82.05,267.4,30.34,237.8,426.55,1.17,244.0,100770.0
1990-09-11 07:00:00+00:00,26.24,79.2,199.8,5.81,194.65,424.6,1.72,312.0,100770.0
1990-09-11 08:00:00+00:00,26.1,79.2,197.5,19.68,183.0,422.45,1.31,320.0,100650.0
1990-09-11 09:00:00+00:00,26.3,81.85,153.55,28.01,138.5,418.4,1.24,310.0,100600.0
1990-09-11 10:00:00+00:00,26.41,81.85,46.1,18.24,40.6,413.55,1.1,295.0,100650.0
1990-09-11 11:00:00+00:00,25.92,84.5,0.65,0.0,0.65,413.95,0.97,241.0,100720.0
1990-09-11 12:00:00+00:00,25.21,87.3,0.0,0.0,0.0,410.85,0.48,238.0,100770.0
1990-09-11 13:00:00+00:00,24.63,90.15,0.0,0.0,0.0,402.35,0.9,29.0,100790.0
1990-09-11 14:00:00+00:00,24.05,93.1,0.0,0.0,0.0,396.15,0.97,51.0,100840.0
1990-09-11 15:00:00+00:00,23.55,93.1,0.0,0.0,0.0,395.55,1.31,64.0,100910.0
1990-09-11 16:00:00+00:00,23.16,96.2,0.0,0.0,0.0,404.85,1.24,64.0,100950.0
1990-09-11 17:00:00+00:00,23.07,96.2,0.0,0.0,0.0,410.1,1.17,68.0,100930.0
1990-09-11 18:00:00+00:00,23.16,96.2,0.0,0.0,0.0,412.8,0.97,65.0,100870.0
1990-09-11 19:00:00+00:00,23.02,96.2,0.0,0.0,0.0,399.65,1.31,66.0,100770.0
1990-09-11 20:00:00+00:00,22.67,99.4,0.0,0.0,0.0,394.4,1.24,61.0,100730.0
1990-09-11 21:00:00+00:00,22.25,99.4,0.0,0.0,0.0,388.8,1.24,68.0,100730.0
1990-09-11 22:00:00+00:00,21.98,100.0,0.0,0.0,0.0,392.1,1.17,69.0,100750.0
1990-09-11 23:00:00+00:00,21.66,99.4,0.0,0.0,0.0,390.95,1.17,62.0,100790.0
1990-09-12 00:00:00+00:00,22.69,99.4,205.95,327.46,132.8,394.0,0.83,63.0,100870.0
1990-09-12 01:00:00+00:00,25.44,87.3,420.25,478.28,196.75,406.3,0.55,72.0,100940.0
1990-09-12 02:00:00+00:00,27.29,74.3,608.8,549.84,235.1,396.9,0.28,325.0,100950.0
1990-09-12 03:00:00+00:00,28.67,67.5,786.05,642.18,242.8,399.45,1.1,307.0,100920.0
1990-09-12 04:00:00+00:00,29.73,63.4,910.45,687.94,253.55,406.2,1.79,303.0,100870.0
1990-09-12 05:00:00+00:00,30.55,61.45,806.4,541.63,265.3,412.8,2.41,304.0,100780.0
1990-09-12 06:00:00+00:00,30.84,57.6,809.6,626.7,198.35,421.5,2.62,304.0,100650.0
1990-09-12 07:00:00+00:00,31.75,47.4,664.05,497.46,223.55,411.45,2.62,304.0,100580.0
1990-09-12 08:00:00+00:00,31.6,49.0,508.85,414.31,204.1,415.1,2.41,292.0,100470.0
1990-09-12 09:00:00+00:00,31.15,54.05,296.65,275.95,148.8,410.85,2.34,278.0,100450.0
1990-09-12 10:00:00+00:00,30.15,63.5,87.75,73.39,65.75,407.95,2.41,270.0,100480.0
1990-09-12 11:00:00+00:00,28.72,69.75,1.1,0.0,1.1,406.2,2.0,266.0,100540.0
1990-09-12 12:00:00+00:00,27.41,74.3,0.0,0.0,0.0,405.45,1.66,263.0,100640.0
1990-09-12 13:00:00+00:00,26.22,81.85,0.0,0.0,0.0,401.55,1.31,267.0,100760.0
1990-09-12 14:00:00+00:00,26.2,79.2,0.0,0.0,0.0,401.4,0.83,288.0,100840.0
1990-09-12 15:00:00+00:00,26.39,79.2,0.0,0.0,0.0,400.0,0.48,332.0,100900.0
1990-09-12 16:00:00+00:00,26.01,81.8,0.0,0.0,0.0,401.2,0.55,356.0,100960.0
1990-09-12 17:00:00+00:00,25.33,84.45,0.0,0.0,0.0,395.55,0.69,360.0,100960.0
1990-09-12 18:00:00+00:00,24.87,87.25,0.0,0.0,0.0,397.9,0.83,13.0,100920.0
1990-09-12 19:00:00+00:00,23.85,93.1,0.0,0.0,0.0,392.1,1.17,55.0,100860.0
1990-09-12 20:00:00+00:00,23.25,96.2,0.0,0.0,0.0,388.0,1.24,60.0,100800.0
1990-09-12 21:00:00+00:00,22.93,96.15,0.0,0.0,0.0,391.3,1.24,59.0,100820.0
1990-09-12 22:00:00+00:00,22.49,99.4,0.0,0.0,0.0,385.7,1.38,57.0,100820.0
1990-09-12 23:00:00+00:00,22.16,96.15,0.0,0.0,0.0,382.8,1.45,54.0,100870.0
1990-09-13 00:00:00+00:00,23.35,96.2,285.75,972.13,67.3,385.5,0.9,62.0,100890.0
1990-09-13 01:00:00+00:00,27.08,74.3,507.25,856.28,106.0,385.8,0.62,32.0,100970.0
1990-09-13 02:00:00+00:00,28.65,67.5,735.55,903.57,120.4,395.75,1.03,322.0,101020.0
1990-09-13 03:00:00+00:00,29.79,61.35,727.6,626.61,196.95,398.45,1.66,300.0,101030.0
1990-09-13 04:00:00+00:00,30.29,59.45,792.45,620.02,200.05,414.55,2.07,287.0,101000.0
1990-09-13 05:00:00+00:00,30.67,57.6,849.75,634.71,215.55,421.9,2.48,281.0,100920.0
1990-09-13 06:00:00+00:00,30.89,59.55,766.3,610.46,171.05,421.9,2.76,274.0,100790.0
1990-09-13 07:00:00+00:00,30.55,61.45,605.95,475.87,184.9,421.7,2.97,266.0,100750.0
1990-09-13 08:00:00+00:00,29.26,63.3,416.75,330.66,173.9,418.8,2.62,263.0,100690.0
1990-09-13 09:00:00+00:00,29.19,67.6,241.45,160.58,155.65,420.35,2.14,264.0,100690.0
1990-09-13 10:00:00+00:00,28.89,69.75,70.9,49.83,56.05,421.1,1.1,268.0,100740.0
1990-09-13 11:00:00+00:00,28.02,76.85,0.95,0.0,0.95,416.85,0.83,253.0,100820.0
1990-09-13 12:00:00+00:00,27.47,79.35,0.0,0.0,0.0,417.65,0.69,251.0,100890.0
1990-09-13 13:00:00+00:00,26.97,81.9,0.0,0.0,0.0,420.55,0.62,251.0,100980.0
1990-09-13 14:00:00+00:00,26.26,84.55,0.0,0.0,0.0,413.55,0.97,245.0,101060.0
1990-09-13 15:00:00+00:00,26.94,79.3,0.0,0.0,0.0,411.45,0.41,263.0,101120.0
1990-09-13 16:00:00+00:00,26.4,79.2,0.0,0.0,0.0,406.4,0.62,232.0,101150.0
1990-09-13 17:00:00+00:00,24.49,90.1,0.0,0.0,0.0,414.15,1.45,212.0,101160.0
1990-09-13 18:00:00+00:00,23.82,93.1,0.0,0.0,0.0,414.75,1.03,224.0,101120.0
1990-09-13 19:00:00+00:00,23.67,93.1,0.0,0.0,0.0,426.55,1.59,233.0,101100.0
1990-09-13 20:00:00+00:00,23.66,93.1,0.0,0.0,0.0,420.75,0.28,243.0,101040.0
1990-09-13 21:00:00+00:00,23.57,93.1,0.0,0.0,0.0,417.25,0.28,70.0,101040.0
1990-09-13 22:00:00+00:00,23.36,96.2,0.0,0.0,0.0,409.7,0.83,69.0,101050.0
1990-09-13 23:00:00+00:00,23.11,96.2,0.0,0.0,0.0,407.2,0.9,70.0,101090.0
1990-09-14 00:00:00+00:00,23.7,93.1,163.8,231.38,111.5,407.4,0.83,78.0,101090.0
1990-09-14 01:00:00+00:00,24.84,90.15,255.65,195.37,163.85,413.3,0.9,100.0,101160.0
1990-09-14 02:00:00+00:00,25.83,81.8,351.35,113.72,273.8,413.4,1.31,145.0,101210.0
1990-09-14 03:00:00+00:00,26.65,76.7,450.3,157.07,317.15,419.2,1.38,159.0,101230.0
1990-09-14 04:00:00+00:00,27.46,74.3,584.7,255.97,340.0,422.1,1.59,167.0,101160.0
1990-09-14 05:00:00+00:00,28.34,69.65,721.6,347.34,374.5,419.2,1.45,173.0,101090.0
1990-09-14 06:00:00+00:00,29.16,65.4,943.3,837.42,127.0,414.55,1.38,186.0,100970.0
1990-09-14 07:00:00+00:00,31.26,57.75,699.45,640.86,132.9,411.45,2.14,207.0,100860.0
1990-09-14 08:00:00+00:00,30.93,59.55,465.7,497.96,100.55,412.4,2.48,209.0,100800.0
1990-09-14 09:00:00+00:00,30.22,61.45,268.4,335.87,89.45,416.3,2.41,208.0,100750.0
1990-09-14 10:00:00+00:00,29.23,67.6,84.9,122.55,48.6,409.7,2.0,193.0,100800.0
1990-09-14 11:00:00+00:00,28.12,72.0,0.8,0.0,0.8,405.65,2.0,181.0,100890.0
1990-09-14 12:00:00+00:00,26.83,76.7,0.0,0.0,0.0,404.65,1.31,165.0,101020.0
1990-09-14 13:00:00+00:00,25.92,81.8,0.0,0.0,0.0,402.15,0.97,155.0,101110.0
1990-09-14 14:00:00+00:00,25.59,81.8,0.0,0.0,0.0,404.3,0.97,139.0,101150.0
1990-09-14 15:00:00+00:00,25.08,84.45,0.0,0.0,0.0,404.1,1.17,133.0,101230.0
1990-09-14 16:00:00+00:00,24.76,87.25,0.0,0.0,0.0,406.8,1.31,126.0,101210.0
1990-09-14 17:00:00+00:00,24.48,90.1,0.0,0.0,0.0,406.6,1.24,108.0,101210.0
1990-09-14 18:00:00+00:00,24.38,90.1,0.0,0.0,0.0,411.45,0.9,92.0,101120.0
1990-09-14 19:00:00+00:00,25.24,84.45,0.0,0.0,0.0,417.25,0.28,83.0,101080.0
1990-09-14 20:00:00+00:00,24.47,93.1,0.0,0.0,0.0,418.2,0.62,358.0,101020.0
1990-09-14 21:00:00+00:00,24.11,93.1,0.0,0.0,0.0,414.55,0.76,36.0,101030.0
1990-09-14 22:00:00+00:00,23.86,93.1,0.0,0.0,0.0,409.7,0.76,62.0,101020.0
1990-09-14 23:00:00+00:00,23.61,93.1,0.0,0.0,0.0,404.45,0.69,50.0,101040.0
1990-09-15 00:00:00+00:00,24.32,93.1,240.3,652.54,91.95,402.35,0.55,35.0,101050.0
1990-09-15 01:00:00+00:00,26.59,76.7,502.85,815.81,118.5,398.8,0.07,16.0,101120.0
1990-09-15 02:00:00+00:00,27.88,72.0,670.1,779.13,137.95,399.45,1.03,188.0,101140.0
1990-09-15 03:00:00+00:00,28.8,69.75,877.25,855.58,151.25,405.25,1.66,195.0,101130.0
1990-09-15 04:00:00+00:00,29.74,65.5,929.6,739.76,222.05,406.4,2.14,199.0,101050.0
1990-09-15 05:00:00+00:00,30.32,61.45,781.7,393.19,388.75,415.5,2.34,197.0,100960.0
1990-09-15 06:00:00+00:00,30.4,61.45,719.7,464.63,266.95,427.5,2.34,195.0,100870.0
1990-09-15 07:00:00+00:00,30.23,63.5,701.15,586.64,183.0,427.5,2.83,231.0,100740.0
1990-09-15 08:00:00+00:00,30.25,63.5,566.2,606.62,122.1,415.7,2.55,235.0,100690.0
1990-09-15 09:00:00+00:00,30.07,63.5,294.4,350.69,108.1,411.05,2.14,234.0,100650.0
1990-09-15 10:00:00+00:00,29.47,67.6,89.1,122.12,53.15,413.95,1.66,241.0,100670.0
1990-09-15 11:00:00+00:00,28.49,72.0,0.9,0.0,0.9,405.85,1.45,250.0,100750.0
1990-09-15 12:00:00+00:00,27.42,76.8,0.0,0.0,0.0,408.75,1.45,268.0,100850.0
1990-09-15 13:00:00+00:00,26.24,84.55,0.0,0.0,0.0,397.9,1.17,286.0,100890.0
1990-09-15 14:00:00+00:00,26.53,79.2,0.0,0.0,0.0,400.4,0.62,315.0,100950.0
1990-09-15 15:00:00+00:00,26.38,79.2,0.0,0.0,0.0,401.95,0.41,3.0,101000.0
1990-09-15 16:00:00+00:00,26.06,79.2,0.0,0.0,0.0,402.75,0.41,356.0,101040.0
1990-09-15 17:00:00+00:00,25.36,84.45,0.0,0.0,0.0,401.95,0.69,347.0,100990.0
1990-09-15 18:00:00+00:00,24.46,90.1,0.0,0.0,0.0,405.45,1.1,356.0,100930.0
1990-09-15 19:00:00+00:00,24.44,90.1,0.0,0.0,0.0,408.95,0.97,13.0,100880.0
1990-09-15 20:00:00+00:00,24.65,87.25,0.0,0.0,0.0,411.45,0.76,3.0,100840.0
1990-09-15 21:00:00+00:00,24.42,90.1,0.0,0.0,0.0,407.4,0.83,19.0,100790.0
1990-09-15 22:00:00+00:00,24.36,90.1,0.0,0.0,0.0,409.5,0.76,33.0,100810.0
1990-09-15 23:00:00+00:00,24.08,90.1,0.0,0.0,0.0,408.15,0.76,44.0,100820.0
1990-09-16 00:00:00+00:00,24.47,90.1,180.75,177.13,140.25,406.8,0.69,42.0,100850.0
1990-09-16 01:00:00+00:00,26.66,76.7,321.65,213.92,220.6,409.8,0.55,342.0,100940.0
1990-09-16 02:00:00+00:00,27.66,72.0,500.8,287.11,304.4,417.85,0.97,307.0,100990.0
1990-09-16 03:00:00+00:00,28.51,72.0,598.75,326.26,321.65,423.25,1.17,266.0,100990.0
1990-09-16 04:00:00+00:00,29.15,69.85,806.4,486.73,340.65,428.65,1.52,243.0,100920.0
1990-09-16 05:00:00+00:00,29.95,69.95,598.35,251.74,346.75,428.45,2.28,235.0,100840.0
1990-09-16 06:00:00+00:00,28.77,74.5,883.0,755.12,147.5,434.45,1.72,246.0,100740.0
1990-09-16 07:00:00+00:00,31.11,59.65,539.2,338.67,240.35,426.9,1.93,239.0,100560.0
1990-09-16 08:00:00+00:00,30.24,63.5,432.3,295.68,216.2,436.2,1.52,242.0,100520.0
1990-09-16 09:00:00+00:00,30.4,61.45,193.2,174.54,100.75,421.1,1.66,237.0,100500.0
1990-09-16 10:00:00+00:00,29.63,65.5,72.55,82.38,48.45,423.85,1.24,264.0,100540.0
1990-09-16 11:00:00+00:00,28.97,72.1,0.75,0.0,0.75,419.55,0.62,292.0,100600.0
1990-09-16 12:00:00+00:00,28.02,76.85,0.0,0.0,0.0,416.3,0.76,282.0,100660.0
1990-09-16 13:00:00+00:00,27.08,79.35,0.0,0.0,0.0,406.8,0.9,290.0,100730.0
1990-09-16 14:00:00+00:00,26.95,76.7,0.0,0.0,0.0,407.55,0.69,310.0,100790.0
1990-09-16 15:00:00+00:00,26.96,76.7,0.0,0.0,0.0,405.25,0.48,345.0,100860.0
1990-09-16 16:00:00+00:00,26.54,76.7,0.0,0.0,0.0,402.35,0.34,39.0,100870.0
1990-09-16 17:00:00+00:00,26.07,79.2,0.0,0.0,0.0,401.95,0.55,131.0,100850.0
1990-09-16 18:00:00+00:00,25.45,84.45,0.0,0.0,0.0,405.85,0.69,138.0,100830.0
1990-09-16 19:00:00+00:00,24.51,90.1,0.0,0.0,0.0,402.55,0.83,16.0,100730.0
1990-09-16 20:00:00+00:00,25.07,81.75,0.0,0.0,0.0,400.8,0.55,279.0,100710.0
1990-09-16 21:00:00+00:00,24.76,84.4,0.0,0.0,0.0,403.5,0.62,247.0,100690.0
1990-09-16 22:00:00+00:00,24.78,84.4,0.0,0.0,0.0,402.95,0.34,196.0,100750.0
1990-09-16 23:00:00+00:00,24.01,93.1,0.0,0.0,0.0,411.45,0.76,198.0,100780.0
1990-09-17 00:00:00+00:00,24.27,90.1,199.45,559.08,70.9,406.6,0.83,227.0,100890.0
1990-09-17 01:00:00+00:00,25.32,87.3,399.95,491.58,167.15,405.55,0.9,256.0,100930.0
1990-09-17 02:00:00+00:00,26.48,81.85,586.1,589.41,182.3,409.7,1.1,242.0,100950.0
1990-09-17 03:00:00+00:00,27.6,79.4,683.3,590.12,181.65,419.2,1.38,227.0,100950.0
1990-09-17 04:00:00+00:00,28.43,76.85,444.4,172.1,279.65,421.7,2.28,234.0,100880.0
1990-09-17 05:00:00+00:00,27.17,79.35,574.9,234.09,340.95,436.2,1.79,229.0,100840.0
1990-09-17 06:00:00+00:00,27.83,79.4,195.95,30.92,165.85,420.15,0.83,227.0,100720.0
1990-09-17 07:00:00+00:00,26.44,81.85,214.6,19.4,197.5,429.05,0.07,157.0,100720.0
1990-09-17 08:00:00+00:00,26.63,79.3,196.3,67.98,146.7,428.65,0.28,24.0,100630.0
1990-09-17 09:00:00+00:00,26.92,79.3,165.75,95.06,115.55,421.9,1.31,42.0,100570.0
1990-09-17 10:00:00+00:00,27.04,79.3,83.2,116.09,49.45,418.0,1.17,29.0,100550.0
1990-09-17 11:00:00+00:00,26.73,79.3,0.8,0.0,0.8,411.05,0.76,45.0,100600.0
1990-09-17 12:00:00+00:00,25.96,87.3,0.0,0.0,0.0,408.55,0.69,71.0,100690.0
1990-09-17 13:00:00+00:00,25.21,90.2,0.0,0.0,0.0,407.2,1.03,70.0,100810.0
1990-09-17 14:00:00+00:00,24.87,93.15,0.0,0.0,0.0,417.25,1.03,69.0,100890.0
1990-09-17 15:00:00+00:00,24.8,93.15,0.0,0.0,0.0,418.6,0.9,92.0,100950.0
1990-09-17 16:00:00+00:00,24.78,90.15,0.0,0.0,0.0,413.75,0.83,92.0,100970.0
1990-09-17 17:00:00+00:00,24.59,90.15,0.0,0.0,0.0,409.7,0.83,64.0,100930.0
1990-09-17 18:00:00+00:00,24.37,90.1,0.0,0.0,0.0,410.85,0.97,46.0,100880.0
1990-09-17 19:00:00+00:00,23.68,93.1,0.0,0.0,0.0,411.65,0.55,81.0,100830.0
1990-09-17 20:00:00+00:00,23.39,96.2,0.0,0.0,0.0,418.0,0.62,83.0,100800.0
1990-09-17 21:00:00+00:00,23.16,96.2,0.0,0.0,0.0,417.05,0.83,78.0,100830.0
1990-09-17 22:00:00+00:00,22.88,99.4,0.0,0.0,0.0,413.75,0.83,74.0,100850.0
1990-09-17 23:00:00+00:00,22.81,99.4,0.0,0.0,0.0,414.9,0.97,61.0,100890.0
1990-09-18 00:00:00+00:00,23.17,96.2,90.8,37.2,82.2,417.65,0.83,63.0,100950.0
1990-09-18 01:00:00+00:00,24.06,90.1,270.8,162.82,193.5,415.4,0.76,88.0,101040.0
1990-09-18 02:00:00+00:00,25.39,84.45,324.35,71.86,275.05,415.5,0.55,133.0,101100.0
1990-09-18 03:00:00+00:00,26.22,79.2,377.5,98.26,293.9,422.65,1.17,183.0,101090.0
1990-09-18 04:00:00+00:00,26.8,79.3,580.15,224.1,365.55,422.85,1.72,200.0,101040.0
1990-09-18 05:00:00+00:00,27.54,81.95,555.5,177.22,378.4,423.05,2.14,215.0,100940.0
1990-09-18 06:00:00+00:00,27.63,79.4,253.7,69.42,186.15,434.45,2.55,213.0,100820.0
1990-09-18 07:00:00+00:00,25.7,81.8,159.9,22.99,139.65,422.85,0.55,173.0,100860.0
1990-09-18 08:00:00+00:00,25.51,84.45,62.65,0.0,62.65,421.5,0.69,164.0,100830.0
1990-09-18 09:00:00+00:00,25.1,84.45,43.8,0.0,43.8,421.5,0.34,117.0,100790.0
1990-09-18 10:00:00+00:00,24.85,87.25,20.2,0.0,20.2,420.15,0.62,69.0,100760.0
1990-09-18 11:00:00+00:00,24.48,90.1,0.25,0.0,0.25,418.2,1.38,55.0,100810.0
1990-09-18 12:00:00+00:00,24.01,90.1,0.0,0.0,0.0,415.3,1.52,54.0,100860.0
1990-09-18 13:00:00+00:00,23.62,93.1,0.0,0.0,0.0,409.7,1.45,59.0,100920.0
1990-09-18 14:00:00+00:00,23.31,96.2,0.0,0.0,0.0,405.85,1.31,61.0,100990.0
1990-09-18 15:00:00+00:00,23.2,93.05,0.0,0.0,0.0,409.5,1.24,53.0,101020.0
1990-09-18 16:00:00+00:00,23.12,93.05,0.0,0.0,0.0,410.3,1.1,56.0,101060.0
1990-09-18 17:00:00+00:00,23.03,90.05,0.0,0.0,0.0,410.85,1.1,54.0,101000.0
1990-09-18 18:00:00+00:00,23.0,90.05,0.0,0.0,0.0,413.4,1.17,64.0,100950.0
1990-09-18 19:00:00+00:00,22.78,93.05,0.0,0.0,0.0,411.05,1.38,60.0,100850.0
1990-09-18 20:00:00+00:00,22.83,93.05,0.0,0.0,0.0,415.3,1.38,59.0,100840.0
1990-09-18 21:00:00+00:00,22.87,93.05,0.0,0.0,0.0,416.1,1.24,59.0,100800.0
1990-09-18 22:00:00+00:00,22.86,93.05,0.0,0.0,0.0,417.25,1.17,54.0,100830.0
1990-09-18 23:00:00+00:00,22.78,96.15,0.0,0.0,0.0,412.6,1.24,50.0,100870.0
1990-09-19 00:00:00+00:00,23.37,96.2,159.15,170.77,119.45,413.95,1.03,48.0,100960.0
1990-09-19 01:00:00+00:00,25.7,84.5,351.2,283.13,216.45,411.15,0.69,42.0,101040.0
1990-09-19 02:00:00+00:00,27.29,74.3,539.65,442.55,235.6,412.0,0.48,85.0,101050.0
1990-09-19 03:00:00+00:00,28.19,72.0,745.05,507.26,313.15,415.5,0.62,163.0,101030.0
1990-09-19 04:00:00+00:00,29.17,67.6,644.5,320.8,337.2,421.9,1.1,204.0,100950.0
1990-09-19 05:00:00+00:00,29.37,67.6,736.8,410.12,327.0,426.15,1.38,211.0,100850.0
1990-09-19 06:00:00+00:00,29.84,67.7,670.55,339.42,340.45,427.5,1.45,211.0,100790.0
1990-09-19 07:00:00+00:00,30.37,63.5,619.35,319.1,338.65,428.85,1.72,238.0,100650.0
1990-09-19 08:00:00+00:00,30.28,63.5,458.65,331.18,217.9,423.85,1.93,236.0,100560.0
1990-09-19 09:00:00+00:00,30.06,65.5,285.7,335.65,109.55,418.8,2.0,229.0,100540.0
1990-09-19 10:00:00+00:00,29.45,67.6,91.0,161.16,44.75,413.0,1.79,228.0,100560.0
1990-09-19 11:00:00+00:00,28.47,74.4,0.6,0.0,0.6,409.3,1.52,234.0,100680.0
1990-09-19 12:00:00+00:00,27.28,76.8,0.0,0.0,0.0,408.15,1.59,231.0,100830.0
1990-09-19 13:00:00+00:00,26.4,87.35,0.0,0.0,0.0,420.55,0.97,187.0,100930.0
1990-09-19 14:00:00+00:00,25.96,84.5,0.0,0.0,0.0,407.55,0.76,142.0,100990.0
1990-09-19 15:00:00+00:00,25.8,81.8,0.0,0.0,0.0,405.65,0.55,114.0,101020.0
1990-09-19 16:00:00+00:00,25.33,84.45,0.0,0.0,0.0,404.65,0.69,79.0,101020.0
1990-09-19 17:00:00+00:00,24.56,87.25,0.0,0.0,0.0,407.4,0.97,77.0,100970.0
1990-09-19 18:00:00+00:00,24.39,90.1,0.0,0.0,0.0,408.15,0.83,82.0,100930.0
1990-09-19 19:00:00+00:00,24.16,93.1,0.0,0.0,0.0,413.55,1.03,61.0,100820.0
1990-09-19 20:00:00+00:00,24.44,93.1,0.0,0.0,0.0,402.75,0.07,327.0,100770.0
1990-09-19 21:00:00+00:00,23.99,93.1,0.0,0.0,0.0,406.2,0.83,224.0,100790.0
1990-09-19 22:00:00+00:00,23.62,93.1,0.0,0.0,0.0,408.75,1.1,211.0,100840.0
1990-09-19 23:00:00+00:00,23.62,93.1,0.0,0.0,0.0,421.7,0.76,233.0,100920.0
1990-09-20 00:00:00+00:00,23.78,93.1,135.3,180.35,93.15,421.5,0.55,242.0,101010.0
1990-09-20 01:00:00+00:00,24.3,90.1,302.0,230.27,192.15,418.15,1.1,243.0,101070.0
1990-09-20 02:00:00+00:00,25.25,87.3,380.85,229.59,222.9,422.85,1.38,247.0,101130.0
1990-09-20 03:00:00+00:00,25.75,87.3,505.05,195.23,338.7,417.05,0.97,247.0,101080.0
1990-09-20 04:00:00+00:00,26.71,81.9,512.9,241.4,281.6,422.45,0.97,239.0,101000.0
1990-09-20 05:00:00+00:00,27.33,79.35,315.9,72.72,243.25,423.65,1.59,238.0,100900.0
1990-09-20 06:00:00+00:00,27.22,79.35,692.1,363.45,338.85,426.35,1.59,238.0,100810.0
1990-09-20 07:00:00+00:00,30.08,63.5,630.45,391.45,286.5,429.45,2.0,252.0,100650.0
1990-09-20 08:00:00+00:00,29.97,65.5,342.95,204.39,194.65,420.15,2.62,247.0,100580.0
1990-09-20 09:00:00+00:00,28.94,69.75,205.4,137.63,133.4,426.55,2.41,242.0,100540.0
1990-09-20 10:00:00+00:00,28.19,72.0,76.05,70.85,55.85,419.75,2.0,237.0,100540.0
1990-09-20 11:00:00+00:00,27.34,74.3,0.55,0.0,0.55,410.3,1.66,246.0,100640.0
1990-09-20 12:00:00+00:00,26.29,79.2,0.0,0.0,0.0,405.85,1.79,248.0,100770.0
1990-09-20 13:00:00+00:00,25.64,84.5,0.0,0.0,0.0,414.15,1.17,264.0,100900.0
1990-09-20 14:00:00+00:00,25.55,81.8,0.0,0.0,0.0,413.55,0.48,304.0,100980.0
1990-09-20 15:00:00+00:00,24.91,87.25,0.0,0.0,0.0,404.1,0.55,34.0,101020.0
1990-09-20 16:00:00+00:00,24.29,90.1,0.0,0.0,0.0,408.9,0.83,51.0,101010.0
1990-09-20 17:00:00+00:00,23.8,93.1,0.0,0.0,0.0,404.1,1.1,60.0,100940.0
1990-09-20 18:00:00+00:00,23.46,96.2,0.0,0.0,0.0,403.3,1.24,57.0,100870.0
1990-09-20 19:00:00+00:00,23.51,93.1,0.0,0.0,0.0,403.7,1.03,67.0,100780.0
1990-09-20 20:00:00+00:00,23.28,96.2,0.0,0.0,0.0,403.3,0.97,52.0,100760.0
1990-09-20 21:00:00+00:00,23.21,96.2,0.0,0.0,0.0,404.1,0.83,39.0,100750.0
1990-09-20 22:00:00+00:00,23.4,96.2,0.0,0.0,0.0,399.65,0.69,22.0,100740.0
1990-09-20 23:00:00+00:00,23.75,93.1,0.0,0.0,0.0,397.9,0.41,37.0,100800.0
1990-09-21 00:00:00+00:00,24.56,87.25,231.15,649.74,78.5,403.1,0.07,92.0,100870.0
1990-09-21 01:00:00+00:00,26.23,81.85,459.45,719.43,115.45,400.5,1.24,271.0,100940.0
1990-09-21 02:00:00+00:00,27.28,76.8,581.25,626.27,149.85,405.05,1.86,279.0,100960.0
1990-09-21 03:00:00+00:00,28.17,74.4,772.0,726.34,152.7,413.75,2.0,278.0,100920.0
1990-09-21 04:00:00+00:00,29.12,67.6,802.65,619.18,209.25,414.9,2.34,276.0,100860.0
1990-09-21 05:00:00+00:00,29.64,69.95,793.0,557.29,236.35,422.65,2.83,273.0,100790.0
1990-09-21 06:00:00+00:00,29.3,74.55,627.85,350.97,286.95,423.45,2.9,272.0,100660.0
1990-09-21 07:00:00+00:00,28.74,69.75,615.8,415.5,251.15,417.85,2.07,269.0,100610.0
1990-09-21 08:00:00+00:00,29.25,67.6,451.7,449.33,126.3,417.65,2.14,264.0,100500.0
1990-09-21 09:00:00+00:00,29.23,67.6,268.25,356.12,82.55,416.85,2.28,273.0,100440.0
1990-09-21 10:00:00+00:00,28.82,69.75,84.15,138.41,44.95,412.4,2.28,272.0,100510.0
1990-09-21 11:00:00+00:00,27.98,74.4,0.4,0.0,0.4,414.35,1.86,263.0,100610.0
1990-09-21 12:00:00+00:00,27.16,76.8,0.0,0.0,0.0,420.35,1.38,272.0,100690.0
1990-09-21 13:00:00+00:00,26.46,84.55,0.0,0.0,0.0,419.2,1.17,282.0,100830.0
1990-09-21 14:00:00+00:00,25.99,87.3,0.0,0.0,0.0,419.4,1.1,312.0,100910.0
1990-09-21 15:00:00+00:00,25.79,87.3,0.0,0.0,0.0,423.45,0.76,315.0,100950.0
1990-09-21 16:00:00+00:00,25.56,87.3,0.0,0.0,0.0,414.55,0.62,278.0,100980.0
1990-09-21 17:00:00+00:00,25.25,87.3,0.0,0.0,0.0,402.9,0.69,271.0,100960.0
1990-09-21 18:00:00+00:00,25.06,87.3,0.0,0.0,0.0,401.4,0.62,289.0,100910.0
1990-09-21 19:00:00+00:00,23.67,93.1,0.0,0.0,0.0,394.4,0.9,82.0,100770.0
1990-09-21 20:00:00+00:00,23.41,96.2,0.0,0.0,0.0,395.2,0.9,117.0,100730.0
1990-09-21 21:00:00+00:00,23.31,96.2,0.0,0.0,0.0,395.0,0.9,153.0,100750.0
1990-09-21 22:00:00+00:00,23.44,96.2,0.0,0.0,0.0,401.0,0.9,189.0,100800.0
1990-09-21 23:00:00+00:00,23.51,93.1,0.0,0.0,0.0,397.3,0.76,217.0,100850.0
1990-09-22 00:00:00+00:00,23.89,93.1,180.35,408.65,83.85,395.75,0.76,220.0,100920.0
1990-09-22 01:00:00+00:00,25.05,87.3,433.05,619.64,136.1,404.8,1.72,242.0,100960.0
1990-09-22 02:00:00+00:00,26.33,87.35,587.25,593.9,177.65,407.75,1.93,240.0,101020.0
1990-09-22 03:00:00+00:00,27.72,74.4,502.7,308.91,239.15,413.2,2.55,245.0,101030.0
1990-09-22 04:00:00+00:00,26.73,76.7,566.7,387.0,195.75,431.2,2.14,245.0,101010.0
1990-09-22 05:00:00+00:00,27.29,79.35,512.35,224.47,288.2,418.4,1.86,231.0,100890.0
1990-09-22 06:00:00+00:00,27.76,79.4,568.8,250.97,325.2,427.9,2.48,230.0,100760.0
1990-09-22 07:00:00+00:00,27.85,69.65,687.4,600.31,161.2,421.5,2.0,5.0,100620.0
1990-09-22 08:00:00+00:00,28.83,65.3,541.45,599.23,108.35,403.9,1.38,7.0,100540.0
1990-09-22 09:00:00+00:00,29.1,63.3,332.65,500.25,72.65,401.95,0.28,16.0,100470.0
1990-09-22 10:00:00+00:00,28.98,65.3,103.85,237.08,37.15,398.1,0.34,209.0,100490.0
1990-09-22 11:00:00+00:00,28.17,69.65,0.45,0.0,0.45,396.95,1.03,221.0,100570.0
1990-09-22 12:00:00+00:00,26.77,76.7,0.0,0.0,0.0,393.45,1.03,216.0,100660.0
1990-09-22 13:00:00+00:00,26.43,76.65,0.0,0.0,0.0,393.45,0.62,214.0,100750.0
1990-09-22 14:00:00+00:00,26.2,74.15,0.0,0.0,0.0,392.65,0.28,218.0,100830.0
1990-09-22 15:00:00+00:00,25.84,76.6,0.0,0.0,0.0,395.2,0.34,114.0,100910.0
1990-09-22 16:00:00+00:00,25.03,81.75,0.0,0.0,0.0,400.4,0.76,107.0,100950.0
1990-09-22 17:00:00+00:00,24.23,90.1,0.0,0.0,0.0,408.55,0.97,84.0,100910.0
1990-09-22 18:00:00+00:00,23.83,90.1,0.0,0.0,0.0,406.2,1.1,63.0,100850.0
1990-09-22 19:00:00+00:00,23.28,93.05,0.0,0.0,0.0,393.65,1.31,73.0,100780.0
1990-09-22 20:00:00+00:00,23.19,93.05,0.0,0.0,0.0,401.75,1.38,64.0,100760.0
1990-09-22 21:00:00+00:00,23.12,93.05,0.0,0.0,0.0,406.8,1.17,72.0,100740.0
1990-09-22 22:00:00+00:00,23.17,96.2,0.0,0.0,0.0,408.35,1.17,90.0,100780.0
1990-09-22 23:00:00+00:00,22.94,96.15,0.0,0.0,0.0,395.55,1.38,86.0,100780.0
1990-09-23 00:00:00+00:00,23.75,93.1,242.25,453.39,134.65,391.5,0.9,89.0,100840.0
1990-09-23 01:00:00+00:00,26.84,76.7,482.2,695.14,148.35,394.35,0.9,136.0,100880.0
1990-09-23 02:00:00+00:00,28.29,69.65,633.8,655.56,181.15,401.95,0.69,183.0,100930.0
1990-09-23 03:00:00+00:00,29.28,65.4,847.3,766.78,192.75,405.25,0.9,223.0,100900.0
1990-09-23 04:00:00+00:00,30.2,61.45,910.2,797.45,145.75,407.4,1.52,237.0,100840.0
1990-09-23 05:00:00+00:00,30.54,61.45,836.2,681.63,155.75,417.65,1.93,238.0,100760.0
1990-09-23 06:00:00+00:00,30.19,63.5,831.45,628.21,222.15,421.7,2.14,235.0,100670.0
1990-09-23 07:00:00+00:00,30.86,59.55,566.15,332.52,275.05,419.95,1.79,237.0,100600.0
1990-09-23 08:00:00+00:00,30.53,61.45,347.15,205.32,199.05,426.35,1.93,231.0,100510.0
1990-09-23 09:00:00+00:00,30.07,61.45,192.15,88.22,146.45,420.35,1.59,229.0,100450.0
1990-09-23 10:00:00+00:00,29.51,67.6,56.85,29.88,48.5,420.55,1.45,232.0,100470.0
1990-09-23 11:00:00+00:00,28.54,74.4,0.3,0.0,0.3,415.1,1.38,226.0,100590.0
1990-09-23 12:00:00+00:00,27.44,79.35,0.0,0.0,0.0,412.0,1.45,237.0,100710.0
1990-09-23 13:00:00+00:00,26.56,84.6,0.0,0.0,0.0,413.4,1.17,243.0,100830.0
1990-09-23 14:00:00+00:00,26.72,81.9,0.0,0.0,0.0,413.4,0.69,231.0,100880.0
1990-09-23 15:00:00+00:00,26.81,79.3,0.0,0.0,0.0,410.45,0.41,195.0,100940.0
1990-09-23 16:00:00+00:00,26.41,81.85,0.0,0.0,0.0,407.95,0.28,248.0,100950.0
1990-09-23 17:00:00+00:00,25.12,87.3,0.0,0.0,0.0,405.05,0.83,353.0,100920.0
1990-09-23 18:00:00+00:00,24.39,90.1,0.0,0.0,0.0,404.45,1.31,22.0,100850.0
1990-09-23 19:00:00+00:00,24.63,87.25,0.0,0.0,0.0,404.85,0.97,359.0,100720.0
1990-09-23 20:00:00+00:00,24.54,87.25,0.0,0.0,0.0,408.35,0.76,335.0,100690.0
1990-09-23 21:00:00+00:00,24.16,90.1,0.0,0.0,0.0,412.0,0.83,293.0,100680.0
1990-09-23 22:00:00+00:00,23.65,93.1,0.0,0.0,0.0,408.75,0.97,296.0,100730.0
1990-09-23 23:00:00+00:00,23.67,93.1,0.0,0.0,0.0,402.75,0.69,330.0,100780.0
1990-09-24 00:00:00+00:00,24.13,93.1,213.7,581.81,74.95,397.3,0.34,302.0,100870.0
1990-09-24 01:00:00+00:00,25.42,87.3,422.2,587.41,139.5,401.3,0.76,261.0,100950.0
1990-09-24 02:00:00+00:00,26.46,81.85,556.8,574.77,159.5,405.65,1.1,272.0,100960.0
1990-09-24 03:00:00+00:00,27.52,74.3,721.9,634.62,179.9,411.65,1.59,271.0,100940.0
1990-09-24 04:00:00+00:00,28.52,72.0,755.95,548.94,229.7,416.45,1.79,257.0,100840.0
1990-09-24 05:00:00+00:00,29.15,69.85,796.0,577.2,220.0,421.1,2.07,241.0,100710.0
1990-09-24 06:00:00+00:00,29.73,69.95,835.65,628.86,226.2,425.95,2.14,233.0,100600.0
1990-09-24 07:00:00+00:00,30.3,63.5,700.4,551.42,218.3,421.5,2.41,266.0,100490.0
1990-09-24 08:00:00+00:00,29.89,67.7,499.5,459.76,168.55,429.45,2.55,266.0,100410.0
1990-09-24 09:00:00+00:00,29.4,69.85,260.0,301.86,104.15,416.85,2.34,270.0,100360.0
1990-09-24 10:00:00+00:00,28.88,72.1,70.0,123.58,35.7,416.45,1.86,282.0,100370.0
1990-09-24 11:00:00+00:00,28.09,74.4,0.3,0.0,0.3,414.15,1.66,267.0,100440.0
1990-09-24 12:00:00+00:00,27.15,76.8,0.0,0.0,0.0,408.75,1.52,237.0,100560.0
1990-09-24 13:00:00+00:00,26.32,87.35,0.0,0.0,0.0,410.45,0.97,225.0,100670.0
1990-09-24 14:00:00+00:00,26.75,79.3,0.0,0.0,0.0,412.6,0.34,273.0,100790.0
1990-09-24 15:00:00+00:00,26.47,81.85,0.0,0.0,0.0,413.4,0.28,312.0,100840.0
1990-09-24 16:00:00+00:00,26.13,81.85,0.0,0.0,0.0,403.9,0.28,329.0,100850.0
1990-09-24 17:00:00+00:00,25.04,90.2,0.0,0.0,0.0,406.6,1.1,282.0,100820.0
1990-09-24 18:00:00+00:00,24.19,90.1,0.0,0.0,0.0,411.45,1.52,260.0,100810.0
1990-09-24 19:00:00+00:00,25.35,84.45,0.0,0.0,0.0,400.6,0.69,349.0,100640.0
1990-09-24 20:00:00+00:00,25.41,87.3,0.0,0.0,0.0,410.45,0.48,232.0,100650.0
1990-09-24 21:00:00+00:00,24.18,90.1,0.0,0.0,0.0,407.4,1.1,233.0,100670.0
1990-09-24 22:00:00+00:00,24.39,90.1,0.0,0.0,0.0,403.5,0.76,202.0,100680.0
1990-09-24 23:00:00+00:00,23.33,96.2,0.0,0.0,0.0,398.45,1.1,148.0,100710.0
1990-09-25 00:00:00+00:00,24.38,93.1,213.0,354.12,128.15,396.55,1.03,159.0,100780.0
1990-09-25 01:00:00+00:00,25.88,84.5,366.4,302.76,220.4,404.95,0.83,187.0,100870.0
1990-09-25 02:00:00+00:00,26.94,76.7,542.7,330.96,313.7,413.75,1.03,230.0,100930.0
1990-09-25 03:00:00+00:00,28.07,72.0,568.0,261.05,344.95,410.45,1.86,230.0,100910.0
1990-09-25 04:00:00+00:00,28.67,69.75,735.75,421.06,332.1,418.4,2.41,223.0,100840.0
1990-09-25 05:00:00+00:00,29.35,69.85,733.75,364.76,369.9,423.85,2.48,222.0,100730.0
1990-09-25 06:00:00+00:00,29.69,67.7,256.65,11.41,245.6,426.9,2.55,224.0,100630.0
1990-09-25 07:00:00+00:00,27.31,74.3,311.7,88.88,234.1,425.4,1.52,153.0,100580.0
1990-09-25 08:00:00+00:00,27.66,72.0,270.0,194.13,130.55,424.2,1.59,172.0,100500.0
1990-09-25 09:00:00+00:00,27.8,72.0,153.2,147.02,77.55,417.05,1.52,173.0,100420.0
1990-09-25 10:00:00+00:00,27.62,72.0,54.3,90.51,29.35,417.05,1.1,195.0,100420.0
1990-09-25 11:00:00+00:00,27.15,74.3,0.1,0.0,0.1,412.8,0.83,216.0,100490.0
1990-09-25 12:00:00+00:00,26.56,79.3,0.0,0.0,0.0,415.3,0.76,178.0,100660.0
1990-09-25 13:00:00+00:00,25.89,84.5,0.0,0.0,0.0,417.05,1.03,128.0,100760.0
1990-09-25 14:00:00+00:00,25.43,87.3,0.0,0.0,0.0,414.75,1.24,108.0,100860.0
1990-09-25 15:00:00+00:00,25.17,87.3,0.0,0.0,0.0,419.0,1.38,109.0,100920.0
1990-09-25 16:00:00+00:00,24.86,90.15,0.0,0.0,0.0,418.0,1.17,96.0,100910.0
1990-09-25 17:00:00+00:00,24.63,90.15,0.0,0.0,0.0,416.85,1.38,88.0,100870.0
1990-09-25 18:00:00+00:00,24.31,90.1,0.0,0.0,0.0,413.0,1.38,82.0,100780.0
1990-09-25 19:00:00+00:00,24.37,93.1,0.0,0.0,0.0,418.4,1.1,61.0,100720.0
1990-09-25 20:00:00+00:00,24.24,90.1,0.0,0.0,0.0,414.9,1.38,59.0,100650.0
1990-09-25 21:00:00+00:00,23.99,93.1,0.0,0.0,0.0,413.0,1.38,62.0,100610.0
1990-09-25 22:00:00+00:00,23.61,93.1,0.0,0.0,0.0,407.4,1.45,65.0,100610.0
1990-09-25 23:00:00+00:00,23.3,93.05,0.0,0.0,0.0,399.65,1.66,62.0,100710.0
1990-09-26 00:00:00+00:00,24.33,90.1,254.6,645.79,99.15,406.4,1.1,62.0,100720.0
1990-09-26 01:00:00+00:00,27.14,74.3,511.1,792.7,128.1,400.7,0.9,92.0,100790.0
1990-09-26 02:00:00+00:00,28.65,69.75,677.45,693.62,197.05,404.65,1.52,149.0,100830.0
1990-09-26 03:00:00+00:00,29.59,67.7,720.05,583.49,221.3,412.6,2.34,174.0,100850.0
1990-09-26 04:00:00+00:00,29.89,69.95,835.05,590.65,268.85,417.45,2.41,176.0,100800.0
1990-09-26 05:00:00+00:00,30.55,70.0,830.05,523.35,308.25,432.15,2.21,177.0,100690.0
1990-09-26 06:00:00+00:00,30.69,70.1,811.45,570.05,259.95,431.75,2.41,186.0,100560.0
1990-09-26 07:00:00+00:00,32.12,57.95,697.05,527.26,237.35,427.7,2.76,175.0,100510.0
1990-09-26 08:00:00+00:00,31.45,61.65,400.7,258.23,215.6,427.7,2.76,178.0,100340.0
1990-09-26 09:00:00+00:00,30.25,65.6,157.1,77.42,117.4,428.3,2.34,144.0,100350.0
1990-09-26 10:00:00+00:00,29.27,69.85,63.05,41.64,51.65,418.8,1.45,117.0,100430.0
1990-09-26 11:00:00+00:00,28.55,76.85,0.2,0.0,0.2,416.45,0.97,131.0,100470.0
1990-09-26 12:00:00+00:00,27.45,81.95,0.0,0.0,0.0,411.45,0.9,104.0,100570.0
1990-09-26 13:00:00+00:00,26.55,84.6,0.0,0.0,0.0,409.7,1.24,78.0,100640.0
1990-09-26 14:00:00+00:00,25.84,90.2,0.0,0.0,0.0,406.0,1.17,66.0,100720.0
1990-09-26 15:00:00+00:00,25.42,90.2,0.0,0.0,0.0,405.85,1.38,55.0,100790.0
1990-09-26 16:00:00+00:00,25.0,93.15,0.0,0.0,0.0,405.65,1.45,57.0,100810.0
1990-09-26 17:00:00+00:00,24.73,93.15,0.0,0.0,0.0,408.9,1.38,61.0,100800.0
1990-09-26 18:00:00+00:00,24.41,93.1,0.0,0.0,0.0,405.65,1.38,61.0,100730.0
1990-09-26 19:00:00+00:00,25.16,87.3,0.0,0.0,0.0,410.65,0.69,79.0,100630.0
1990-09-26 20:00:00+00:00,25.46,87.3,0.0,0.0,0.0,409.1,0.34,172.0,100560.0
1990-09-26 21:00:00+00:00,24.81,90.15,0.0,0.0,0.0,408.9,0.69,269.0,100590.0
1990-09-26 22:00:00+00:00,23.92,93.1,0.0,0.0,0.0,407.55,1.52,264.0,100680.0
1990-09-26 23:00:00+00:00,23.75,96.2,0.0,0.0,0.0,424.0,0.41,310.0,100720.0
1990-09-27 00:00:00+00:00,24.05,93.1,135.15,148.07,99.35,420.55,0.34,37.0,100810.0
1990-09-27 01:00:00+00:00,24.59,90.15,325.9,285.1,187.9,422.8,0.69,53.0,100860.0
1990-09-27 02:00:00+00:00,25.97,87.3,540.3,427.14,244.2,416.85,0.28,41.0,100880.0
1990-09-27 03:00:00+00:00,27.33,81.95,700.7,473.37,295.95,422.65,0.41,224.0,100850.0
1990-09-27 04:00:00+00:00,28.45,84.7,588.5,315.02,286.55,427.1,0.9,225.0,100770.0
1990-09-27 05:00:00+00:00,28.52,84.7,595.6,292.76,303.85,436.4,1.38,229.0,100660.0
1990-09-27 06:00:00+00:00,28.68,82.1,550.5,235.21,323.15,425.4,1.66,227.0,100570.0
1990-09-27 07:00:00+00:00,29.66,61.35,430.8,179.7,274.35,424.4,1.86,229.0,100470.0
1990-09-27 08:00:00+00:00,29.67,59.35,390.7,233.63,223.6,423.45,1.17,224.0,100370.0
1990-09-27 09:00:00+00:00,29.75,59.35,247.2,192.07,149.05,413.4,0.76,218.0,100310.0
1990-09-27 10:00:00+00:00,29.55,63.3,74.6,85.52,51.35,409.1,1.1,239.0,100360.0
1990-09-27 11:00:00+00:00,28.47,72.0,0.1,0.0,0.1,407.4,1.24,247.0,100450.0
1990-09-27 12:00:00+00:00,27.28,76.8,0.0,0.0,0.0,406.6,0.9,267.0,100540.0
1990-09-27 13:00:00+00:00,27.41,71.9,0.0,0.0,0.0,402.55,0.55,302.0,100600.0
1990-09-27 14:00:00+00:00,26.55,76.7,0.0,0.0,0.0,401.2,0.83,298.0,100690.0
1990-09-27 15:00:00+00:00,25.73,81.8,0.0,0.0,0.0,404.1,1.03,277.0,100740.0
1990-09-27 16:00:00+00:00,25.09,84.45,0.0,0.0,0.0,405.45,1.24,270.0,100740.0
1990-09-27 17:00:00+00:00,25.15,84.45,0.0,0.0,0.0,407.75,0.97,275.0,100680.0
1990-09-27 18:00:00+00:00,24.28,90.1,0.0,0.0,0.0,406.2,1.03,246.0,100640.0
1990-09-27 19:00:00+00:00,24.75,87.25,0.0,0.0,0.0,418.2,1.24,327.0,100540.0
1990-09-27 20:00:00+00:00,24.64,87.25,0.0,0.0,0.0,418.2,1.31,332.0,100520.0
1990-09-27 21:00:00+00:00,24.54,90.15,0.0,0.0,0.0,420.15,1.17,335.0,100490.0
1990-09-27 22:00:00+00:00,24.46,93.1,0.0,0.0,0.0,419.55,0.97,324.0,100530.0
1990-09-27 23:00:00+00:00,23.96,93.1,0.0,0.0,0.0,403.5,1.03,307.0,100560.0
1990-09-28 00:00:00+00:00,24.76,90.15,99.05,109.75,72.4,416.1,0.41,299.0,100650.0
1990-09-28 01:00:00+00:00,25.53,84.5,404.7,479.7,172.1,419.1,0.41,281.0,100700.0
1990-09-28 02:00:00+00:00,26.91,76.7,677.0,661.88,217.8,416.3,0.69,308.0,100710.0
1990-09-28 03:00:00+00:00,28.64,69.75,815.4,684.0,230.4,416.45,1.1,280.0,100690.0
1990-09-28 04:00:00+00:00,29.6,69.95,921.9,692.5,258.25,427.3,1.31,260.0,100600.0
1990-09-28 05:00:00+00:00,30.46,70.0,687.15,394.74,294.0,424.6,2.07,243.0,100460.0
1990-09-28 06:00:00+00:00,29.45,72.15,787.95,559.12,248.05,437.75,2.97,247.0,100370.0
1990-09-28 07:00:00+00:00,29.83,65.5,583.65,439.07,201.95,423.25,3.17,267.0,100340.0
1990-09-28 08:00:00+00:00,29.88,65.5,478.85,368.38,215.95,418.2,3.1,274.0,100270.0
1990-09-28 09:00:00+00:00,29.79,65.5,269.2,245.56,144.15,416.3,2.69,275.0,100250.0
1990-09-28 10:00:00+00:00,29.35,67.6,73.25,99.45,46.4,411.85,2.0,281.0,100270.0
1990-09-28 11:00:00+00:00,28.35,72.0,0.1,0.0,0.1,407.4,1.66,271.0,100350.0
1990-09-28 12:00:00+00:00,27.29,76.8,0.0,0.0,0.0,410.45,1.52,279.0,100440.0
1990-09-28 13:00:00+00:00,26.4,84.55,0.0,0.0,0.0,407.2,1.38,286.0,100530.0
1990-09-28 14:00:00+00:00,25.78,87.3,0.0,0.0,0.0,403.9,1.03,312.0,100610.0
1990-09-28 15:00:00+00:00,25.87,87.3,0.0,0.0,0.0,405.25,0.83,359.0,100660.0
1990-09-28 16:00:00+00:00,25.46,87.3,0.0,0.0,0.0,404.85,0.83,35.0,100680.0
1990-09-28 17:00:00+00:00,24.81,90.15,0.0,0.0,0.0,402.9,0.97,49.0,100650.0
1990-09-28 18:00:00+00:00,25.24,87.3,0.0,0.0,0.0,402.55,0.55,68.0,100610.0
1990-09-28 19:00:00+00:00,25.49,84.45,0.0,0.0,0.0,419.0,0.69,128.0,100470.0
1990-09-28 20:00:00+00:00,24.92,87.25,0.0,0.0,0.0,413.0,0.9,180.0,100470.0
1990-09-28 21:00:00+00:00,24.58,87.25,0.0,0.0,0.0,414.9,1.1,204.0,100440.0
1990-09-28 22:00:00+00:00,24.48,90.1,0.0,0.0,0.0,409.5,0.83,198.0,100490.0
1990-09-28 23:00:00+00:00,24.68,87.25,0.0,0.0,0.0,404.45,0.21,146.0,100510.0
1990-09-29 00:00:00+00:00,24.94,93.15,269.35,738.63,89.25,402.55,0.55,90.0,100550.0
1990-09-29 01:00:00+00:00,26.88,81.9,500.95,754.09,134.7,410.2,0.76,140.0,100640.0
1990-09-29 02:00:00+00:00,28.22,82.05,689.05,700.57,202.65,413.75,1.24,170.0,100660.0
1990-09-29 03:00:00+00:00,29.33,79.55,671.6,392.61,335.75,425.2,1.86,191.0,100670.0
1990-09-29 04:00:00+00:00,29.04,74.5,589.25,195.75,401.7,436.6,2.48,211.0,100610.0
1990-09-29 05:00:00+00:00,29.21,74.55,458.7,140.5,318.85,435.85,2.41,205.0,100540.0
1990-09-29 06:00:00+00:00,29.16,74.55,794.75,633.45,183.7,427.5,2.41,201.0,100440.0
1990-09-29 07:00:00+00:00,30.68,61.55,593.7,454.89,198.85,429.85,2.48,207.0,100330.0
1990-09-29 08:00:00+00:00,30.76,61.55,419.25,337.39,179.0,423.45,1.93,196.0,100280.0
1990-09-29 09:00:00+00:00,30.67,61.55,237.45,161.19,155.65,422.85,2.07,202.0,100270.0
1990-09-29 10:00:00+00:00,30.11,63.5,65.5,61.35,49.05,416.65,1.59,183.0,100370.0
1990-09-29 11:00:00+00:00,29.21,67.6,0.05,0.0,0.05,420.15,1.31,169.0,100430.0
1990-09-29 12:00:00+00:00,27.83,76.85,0.0,0.0,0.0,418.2,1.31,164.0,100550.0
1990-09-29 13:00:00+00:00,27.31,79.35,0.0,0.0,0.0,424.8,1.31,169.0,100630.0
1990-09-29 14:00:00+00:00,26.89,81.9,0.0,0.0,0.0,423.25,1.1,183.0,100680.0
1990-09-29 15:00:00+00:00,26.35,84.55,0.0,0.0,0.0,414.55,1.1,188.0,100710.0
1990-09-29 16:00:00+00:00,25.88,87.3,0.0,0.0,0.0,412.4,1.17,184.0,100770.0
1990-09-29 17:00:00+00:00,25.83,87.3,0.0,0.0,0.0,414.9,0.9,169.0,100720.0
1990-09-29 18:00:00+00:00,25.59,87.3,0.0,0.0,0.0,410.45,0.76,141.0,100680.0
1990-09-29 19:00:00+00:00,25.86,81.8,0.0,0.0,0.0,414.35,0.69,56.0,100580.0
1990-09-29 20:00:00+00:00,25.39,87.3,0.0,0.0,0.0,415.3,0.83,89.0,100550.0
1990-09-29 21:00:00+00:00,25.54,84.5,0.0,0.0,0.0,411.85,0.55,114.0,100600.0
1990-09-29 22:00:00+00:00,24.99,90.15,0.0,0.0,0.0,411.05,0.55,140.0,100650.0
1990-09-29 23:00:00+00:00,25.04,87.3,0.0,0.0,0.0,414.35,0.14,92.0,100670.0
1990-09-30 00:00:00+00:00,25.49,90.2,233.9,367.65,143.9,407.75,0.14,298.0,100730.0
1990-09-30 01:00:00+00:00,26.8,84.6,421.1,472.31,191.35,413.3,0.21,187.0,100780.0
1990-09-30 02:00:00+00:00,28.26,79.4,599.35,507.15,247.0,419.75,0.62,180.0,100780.0
1990-09-30 03:00:00+00:00,29.73,69.95,535.35,270.53,303.9,420.55,1.31,194.0,100780.0
1990-09-30 04:00:00+00:00,29.7,69.95,710.3,357.93,367.45,438.75,1.93,207.0,100720.0
1990-09-30 05:00:00+00:00,29.32,77.0,808.25,419.36,391.1,434.3,2.28,205.0,100620.0
1990-09-30 06:00:00+00:00,28.77,76.95,357.15,127.85,233.95,421.9,2.0,222.0,100520.0
1990-09-30 07:00:00+00:00,28.41,74.4,360.7,141.81,237.8,436.6,0.14,239.0,100560.0
1990-09-30 08:00:00+00:00,28.64,74.5,303.1,132.87,208.7,423.45,1.38,2.0,100480.0
1990-09-30 09:00:00+00:00,28.4,74.4,251.45,250.84,124.6,422.65,1.52,345.0,100450.0
1990-09-30 10:00:00+00:00,27.82,76.85,70.75,81.5,49.05,415.3,1.1,346.0,100480.0
1990-09-30 11:00:00+00:00,27.17,79.35,0.05,0.0,0.05,411.25,0.69,338.0,100560.0
1990-09-30 12:00:00+00:00,26.59,84.6,0.0,0.0,0.0,410.65,0.62,357.0,100640.0
1990-09-30 13:00:00+00:00,26.17,87.35,0.0,0.0,0.0,418.2,0.83,46.0,100710.0
1990-09-30 14:00:00+00:00,25.66,90.2,0.0,0.0,0.0,412.4,1.03,73.0,100810.0
1990-09-30 15:00:00+00:00,25.38,93.15,0.0,0.0,0.0,415.7,1.03,66.0,100900.0
1990-09-30 16:00:00+00:00,23.17,99.97,0.0,0.0,0.0,406.08,0.96,70.0,100920.0
1990-09-30 17:00:00+00:00,23.58,98.08,0.0,0.0,0.0,407.33,0.99,95.0,100870.0
1990-09-30 18:00:00+00:00,24.0,96.18,0.0,0.0,0.0,408.58,1.02,94.0,100810.0
1990-09-30 19:00:00+00:00,24.41,94.29,0.0,0.0,0.0,409.83,1.06,67.0,100650.0
1990-09-30 20:00:00+00:00,24.82,92.39,0.0,0.0,0.0,411.08,1.09,68.0,100650.0
1990-09-30 21:00:00+00:00,25.24,90.49,0.0,0.0,0.0,412.33,1.12,65.0,100690.0
1990-09-30 22:00:00+00:00,25.65,88.6,0.0,0.0,0.0,413.58,1.15,86.0,100730.0
1990-09-30 23:00:00+00:00,26.06,86.7,0.0,0.0,0.0,414.83,1.18,107.0,100800.0
1990-10-01 00:00:00+00:00,26.47,84.81,225.6,406.13,125.8,416.08,1.21,298.0,100730.0
1990-10-01 01:00:00+00:00,26.89,82.91,458.05,556.19,187.1,417.33,1.25,270.0,100760.0
1990-10-01 02:00:00+00:00,27.3,81.02,632.15,522.17,269.15,418.58,1.28,292.0,100800.0
1990-10-01 03:00:00+00:00,27.71,79.12,733.15,508.81,297.8,419.83,1.31,289.0,100780.0
1990-10-01 04:00:00+00:00,28.13,77.23,822.35,601.74,246.15,421.08,1.34,268.0,100720.0
1990-10-01 05:00:00+00:00,28.54,75.33,808.45,453.06,358.1,422.34,1.37,258.0,100620.0
1990-10-01 06:00:00+00:00,28.95,73.44,517.3,159.94,363.35,423.59,1.4,253.0,100480.0
1990-10-01 07:00:00+00:00,29.37,71.54,235.2,27.85,211.1,424.84,1.44,254.0,100420.0
1990-10-01 08:00:00+00:00,28.34,72.0,258.05,75.54,204.5,425.4,0.76,248.0,100350.0
1990-10-01 09:00:00+00:00,28.56,69.75,146.0,24.21,133.8,421.3,0.97,265.0,100350.0
1990-10-01 10:00:00+00:00,28.26,74.4,37.1,10.21,34.4,420.9,0.69,226.0,100420.0
1990-10-01 11:00:00+00:00,27.77,79.35,0.0,0.0,0.0,426.9,0.34,169.0,100500.0
1990-10-01 12:00:00+00:00,27.4,79.3,0.0,0.0,0.0,421.1,0.28,196.0,100580.0
1990-10-01 13:00:00+00:00,26.88,84.55,0.0,0.0,0.0,417.45,0.28,206.0,100670.0
1990-10-01 14:00:00+00:00,26.62,84.55,0.0,0.0,0.0,413.4,0.21,242.0,100730.0
1990-10-01 15:00:00+00:00,25.79,93.15,0.0,0.0,0.0,416.65,0.9,238.0,100750.0
1990-10-01 16:00:00+00:00,25.3,90.2,0.0,0.0,0.0,411.85,1.17,229.0,100740.0
1990-10-01 17:00:00+00:00,24.93,90.2,0.0,0.0,0.0,409.9,0.97,214.0,100700.0
1990-10-01 18:00:00+00:00,24.73,93.15,0.0,0.0,0.0,410.65,0.83,234.0,100630.0
1990-10-01 19:00:00+00:00,24.03,93.1,0.0,0.0,0.0,424.8,1.1,238.0,100590.0
1990-10-01 20:00:00+00:00,23.87,96.2,0.0,0.0,0.0,421.7,0.48,238.0,100570.0
1990-10-01 21:00:00+00:00,23.76,96.2,0.0,0.0,0.0,423.25,0.28,148.0,100560.0
1990-10-01 22:00:00+00:00,23.85,96.2,0.0,0.0,0.0,423.65,0.41,188.0,100570.0
1990-10-01 23:00:00+00:00,23.91,96.2,0.0,0.0,0.0,425.75,0.14,182.0,100610.0
1990-10-02 00:00:00+00:00,24.19,96.2,115.45,92.24,92.7,425.55,0.41,106.0,100670.0
1990-10-02 01:00:00+00:00,24.6,93.15,175.2,102.91,125.0,428.6,0.34,167.0,100730.0
1990-10-02 02:00:00+00:00,25.08,93.15,173.15,29.83,152.4,424.2,0.62,141.0,100760.0
1990-10-02 03:00:00+00:00,25.41,93.15,289.75,107.82,197.5,425.4,0.83,128.0,100770.0
1990-10-02 04:00:00+00:00,25.96,90.2,385.2,112.1,277.9,425.95,0.55,153.0,100680.0
1990-10-02 05:00:00+00:00,26.81,90.25,257.65,49.89,208.1,428.3,0.9,224.0,100580.0
1990-10-02 06:00:00+00:00,26.87,90.25,287.05,39.89,248.7,430.2,1.03,240.0,100470.0
1990-10-02 07:00:00+00:00,27.51,74.3,299.55,120.91,195.1,428.85,1.59,274.0,100380.0
1990-10-02 08:00:00+00:00,27.53,74.3,259.9,89.65,196.5,426.15,1.45,284.0,100280.0
1990-10-02 09:00:00+00:00,27.44,74.3,194.15,84.24,151.85,424.2,1.24,291.0,100190.0
1990-10-02 10:00:00+00:00,27.35,76.7,40.75,27.04,33.65,417.05,0.76,312.0,100200.0
1990-10-02 11:00:00+00:00,26.75,81.85,0.0,0.0,0.0,418.6,0.9,281.0,100320.0
1990-10-02 12:00:00+00:00,25.85,87.3,0.0,0.0,0.0,410.1,1.03,284.0,100480.0
1990-10-02 13:00:00+00:00,25.3,90.2,0.0,0.0,0.0,410.85,0.69,320.0,100570.0
1990-10-02 14:00:00+00:00,24.84,90.15,0.0,0.0,0.0,412.2,0.97,351.0,100660.0
1990-10-02 15:00:00+00:00,24.55,90.15,0.0,0.0,0.0,413.4,0.97,352.0,100690.0
1990-10-02 16:00:00+00:00,24.34,93.1,0.0,0.0,0.0,414.55,0.9,352.0,100660.0
1990-10-02 17:00:00+00:00,24.18,93.1,0.0,0.0,0.0,412.6,0.83,351.0,100630.0
1990-10-02 18:00:00+00:00,23.99,93.1,0.0,0.0,0.0,411.25,0.9,347.0,100560.0
1990-10-02 19:00:00+00:00,24.09,93.1,0.0,0.0,0.0,414.9,0.97,360.0,100470.0
1990-10-02 20:00:00+00:00,24.02,93.1,0.0,0.0,0.0,418.0,0.97,16.0,100430.0
1990-10-02 21:00:00+00:00,23.82,96.2,0.0,0.0,0.0,413.75,0.97,30.0,100400.0
1990-10-02 22:00:00+00:00,23.71,96.2,0.0,0.0,0.0,423.25,0.62,49.0,100490.0
1990-10-02 23:00:00+00:00,23.39,96.2,0.0,0.0,0.0,417.05,0.9,42.0,100510.0
1990-10-03 00:00:00+00:00,23.93,93.1,231.35,369.12,140.0,416.3,0.83,37.0,100600.0
1990-10-03 01:00:00+00:00,26.41,87.3,449.95,567.84,172.6,420.05,0.48,22.0,100600.0
1990-10-03 02:00:00+00:00,28.08,74.4,626.45,603.51,206.5,417.85,0.69,275.0,100650.0
1990-10-03 03:00:00+00:00,29.05,69.85,804.9,672.29,229.7,412.4,1.45,262.0,100640.0
1990-10-03 04:00:00+00:00,29.82,67.7,791.35,503.05,310.05,420.9,1.52,250.0,100590.0
1990-10-03 05:00:00+00:00,30.19,67.8,855.15,589.93,269.65,423.05,1.45,259.0,100470.0
1990-10-03 06:00:00+00:00,30.68,70.1,766.2,504.46,281.75,424.2,1.66,261.0,100340.0
1990-10-03 07:00:00+00:00,30.49,63.6,549.05,272.65,313.9,422.45,2.76,278.0,100280.0
1990-10-03 08:00:00+00:00,30.35,63.5,425.7,235.34,259.65,424.6,2.48,282.0,100200.0
1990-10-03 09:00:00+00:00,29.83,65.5,186.5,54.66,159.15,421.1,2.76,280.0,100220.0
1990-10-03 10:00:00+00:00,28.76,72.1,39.7,27.99,32.4,422.1,1.31,283.0,100300.0
1990-10-03 11:00:00+00:00,28.09,76.85,0.0,0.0,0.0,419.2,0.48,245.0,100410.0
1990-10-03 12:00:00+00:00,27.93,76.8,0.0,0.0,0.0,423.65,0.14,279.0,100470.0
1990-10-03 13:00:00+00:00,27.33,81.9,0.0,0.0,0.0,416.1,0.48,140.0,100540.0
1990-10-03 14:00:00+00:00,26.36,90.2,0.0,0.0,0.0,411.65,0.76,129.0,100630.0
1990-10-03 15:00:00+00:00,25.98,87.3,0.0,0.0,0.0,405.65,0.69,138.0,100660.0
1990-10-03 16:00:00+00:00,25.75,90.2,0.0,0.0,0.0,406.4,0.62,156.0,100650.0
1990-10-03 17:00:00+00:00,25.6,90.2,0.0,0.0,0.0,406.2,0.34,136.0,100620.0
1990-10-03 18:00:00+00:00,24.74,93.15,0.0,0.0,0.0,413.55,0.41,91.0,100570.0
1990-10-03 19:00:00+00:00,24.6,90.15,0.0,0.0,0.0,411.85,1.1,40.0,100450.0
1990-10-03 20:00:00+00:00,24.32,93.1,0.0,0.0,0.0,410.65,0.97,42.0,100430.0
1990-10-03 21:00:00+00:00,23.91,93.1,0.0,0.0,0.0,401.95,1.17,48.0,100420.0
1990-10-03 22:00:00+00:00,23.73,96.2,0.0,0.0,0.0,405.25,1.24,75.0,100460.0
1990-10-03 23:00:00+00:00,23.55,93.1,0.0,0.0,0.0,401.95,1.38,89.0,100540.0
1990-10-04 00:00:00+00:00,24.7,90.15,153.7,70.08,136.3,407.4,1.45,96.0,100610.0
1990-10-04 01:00:00+00:00,25.99,84.5,333.75,194.38,238.7,412.9,1.66,113.0,100700.0
1990-10-04 02:00:00+00:00,27.14,79.3,502.8,226.4,345.2,415.5,2.0,126.0,100770.0
1990-10-04 03:00:00+00:00,28.0,76.85,605.0,252.02,389.4,419.75,1.79,128.0,100770.0
1990-10-04 04:00:00+00:00,28.66,76.95,582.4,195.65,395.3,433.1,1.66,138.0,100690.0
1990-10-04 05:00:00+00:00,29.03,77.0,527.95,132.41,396.65,438.35,1.86,155.0,100610.0
1990-10-04 06:00:00+00:00,28.66,82.1,384.7,46.29,340.3,439.5,2.21,160.0,100510.0
1990-10-04 07:00:00+00:00,27.06,81.9,226.5,33.45,197.7,435.05,2.14,156.0,100470.0
1990-10-04 08:00:00+00:00,26.78,81.85,124.1,13.92,114.3,429.25,1.66,144.0,100470.0
1990-10-04 09:00:00+00:00,26.36,84.5,107.65,25.27,95.05,427.9,1.66,130.0,100450.0
1990-10-04 10:00:00+00:00,25.07,84.45,42.0,60.81,26.25,418.6,2.07,133.0,100490.0
1990-10-04 11:00:00+00:00,24.66,87.25,0.0,0.0,0.0,417.25,1.03,113.0,100560.0
1990-10-04 12:00:00+00:00,24.25,90.1,0.0,0.0,0.0,413.0,0.62,113.0,100570.0
1990-10-04 13:00:00+00:00,23.91,93.1,0.0,0.0,0.0,413.4,0.55,96.0,100630.0
1990-10-04 14:00:00+00:00,23.57,96.2,0.0,0.0,0.0,409.3,0.62,70.0,100720.0
1990-10-04 15:00:00+00:00,23.38,96.2,0.0,0.0,0.0,408.75,0.97,64.0,100790.0
1990-10-04 16:00:00+00:00,23.25,96.2,0.0,0.0,0.0,419.55,1.03,80.0,100780.0
1990-10-04 17:00:00+00:00,23.16,96.2,0.0,0.0,0.0,421.1,1.03,89.0,100730.0
1990-10-04 18:00:00+00:00,23.02,96.2,0.0,0.0,0.0,416.45,1.03,86.0,100660.0
1990-10-04 19:00:00+00:00,22.96,96.2,0.0,0.0,0.0,415.1,0.97,53.0,100520.0
1990-10-04 20:00:00+00:00,22.68,99.4,0.0,0.0,0.0,417.85,1.1,70.0,100490.0
1990-10-04 21:00:00+00:00,22.53,99.4,0.0,0.0,0.0,413.2,1.31,78.0,100490.0
1990-10-04 22:00:00+00:00,22.59,99.4,0.0,0.0,0.0,417.65,1.38,90.0,100510.0
1990-10-04 23:00:00+00:00,22.52,99.4,0.0,0.0,0.0,421.3,1.1,90.0,100550.0
1990-10-05 00:00:00+00:00,23.24,96.2,196.5,395.27,98.05,413.2,0.76,86.0,100620.0
1990-10-05 01:00:00+00:00,25.22,90.2,389.1,377.31,204.4,416.0,0.62,104.0,100660.0
1990-10-05 02:00:00+00:00,26.9,84.55,670.25,708.46,176.95,421.7,1.66,132.0,100680.0
1990-10-05 03:00:00+00:00,28.57,74.5,854.6,865.11,114.65,408.55,2.0,137.0,100650.0
1990-10-05 04:00:00+00:00,29.78,67.7,876.95,761.75,148.9,412.2,2.21,148.0,100580.0
1990-10-05 05:00:00+00:00,30.4,67.8,890.0,744.22,152.65,421.3,2.14,157.0,100510.0
1990-10-05 06:00:00+00:00,30.71,67.85,807.65,688.92,147.7,416.85,2.0,166.0,100390.0
1990-10-05 07:00:00+00:00,30.25,63.5,741.25,724.22,118.75,417.85,1.93,164.0,100350.0
1990-10-05 08:00:00+00:00,30.18,63.5,491.2,559.76,98.1,419.75,1.93,159.0,100240.0
1990-10-05 09:00:00+00:00,29.95,65.5,236.45,328.69,73.15,415.1,2.28,160.0,100190.0
1990-10-05 10:00:00+00:00,28.69,69.75,78.2,205.28,25.4,415.1,1.66,156.0,100220.0
1990-10-05 11:00:00+00:00,27.88,76.8,0.0,0.0,0.0,410.45,0.62,103.0,100320.0
1990-10-05 12:00:00+00:00,27.33,76.7,0.0,0.0,0.0,410.85,0.34,52.0,100400.0
1990-10-05 13:00:00+00:00,26.5,84.55,0.0,0.0,0.0,407.55,0.48,95.0,100500.0
1990-10-05 14:00:00+00:00,25.8,90.2,0.0,0.0,0.0,409.7,0.97,86.0,100580.0
1990-10-05 15:00:00+00:00,25.04,87.3,0.0,0.0,0.0,401.0,1.31,79.0,100640.0
1990-10-05 16:00:00+00:00,24.63,90.15,0.0,0.0,0.0,405.45,1.31,72.0,100670.0
1990-10-05 17:00:00+00:00,24.25,93.1,0.0,0.0,0.0,404.1,1.24,64.0,100640.0
1990-10-05 18:00:00+00:00,23.81,96.2,0.0,0.0,0.0,399.65,1.24,61.0,100570.0
1990-10-05 19:00:00+00:00,23.87,96.2,0.0,0.0,0.0,401.75,1.17,65.0,100480.0
1990-10-05 20:00:00+00:00,23.69,93.1,0.0,0.0,0.0,400.8,1.24,69.0,100440.0
1990-10-05 21:00:00+00:00,23.61,93.1,0.0,0.0,0.0,402.75,1.24,71.0,100450.0
1990-10-05 22:00:00+00:00,23.48,93.1,0.0,0.0,0.0,401.2,1.24,82.0,100490.0
1990-10-05 23:00:00+00:00,23.54,93.1,0.0,0.0,0.0,406.6,1.24,70.0,100520.0
1990-10-06 00:00:00+00:00,24.78,90.15,236.75,663.55,71.0,401.95,0.76,60.0,100570.0
1990-10-06 01:00:00+00:00,27.2,79.3,477.65,693.61,137.8,409.05,0.41,103.0,100610.0
1990-10-06 02:00:00+00:00,28.47,69.75,630.0,742.2,113.1,409.9,0.76,137.0,100650.0
1990-10-06 03:00:00+00:00,29.16,69.85,741.65,641.84,192.8,417.05,0.83,157.0,100640.0
1990-10-06 04:00:00+00:00,30.03,67.8,759.0,592.92,192.65,421.5,1.31,188.0,100590.0
1990-10-06 05:00:00+00:00,30.1,67.8,728.5,565.7,168.55,432.9,1.86,206.0,100490.0
1990-10-06 06:00:00+00:00,28.68,74.5,649.55,456.72,212.6,426.35,1.79,207.0,100390.0
1990-10-06 07:00:00+00:00,29.15,69.85,642.7,520.08,196.45,424.4,1.59,204.0,100340.0
1990-10-06 08:00:00+00:00,29.7,69.95,420.5,361.77,167.05,426.35,1.31,228.0,100160.0
1990-10-06 09:00:00+00:00,29.59,67.7,274.35,367.63,92.35,429.25,0.97,279.0,100160.0
1990-10-06 10:00:00+00:00,28.84,72.1,70.35,171.06,26.65,415.3,0.55,310.0,100140.0
1990-10-06 11:00:00+00:00,28.01,76.85,0.0,0.0,0.0,413.4,0.07,168.0,100270.0
1990-10-06 12:00:00+00:00,27.42,84.6,0.0,0.0,0.0,429.25,0.28,82.0,100370.0
1990-10-06 13:00:00+00:00,26.66,84.55,0.0,0.0,0.0,417.25,1.17,95.0,100500.0
1990-10-06 14:00:00+00:00,25.88,90.2,0.0,0.0,0.0,419.2,1.31,76.0,100640.0
1990-10-06 15:00:00+00:00,25.44,90.2,0.0,0.0,0.0,423.45,1.31,50.0,100670.0
1990-10-06 16:00:00+00:00,24.9,93.15,0.0,0.0,0.0,414.9,1.31,45.0,100700.0
1990-10-06 17:00:00+00:00,24.68,93.15,0.0,0.0,0.0,420.35,1.31,40.0,100650.0
1990-10-06 18:00:00+00:00,24.29,93.1,0.0,0.0,0.0,407.95,1.45,35.0,100580.0
1990-10-06 19:00:00+00:00,24.33,96.2,0.0,0.0,0.0,408.55,0.9,80.0,100450.0
1990-10-06 20:00:00+00:00,23.92,96.2,0.0,0.0,0.0,402.9,1.17,46.0,100400.0
1990-10-06 21:00:00+00:00,23.62,96.2,0.0,0.0,0.0,404.45,1.03,25.0,100400.0
1990-10-06 22:00:00+00:00,23.52,96.2,0.0,0.0,0.0,412.6,0.83,25.0,100430.0
1990-10-06 23:00:00+00:00,23.46,96.2,0.0,0.0,0.0,415.7,0.55,41.0,100470.0
1990-10-07 00:00:00+00:00,24.48,93.15,218.5,385.87,121.85,417.25,0.28,26.0,100520.0
1990-10-07 01:00:00+00:00,25.94,90.2,450.1,673.35,119.9,413.5,0.41,302.0,100600.0
1990-10-07 02:00:00+00:00,27.37,81.9,558.5,480.31,223.95,412.0,1.24,300.0,100640.0
1990-10-07 03:00:00+00:00,28.26,79.4,735.85,664.86,167.5,417.85,2.14,297.0,100650.0
1990-10-07 04:00:00+00:00,29.01,77.0,816.85,563.24,279.2,423.45,2.69,299.0,100600.0
1990-10-07 05:00:00+00:00,29.36,74.55,652.4,395.5,261.3,436.4,2.55,301.0,100500.0
1990-10-07 06:00:00+00:00,28.74,74.5,757.35,601.61,182.55,432.55,2.41,309.0,100370.0
1990-10-07 07:00:00+00:00,29.23,72.15,559.45,412.3,206.3,422.3,2.69,316.0,100340.0
1990-10-07 08:00:00+00:00,28.68,69.75,359.85,292.95,155.1,420.9,3.79,308.0,100160.0
1990-10-07 09:00:00+00:00,28.05,72.0,190.95,149.7,117.1,420.9,3.03,308.0,100270.0
1990-10-07 10:00:00+00:00,27.4,76.7,46.25,39.21,36.3,419.75,2.48,309.0,100230.0
1990-10-07 11:00:00+00:00,26.72,79.2,0.0,0.0,0.0,421.1,2.21,320.0,100330.0
1990-10-07 12:00:00+00:00,26.04,81.8,0.0,0.0,0.0,411.45,1.66,314.0,100470.0
1990-10-07 13:00:00+00:00,25.58,84.45,0.0,0.0,0.0,412.8,1.45,312.0,100550.0
1990-10-07 14:00:00+00:00,25.2,87.3,0.0,0.0,0.0,413.4,1.31,321.0,100630.0
1990-10-07 15:00:00+00:00,24.94,87.3,0.0,0.0,0.0,416.85,0.83,346.0,100670.0
1990-10-07 16:00:00+00:00,24.7,90.15,0.0,0.0,0.0,413.0,0.76,7.0,100640.0
1990-10-07 17:00:00+00:00,24.38,90.1,0.0,0.0,0.0,408.35,0.9,358.0,100560.0
1990-10-07 18:00:00+00:00,24.05,90.1,0.0,0.0,0.0,404.3,1.03,354.0,100470.0
1990-10-07 19:00:00+00:00,23.47,93.1,0.0,0.0,0.0,395.95,0.97,72.0,100390.0
1990-10-07 20:00:00+00:00,23.16,96.2,0.0,0.0,0.0,394.4,1.1,80.0,100370.0
1990-10-07 21:00:00+00:00,23.09,96.2,0.0,0.0,0.0,399.65,1.1,74.0,100350.0
1990-10-07 22:00:00+00:00,23.03,96.2,0.0,0.0,0.0,402.95,1.03,65.0,100370.0
1990-10-07 23:00:00+00:00,22.99,96.2,0.0,0.0,0.0,406.2,1.03,61.0,100370.0
1990-10-08 00:00:00+00:00,24.23,90.1,251.1,556.93,111.25,407.2,0.83,60.0,100430.0
1990-10-08 01:00:00+00:00,26.48,79.2,516.75,785.95,131.05,413.3,0.48,26.0,100470.0
1990-10-08 02:00:00+00:00,28.04,72.0,673.6,716.88,174.25,410.3,0.9,332.0,100510.0
1990-10-08 03:00:00+00:00,29.21,67.6,793.75,695.01,199.85,415.7,1.45,318.0,100510.0
1990-10-08 04:00:00+00:00,30.12,65.6,910.0,714.56,228.4,423.45,1.86,306.0,100460.0
1990-10-08 05:00:00+00:00,30.85,63.6,695.4,393.43,306.75,430.2,2.41,287.0,100340.0
1990-10-08 06:00:00+00:00,29.65,65.5,497.0,253.27,255.35,440.65,2.41,281.0,100250.0
1990-10-08 07:00:00+00:00,28.77,72.1,449.45,303.57,189.9,428.3,1.45,295.0,100160.0
1990-10-08 08:00:00+00:00,29.18,69.85,409.3,329.16,179.8,421.9,2.07,303.0,100100.0
1990-10-08 09:00:00+00:00,28.57,72.1,198.55,211.87,94.4,428.3,1.52,295.0,100110.0
1990-10-08 10:00:00+00:00,27.41,79.3,72.1,150.97,34.05,423.65,1.1,308.0,100130.0
1990-10-08 11:00:00+00:00,26.94,79.3,0.0,0.0,0.0,418.4,1.66,287.0,100180.0
1990-10-08 12:00:00+00:00,26.16,87.3,0.0,0.0,0.0,408.35,1.31,274.0,100330.0
1990-10-08 13:00:00+00:00,25.63,90.2,0.0,0.0,0.0,411.25,1.03,310.0,100390.0
1990-10-08 14:00:00+00:00,25.42,90.2,0.0,0.0,0.0,421.5,1.03,350.0,100480.0
1990-10-08 15:00:00+00:00,25.0,90.2,0.0,0.0,0.0,409.9,0.76,20.0,100530.0
1990-10-08 16:00:00+00:00,24.75,93.15,0.0,0.0,0.0,408.9,0.62,38.0,100560.0
1990-10-08 17:00:00+00:00,24.53,93.15,0.0,0.0,0.0,409.9,0.48,13.0,100540.0
1990-10-08 18:00:00+00:00,24.17,93.1,0.0,0.0,0.0,409.1,0.62,19.0,100440.0
1990-10-08 19:00:00+00:00,24.32,93.1,0.0,0.0,0.0,411.65,0.76,305.0,100330.0
1990-10-08 20:00:00+00:00,24.21,93.1,0.0,0.0,0.0,413.4,1.17,299.0,100290.0
1990-10-08 21:00:00+00:00,24.17,93.1,0.0,0.0,0.0,415.3,1.1,309.0,100270.0
1990-10-08 22:00:00+00:00,24.01,93.1,0.0,0.0,0.0,407.95,0.97,331.0,100270.0
1990-10-08 23:00:00+00:00,23.77,96.2,0.0,0.0,0.0,403.7,0.76,325.0,100330.0
1990-10-09 00:00:00+00:00,24.45,93.15,211.7,374.46,117.45,411.25,0.76,307.0,100410.0
1990-10-09 01:00:00+00:00,25.59,93.15,407.95,503.31,160.8,419.5,0.83,312.0,100470.0
1990-10-09 02:00:00+00:00,26.83,90.25,514.15,378.81,250.3,420.55,0.76,301.0,100490.0
1990-10-09 03:00:00+00:00,27.81,87.45,685.95,428.79,319.7,430.0,0.83,273.0,100470.0
1990-10-09 04:00:00+00:00,28.97,79.55,719.45,433.67,306.1,439.3,1.45,257.0,100380.0
1990-10-09 05:00:00+00:00,29.6,74.65,705.8,460.73,251.15,443.75,2.28,264.0,100240.0
1990-10-09 06:00:00+00:00,29.14,74.55,762.1,581.34,208.2,438.55,2.9,263.0,100090.0
1990-10-09 07:00:00+00:00,29.76,67.7,560.1,412.91,207.7,425.4,3.86,278.0,100030.0
1990-10-09 08:00:00+00:00,29.06,69.85,462.2,443.46,153.75,429.05,3.79,278.0,99980.0
1990-10-09 09:00:00+00:00,28.59,72.1,223.85,173.62,138.8,421.3,3.79,292.0,100020.0
1990-10-09 10:00:00+00:00,27.73,76.8,51.65,78.68,31.95,423.25,2.48,300.0,100020.0
1990-10-09 11:00:00+00:00,27.11,81.9,0.0,0.0,0.0,420.55,2.0,294.0,100090.0
1990-10-09 12:00:00+00:00,26.4,87.3,0.0,0.0,0.0,409.9,1.72,292.0,100220.0
1990-10-09 13:00:00+00:00,25.85,90.2,0.0,0.0,0.0,411.05,1.59,296.0,100290.0
1990-10-09 14:00:00+00:00,25.37,90.2,0.0,0.0,0.0,409.7,1.24,295.0,100360.0
1990-10-09 15:00:00+00:00,24.8,93.15,0.0,0.0,0.0,405.25,0.97,301.0,100420.0
1990-10-09 16:00:00+00:00,24.38,96.2,0.0,0.0,0.0,403.5,0.97,306.0,100430.0
1990-10-09 17:00:00+00:00,24.17,96.2,0.0,0.0,0.0,405.45,1.03,293.0,100440.0
1990-10-09 18:00:00+00:00,23.86,96.2,0.0,0.0,0.0,402.15,1.17,276.0,100390.0
1990-10-09 19:00:00+00:00,24.03,93.1,0.0,0.0,0.0,423.05,0.69,268.0,100270.0
1990-10-09 20:00:00+00:00,23.87,96.2,0.0,0.0,0.0,409.3,0.62,283.0,100200.0
1990-10-09 21:00:00+00:00,23.83,96.2,0.0,0.0,0.0,408.75,0.41,346.0,100200.0
1990-10-09 22:00:00+00:00,23.61,96.2,0.0,0.0,0.0,405.25,0.41,23.0,100220.0
1990-10-09 23:00:00+00:00,23.47,96.2,0.0,0.0,0.0,413.4,0.48,38.0,100280.0
1990-10-10 00:00:00+00:00,24.31,93.1,230.85,464.65,113.65,412.6,0.48,11.0,100350.0
1990-10-10 01:00:00+00:00,25.59,90.2,486.3,726.05,129.6,412.7,0.83,304.0,100420.0
1990-10-10 02:00:00+00:00,27.09,84.6,588.8,592.08,176.45,417.05,1.31,260.0,100460.0
1990-10-10 03:00:00+00:00,27.99,82.05,720.55,614.55,195.9,422.1,1.79,242.0,100460.0
1990-10-10 04:00:00+00:00,28.9,82.1,826.1,566.48,286.6,430.8,2.28,238.0,100400.0
1990-10-10 05:00:00+00:00,29.33,77.0,669.1,412.35,262.65,434.65,2.69,239.0,100300.0
1990-10-10 06:00:00+00:00,28.71,79.5,436.3,248.94,199.45,437.75,2.21,237.0,100160.0
1990-10-10 07:00:00+00:00,28.16,79.4,396.2,196.33,228.95,431.35,1.59,239.0,100090.0
1990-10-10 08:00:00+00:00,28.37,79.4,438.4,309.85,223.4,428.45,1.1,237.0,99980.0
1990-10-10 09:00:00+00:00,28.86,76.95,203.1,132.23,138.55,430.6,0.97,254.0,99990.0
1990-10-10 10:00:00+00:00,28.39,76.85,46.95,38.8,37.3,430.8,0.9,228.0,100060.0
1990-10-10 11:00:00+00:00,27.53,79.35,0.0,0.0,0.0,419.55,0.41,228.0,100130.0
1990-10-10 12:00:00+00:00,27.19,81.9,0.0,0.0,0.0,420.35,0.55,350.0,100210.0
1990-10-10 13:00:00+00:00,26.91,84.55,0.0,0.0,0.0,423.45,0.28,291.0,100270.0
1990-10-10 14:00:00+00:00,26.09,90.2,0.0,0.0,0.0,418.8,0.62,172.0,100330.0
1990-10-10 15:00:00+00:00,25.67,90.2,0.0,0.0,0.0,412.8,0.69,156.0,100430.0
1990-10-10 16:00:00+00:00,25.14,90.2,0.0,0.0,0.0,413.95,0.83,195.0,100390.0
1990-10-10 17:00:00+00:00,24.81,93.15,0.0,0.0,0.0,419.0,0.9,224.0,100390.0
1990-10-10 18:00:00+00:00,24.56,93.15,0.0,0.0,0.0,412.2,0.48,188.0,100350.0
1990-10-10 19:00:00+00:00,24.57,93.15,0.0,0.0,0.0,419.2,0.69,234.0,100270.0
1990-10-10 20:00:00+00:00,23.97,93.1,0.0,0.0,0.0,415.9,0.28,231.0,100260.0
1990-10-10 21:00:00+00:00,23.78,96.2,0.0,0.0,0.0,418.2,0.21,122.0,100260.0
1990-10-10 22:00:00+00:00,23.76,96.2,0.0,0.0,0.0,419.2,0.34,71.0,100290.0
1990-10-10 23:00:00+00:00,23.83,96.2,0.0,0.0,0.0,422.3,0.41,42.0,100350.0
1990-10-11 00:00:00+00:00,24.18,93.1,189.25,320.12,108.35,420.9,0.62,68.0,100400.0
1990-10-11 01:00:00+00:00,25.25,90.2,426.95,445.69,207.9,413.7,0.55,121.0,100450.0
1990-10-11 02:00:00+00:00,26.81,84.55,426.95,315.02,207.6,411.05,0.69,190.0,100510.0
1990-10-11 03:00:00+00:00,27.47,79.35,550.7,358.53,244.8,426.75,0.97,209.0,100520.0
1990-10-11 04:00:00+00:00,28.15,79.4,617.05,323.42,309.3,425.0,1.03,213.0,100440.0
1990-10-11 05:00:00+00:00,28.75,79.5,606.5,309.58,301.7,428.65,1.52,224.0,100380.0
1990-10-11 06:00:00+00:00,29.01,77.0,327.95,76.05,255.7,436.0,1.66,229.0,100260.0
1990-10-11 07:00:00+00:00,28.47,74.5,400.5,205.39,225.85,434.3,2.41,284.0,100200.0
1990-10-11 08:00:00+00:00,28.68,74.5,271.2,120.12,188.05,429.45,2.41,294.0,100120.0
1990-10-11 09:00:00+00:00,28.43,76.85,157.05,106.28,105.35,425.0,2.21,290.0,100090.0
1990-10-11 10:00:00+00:00,28.01,76.85,40.2,61.71,24.95,422.85,1.72,287.0,100170.0
1990-10-11 11:00:00+00:00,27.38,81.9,0.0,0.0,0.0,419.95,0.76,288.0,100250.0
1990-10-11 12:00:00+00:00,26.65,87.35,0.0,0.0,0.0,416.85,1.03,264.0,100350.0
1990-10-11 13:00:00+00:00,26.06,93.2,0.0,0.0,0.0,419.75,0.69,260.0,100390.0
1990-10-11 14:00:00+00:00,26.27,87.3,0.0,0.0,0.0,420.15,0.28,335.0,100500.0
1990-10-11 15:00:00+00:00,25.51,93.15,0.0,0.0,0.0,417.05,0.76,36.0,100540.0
1990-10-11 16:00:00+00:00,25.19,93.15,0.0,0.0,0.0,419.2,0.83,32.0,100540.0
1990-10-11 17:00:00+00:00,24.83,96.2,0.0,0.0,0.0,416.3,1.03,18.0,100500.0
1990-10-11 18:00:00+00:00,24.58,93.15,0.0,0.0,0.0,415.1,0.97,11.0,100440.0
1990-10-11 19:00:00+00:00,24.61,93.15,0.0,0.0,0.0,417.85,1.31,30.0,100400.0
1990-10-11 20:00:00+00:00,24.27,93.1,0.0,0.0,0.0,415.9,1.66,21.0,100380.0
1990-10-11 21:00:00+00:00,24.18,90.1,0.0,0.0,0.0,416.3,1.52,15.0,100380.0
1990-10-11 22:00:00+00:00,24.0,90.1,0.0,0.0,0.0,415.7,1.17,22.0,100380.0
1990-10-11 23:00:00+00:00,23.72,93.1,0.0,0.0,0.0,410.3,1.1,39.0,100400.0
1990-10-12 00:00:00+00:00,24.39,93.1,207.35,293.69,133.0,408.15,0.83,53.0,100430.0
1990-10-12 01:00:00+00:00,26.33,87.3,404.95,357.7,229.1,411.35,0.41,64.0,100490.0
1990-10-12 02:00:00+00:00,27.58,79.35,570.25,399.44,292.2,415.1,0.07,327.0,100550.0
1990-10-12 03:00:00+00:00,28.67,74.5,675.95,361.04,368.1,417.85,0.28,237.0,100530.0
1990-10-12 04:00:00+00:00,29.6,69.95,774.75,412.45,382.65,427.3,0.76,242.0,100450.0
1990-10-12 05:00:00+00:00,30.25,67.8,823.6,520.35,311.9,435.65,1.38,269.0,100340.0
1990-10-12 06:00:00+00:00,30.69,67.85,455.3,149.9,313.1,429.05,2.0,278.0,100250.0
1990-10-12 07:00:00+00:00,28.39,74.4,363.8,119.53,262.35,429.65,2.41,255.0,100190.0
1990-10-12 08:00:00+00:00,28.31,76.85,109.1,6.73,104.45,425.55,1.93,264.0,100130.0
1990-10-12 09:00:00+00:00,27.77,79.35,90.7,0.0,90.7,425.4,1.24,288.0,100150.0
1990-10-12 10:00:00+00:00,27.53,81.95,23.3,0.0,23.3,421.9,1.24,298.0,100180.0
1990-10-12 11:00:00+00:00,27.03,84.6,0.0,0.0,0.0,421.3,1.03,307.0,100270.0
1990-10-12 12:00:00+00:00,26.5,87.35,0.0,0.0,0.0,422.3,1.03,297.0,100410.0
1990-10-12 13:00:00+00:00,26.01,90.2,0.0,0.0,0.0,419.4,0.62,298.0,100480.0
1990-10-12 14:00:00+00:00,25.96,90.2,0.0,0.0,0.0,423.05,0.14,58.0,100560.0
1990-10-12 15:00:00+00:00,25.47,93.15,0.0,0.0,0.0,423.25,0.83,84.0,100600.0
1990-10-12 16:00:00+00:00,25.13,93.15,0.0,0.0,0.0,419.0,1.1,74.0,100590.0
1990-10-12 17:00:00+00:00,24.84,96.2,0.0,0.0,0.0,419.0,0.97,94.0,100560.0
1990-10-12 18:00:00+00:00,24.49,96.2,0.0,0.0,0.0,416.65,0.9,121.0,100520.0
1990-10-12 19:00:00+00:00,24.34,99.4,0.0,0.0,0.0,421.3,0.62,64.0,100380.0
1990-10-12 20:00:00+00:00,24.23,96.2,0.0,0.0,0.0,424.4,0.62,80.0,100360.0
1990-10-12 21:00:00+00:00,24.1,96.2,0.0,0.0,0.0,422.45,0.76,91.0,100400.0
1990-10-12 22:00:00+00:00,23.93,96.2,0.0,0.0,0.0,423.65,0.69,84.0,100440.0
1990-10-12 23:00:00+00:00,23.85,99.4,0.0,0.0,0.0,421.9,0.55,63.0,100510.0
1990-10-13 00:00:00+00:00,24.12,96.2,82.8,9.86,80.3,425.75,0.34,60.0,100560.0
1990-10-13 01:00:00+00:00,24.83,96.2,218.05,37.01,199.85,427.25,0.21,240.0,100600.0
1990-10-13 02:00:00+00:00,25.76,93.15,325.4,60.43,283.35,424.2,0.83,236.0,100650.0
1990-10-13 03:00:00+00:00,26.4,87.3,442.75,111.9,347.4,423.05,0.69,226.0,100610.0
1990-10-13 04:00:00+00:00,27.21,84.6,396.65,48.01,351.05,430.4,0.76,214.0,100550.0
1990-10-13 05:00:00+00:00,27.73,79.35,490.65,161.84,331.7,432.9,1.24,206.0,100470.0
1990-10-13 06:00:00+00:00,28.28,76.85,181.35,27.77,155.05,433.5,1.93,196.0,100350.0
1990-10-13 07:00:00+00:00,25.27,87.3,177.05,7.2,170.95,420.75,0.97,233.0,100430.0
1990-10-13 08:00:00+00:00,25.3,87.3,194.05,45.95,162.4,420.35,0.62,231.0,100360.0
1990-10-13 09:00:00+00:00,25.45,87.3,56.6,3.0,55.15,415.9,0.76,224.0,100330.0
1990-10-13 10:00:00+00:00,25.09,87.3,16.45,0.0,16.45,418.2,0.41,219.0,100370.0
1990-10-13 11:00:00+00:00,24.67,93.15,0.0,0.0,0.0,414.9,0.41,28.0,100380.0
1990-10-13 12:00:00+00:00,24.3,96.2,0.0,0.0,0.0,413.2,0.9,29.0,100420.0
1990-10-13 13:00:00+00:00,24.05,96.2,0.0,0.0,0.0,413.55,0.9,1.0,100440.0
1990-10-13 14:00:00+00:00,23.78,96.2,0.0,0.0,0.0,408.55,1.03,5.0,100490.0
1990-10-13 15:00:00+00:00,23.49,96.2,0.0,0.0,0.0,409.1,0.9,13.0,100500.0
1990-10-13 16:00:00+00:00,23.28,96.2,0.0,0.0,0.0,413.0,0.9,24.0,100480.0
1990-10-13 17:00:00+00:00,23.24,96.2,0.0,0.0,0.0,410.45,0.69,58.0,100460.0
1990-10-13 18:00:00+00:00,23.18,96.2,0.0,0.0,0.0,412.6,0.76,82.0,100440.0
1990-10-13 19:00:00+00:00,23.0,96.2,0.0,0.0,0.0,417.05,0.62,34.0,100400.0
1990-10-13 20:00:00+00:00,22.8,99.4,0.0,0.0,0.0,413.55,0.62,12.0,100340.0
1990-10-13 21:00:00+00:00,22.91,96.2,0.0,0.0,0.0,419.95,0.69,16.0,100330.0
1990-10-13 22:00:00+00:00,22.88,99.4,0.0,0.0,0.0,419.75,0.83,33.0,100360.0
1990-10-13 23:00:00+00:00,22.99,96.2,0.0,0.0,0.0,413.95,0.97,46.0,100420.0
1990-10-14 00:00:00+00:00,23.35,96.2,146.45,150.47,108.25,411.65,0.55,49.0,100470.0
1990-10-14 01:00:00+00:00,25.29,84.45,348.2,288.08,206.55,412.7,0.62,15.0,100520.0
1990-10-14 02:00:00+00:00,26.91,79.2,564.45,419.33,272.8,413.95,0.83,333.0,100540.0
1990-10-14 03:00:00+00:00,28.33,72.0,632.05,362.4,323.5,416.3,1.17,303.0,100520.0
1990-10-14 04:00:00+00:00,29.1,65.4,800.05,500.6,325.1,420.15,1.24,294.0,100470.0
1990-10-14 05:00:00+00:00,29.95,65.5,918.8,649.9,281.3,418.8,1.59,276.0,100350.0
1990-10-14 06:00:00+00:00,30.62,61.55,697.85,314.47,400.45,424.0,1.86,270.0,100250.0
1990-10-14 07:00:00+00:00,30.81,61.55,584.25,303.3,327.8,423.85,1.86,262.0,100210.0
1990-10-14 08:00:00+00:00,30.62,61.55,417.15,269.94,231.65,426.15,2.0,258.0,100150.0
1990-10-14 09:00:00+00:00,30.11,63.5,183.6,68.33,150.7,424.0,2.14,264.0,100120.0
1990-10-14 10:00:00+00:00,29.21,69.85,35.55,5.57,34.2,421.1,1.93,270.0,100190.0
1990-10-14 11:00:00+00:00,28.08,74.4,0.0,0.0,0.0,420.9,1.66,272.0,100320.0
1990-10-14 12:00:00+00:00,27.13,81.9,0.0,0.0,0.0,419.2,1.31,286.0,100380.0
1990-10-14 13:00:00+00:00,26.26,90.2,0.0,0.0,0.0,415.9,0.97,323.0,100460.0
1990-10-14 14:00:00+00:00,25.74,90.2,0.0,0.0,0.0,413.0,0.9,355.0,100510.0
1990-10-14 15:00:00+00:00,25.36,90.2,0.0,0.0,0.0,413.4,0.97,7.0,100520.0
1990-10-14 16:00:00+00:00,24.97,90.2,0.0,0.0,0.0,410.45,1.03,22.0,100540.0
1990-10-14 17:00:00+00:00,24.73,93.15,0.0,0.0,0.0,413.95,0.97,29.0,100510.0
1990-10-14 18:00:00+00:00,24.31,93.1,0.0,0.0,0.0,406.6,1.03,31.0,100410.0
1990-10-14 19:00:00+00:00,24.54,90.15,0.0,0.0,0.0,412.8,1.1,7.0,100390.0
1990-10-14 20:00:00+00:00,24.37,93.1,0.0,0.0,0.0,409.5,1.17,353.0,100350.0
1990-10-14 21:00:00+00:00,24.21,93.1,0.0,0.0,0.0,406.6,1.17,346.0,100360.0
1990-10-14 22:00:00+00:00,24.21,90.1,0.0,0.0,0.0,406.2,0.97,3.0,100400.0
1990-10-14 23:00:00+00:00,24.12,90.1,0.0,0.0,0.0,407.4,0.9,14.0,100450.0
1990-10-15 00:00:00+00:00,24.84,93.15,178.75,144.21,142.1,408.15,0.55,33.0,100520.0
1990-10-15 01:00:00+00:00,26.98,79.3,429.95,448.67,209.35,410.95,0.62,359.0,100590.0
1990-10-15 02:00:00+00:00,28.42,76.85,583.7,456.81,266.15,417.85,0.9,310.0,100610.0
1990-10-15 03:00:00+00:00,29.37,72.15,830.1,705.6,229.85,424.2,1.24,284.0,100570.0
1990-10-15 04:00:00+00:00,30.42,67.8,787.8,513.54,301.1,420.75,1.66,273.0,100520.0
1990-10-15 05:00:00+00:00,30.8,65.7,865.35,553.48,323.15,424.6,1.66,271.0,100400.0
1990-10-15 06:00:00+00:00,31.28,63.7,744.7,434.12,334.8,428.1,1.72,268.0,100280.0
1990-10-15 07:00:00+00:00,31.34,61.65,569.15,302.7,313.7,431.0,2.07,279.0,100200.0
1990-10-15 08:00:00+00:00,30.68,63.6,347.15,149.81,244.45,425.75,1.66,281.0,100170.0
1990-10-15 09:00:00+00:00,30.51,63.6,186.95,125.85,126.55,425.4,2.0,289.0,100120.0
1990-10-15 10:00:00+00:00,29.97,67.8,39.6,27.17,33.05,419.75,1.79,294.0,100240.0
1990-10-15 11:00:00+00:00,28.91,74.5,0.0,0.0,0.0,419.0,1.59,277.0,100340.0
1990-10-15 12:00:00+00:00,27.92,81.95,0.0,0.0,0.0,422.65,1.38,294.0,100400.0
1990-10-15 13:00:00+00:00,26.99,87.4,0.0,0.0,0.0,415.3,1.1,287.0,100500.0
1990-10-15 14:00:00+00:00,26.59,87.35,0.0,0.0,0.0,411.65,0.9,307.0,100600.0
1990-10-15 15:00:00+00:00,26.59,87.35,0.0,0.0,0.0,417.05,0.69,358.0,100660.0
1990-10-15 16:00:00+00:00,25.91,93.15,0.0,0.0,0.0,417.45,0.9,27.0,100670.0
1990-10-15 17:00:00+00:00,25.41,93.15,0.0,0.0,0.0,412.2,0.9,48.0,100600.0
1990-10-15 18:00:00+00:00,24.88,93.15,0.0,0.0,0.0,410.1,1.1,60.0,100540.0
1990-10-15 19:00:00+00:00,24.84,93.15,0.0,0.0,0.0,415.1,1.03,68.0,100470.0
1990-10-15 20:00:00+00:00,24.56,93.15,0.0,0.0,0.0,409.7,0.97,61.0,100430.0
1990-10-15 21:00:00+00:00,24.18,93.1,0.0,0.0,0.0,404.65,0.97,56.0,100440.0
1990-10-15 22:00:00+00:00,23.95,93.1,0.0,0.0,0.0,407.55,0.97,67.0,100510.0
1990-10-15 23:00:00+00:00,23.78,96.2,0.0,0.0,0.0,405.85,1.17,76.0,100550.0
1990-10-16 00:00:00+00:00,25.17,90.2,238.5,464.49,120.35,410.65,0.76,90.0,100630.0
1990-10-16 01:00:00+00:00,27.56,81.95,482.4,719.22,128.85,418.15,0.76,141.0,100650.0
1990-10-16 02:00:00+00:00,29.09,69.85,664.0,676.76,193.85,407.2,0.83,173.0,100660.0
1990-10-16 03:00:00+00:00,30.27,65.6,774.75,701.05,178.9,417.65,1.1,202.0,100650.0
1990-10-16 04:00:00+00:00,31.04,61.65,760.7,624.25,169.75,420.35,1.86,213.0,100570.0
1990-10-16 05:00:00+00:00,31.44,59.65,856.95,692.06,179.9,422.45,2.21,217.0,100470.0
1990-10-16 06:00:00+00:00,31.87,57.85,880.7,784.6,141.05,412.2,2.48,221.0,100340.0
1990-10-16 07:00:00+00:00,31.79,57.85,744.75,755.32,108.55,411.85,2.48,249.0,100270.0
1990-10-16 08:00:00+00:00,31.74,57.85,568.3,710.33,82.5,410.1,2.28,261.0,100230.0
1990-10-16 09:00:00+00:00,31.45,57.75,297.5,465.15,75.0,402.15,2.07,265.0,100220.0
1990-10-16 10:00:00+00:00,30.72,61.55,75.5,191.98,29.5,404.45,1.72,255.0,100260.0
1990-10-16 11:00:00+00:00,29.31,69.85,0.0,0.0,0.0,393.45,1.45,246.0,100330.0
1990-10-16 12:00:00+00:00,27.78,81.95,0.0,0.0,0.0,389.55,1.03,248.0,100430.0
1990-10-16 13:00:00+00:00,27.84,74.3,0.0,0.0,0.0,386.1,0.28,277.0,100480.0
1990-10-16 14:00:00+00:00,26.59,81.85,0.0,0.0,0.0,385.7,0.9,51.0,100540.0
1990-10-16 15:00:00+00:00,24.81,90.15,0.0,0.0,0.0,384.95,1.45,58.0,100600.0
1990-10-16 16:00:00+00:00,24.39,90.1,0.0,0.0,0.0,392.85,1.59,56.0,100610.0
1990-10-16 17:00:00+00:00,24.05,90.1,0.0,0.0,0.0,392.45,1.59,52.0,100560.0
1990-10-16 18:00:00+00:00,23.74,93.1,0.0,0.0,0.0,393.05,1.45,56.0,100490.0
1990-10-16 19:00:00+00:00,23.71,93.1,0.0,0.0,0.0,389.55,1.31,55.0,100470.0
1990-10-16 20:00:00+00:00,23.48,93.1,0.0,0.0,0.0,390.55,1.38,60.0,100420.0
1990-10-16 21:00:00+00:00,23.27,96.2,0.0,0.0,0.0,390.55,1.38,62.0,100430.0
1990-10-16 22:00:00+00:00,23.0,93.05,0.0,0.0,0.0,383.4,1.45,66.0,100450.0
1990-10-16 23:00:00+00:00,22.91,90.05,0.0,0.0,0.0,380.3,1.52,73.0,100520.0
1990-10-17 00:00:00+00:00,24.58,87.25,322.4,967.84,76.05,380.45,1.03,82.0,100570.0
1990-10-17 01:00:00+00:00,28.86,67.5,568.9,939.01,107.45,385.25,1.1,131.0,100630.0
1990-10-17 02:00:00+00:00,29.93,65.5,759.45,883.87,145.85,391.1,1.86,167.0,100640.0
1990-10-17 03:00:00+00:00,30.84,59.55,901.35,851.48,178.35,395.75,2.07,179.0,100640.0
1990-10-17 04:00:00+00:00,31.61,55.95,916.45,797.05,162.8,399.05,2.14,190.0,100560.0
1990-10-17 05:00:00+00:00,32.11,52.5,973.4,801.01,190.85,403.9,2.07,202.0,100450.0
1990-10-17 06:00:00+00:00,32.5,49.25,868.3,782.21,132.1,401.2,2.0,215.0,100330.0
1990-10-17 07:00:00+00:00,32.73,49.25,725.8,711.34,127.8,408.15,2.07,226.0,100250.0
1990-10-17 08:00:00+00:00,32.65,47.65,536.1,625.92,109.05,404.45,2.07,225.0,100160.0
1990-10-17 09:00:00+00:00,32.29,47.5,308.05,485.01,76.8,397.1,1.86,224.0,100130.0
1990-10-17 10:00:00+00:00,31.43,54.05,76.1,202.75,27.8,388.2,1.52,224.0,100150.0
1990-10-17 11:00:00+00:00,29.76,63.4,0.0,0.0,0.0,381.45,1.24,222.0,100230.0
1990-10-17 12:00:00+00:00,29.12,59.2,0.0,0.0,0.0,372.35,0.48,185.0,100340.0
1990-10-17 13:00:00+00:00,26.99,71.85,0.0,0.0,0.0,368.65,1.1,91.0,100460.0
1990-10-17 14:00:00+00:00,24.94,79.1,0.0,0.0,0.0,367.1,1.59,78.0,100540.0
1990-10-17 15:00:00+00:00,23.93,84.35,0.0,0.0,0.0,369.85,1.79,67.0,100580.0
1990-10-17 16:00:00+00:00,23.18,87.1,0.0,0.0,0.0,367.1,1.86,61.0,100600.0
1990-10-17 17:00:00+00:00,22.64,90.05,0.0,0.0,0.0,367.3,1.86,57.0,100570.0
1990-10-17 18:00:00+00:00,22.28,90.0,0.0,0.0,0.0,368.45,1.79,58.0,100530.0
1990-10-17 19:00:00+00:00,22.52,90.05,0.0,0.0,0.0,380.65,1.59,55.0,100460.0
1990-10-17 20:00:00+00:00,22.46,90.05,0.0,0.0,0.0,380.85,1.59,56.0,100440.0
1990-10-17 21:00:00+00:00,22.3,93.05,0.0,0.0,0.0,379.7,1.66,56.0,100410.0
1990-10-17 22:00:00+00:00,22.17,93.05,0.0,0.0,0.0,381.45,1.59,58.0,100470.0
1990-10-17 23:00:00+00:00,22.01,90.0,0.0,0.0,0.0,380.1,1.59,62.0,100510.0
1990-10-18 00:00:00+00:00,23.83,90.1,303.7,786.78,103.35,380.3,0.97,65.0,100580.0
1990-10-18 01:00:00+00:00,28.93,65.3,528.65,719.05,175.45,386.6,0.62,86.0,100600.0
1990-10-18 02:00:00+00:00,30.68,53.9,727.4,719.65,228.2,395.75,0.76,154.0,100650.0
1990-10-18 03:00:00+00:00,31.52,54.15,881.1,763.99,233.05,401.2,1.03,184.0,100630.0
1990-10-18 04:00:00+00:00,32.28,54.25,956.0,734.6,262.25,407.4,1.1,203.0,100570.0
1990-10-18 05:00:00+00:00,32.86,52.65,928.7,656.29,288.45,411.05,1.31,224.0,100470.0
1990-10-18 06:00:00+00:00,33.17,49.4,825.35,594.17,267.05,415.5,1.72,240.0,100350.0
1990-10-18 07:00:00+00:00,33.28,49.4,679.25,556.7,212.15,418.6,1.72,261.0,100280.0
1990-10-18 08:00:00+00:00,33.07,49.4,455.85,362.29,209.25,413.55,1.93,260.0,100250.0
1990-10-18 09:00:00+00:00,32.42,54.25,265.5,287.09,129.05,411.45,1.93,258.0,100250.0
1990-10-18 10:00:00+00:00,31.43,59.65,65.75,110.18,39.65,408.35,1.79,253.0,100270.0
1990-10-18 11:00:00+00:00,29.86,67.7,0.0,0.0,0.0,403.3,1.66,248.0,100340.0
1990-10-18 12:00:00+00:00,28.2,82.05,0.0,0.0,0.0,397.5,1.17,249.0,100430.0
1990-10-18 13:00:00+00:00,28.37,74.4,0.0,0.0,0.0,395.2,0.28,275.0,100560.0
1990-10-18 14:00:00+00:00,27.43,81.9,0.0,0.0,0.0,398.65,0.83,40.0,100640.0
1990-10-18 15:00:00+00:00,25.58,90.2,0.0,0.0,0.0,392.65,1.38,49.0,100690.0
1990-10-18 16:00:00+00:00,24.88,90.15,0.0,0.0,0.0,395.4,1.52,55.0,100690.0
1990-10-18 17:00:00+00:00,24.43,90.15,0.0,0.0,0.0,398.85,1.45,52.0,100650.0
1990-10-18 18:00:00+00:00,23.96,93.1,0.0,0.0,0.0,392.85,1.38,47.0,100600.0
1990-10-18 19:00:00+00:00,24.07,93.1,0.0,0.0,0.0,395.95,1.31,50.0,100530.0
1990-10-18 20:00:00+00:00,24.13,93.1,0.0,0.0,0.0,398.65,1.1,49.0,100500.0
1990-10-18 21:00:00+00:00,24.2,93.1,0.0,0.0,0.0,399.45,0.9,49.0,100510.0
1990-10-18 22:00:00+00:00,24.24,93.1,0.0,0.0,0.0,404.1,0.83,63.0,100560.0
1990-10-18 23:00:00+00:00,24.04,93.1,40.2,0.0,40.2,404.65,0.9,66.0,100610.0
1990-10-19 00:00:00+00:00,25.76,90.2,270.55,574.79,124.15,403.7,0.41,68.0,100680.0
1990-10-19 01:00:00+00:00,28.08,76.85,474.85,617.4,171.75,408.25,0.28,244.0,100750.0
1990-10-19 02:00:00+00:00,29.32,72.15,643.45,646.41,195.45,414.9,0.55,265.0,100780.0
1990-10-19 03:00:00+00:00,30.41,65.6,827.8,732.02,207.55,421.1,0.76,249.0,100770.0
1990-10-19 04:00:00+00:00,31.25,59.65,832.5,625.85,242.2,422.65,1.66,245.0,100710.0
1990-10-19 05:00:00+00:00,31.51,59.75,705.35,450.09,266.9,427.1,2.34,251.0,100640.0
1990-10-19 06:00:00+00:00,30.94,61.55,724.8,577.2,183.35,433.1,2.21,255.0,100550.0
1990-10-19 07:00:00+00:00,31.98,55.95,612.8,501.18,193.1,427.7,2.62,272.0,100430.0
1990-10-19 08:00:00+00:00,31.91,55.95,458.1,371.32,205.95,427.5,2.76,279.0,100370.0
1990-10-19 09:00:00+00:00,31.49,55.95,234.6,276.39,103.65,418.0,2.48,282.0,100350.0
1990-10-19 10:00:00+00:00,30.75,61.55,65.7,127.34,35.7,425.0,2.34,289.0,100360.0
1990-10-19 11:00:00+00:00,29.5,65.5,0.0,0.0,0.0,405.05,1.79,287.0,100470.0
1990-10-19 12:00:00+00:00,28.05,74.4,0.0,0.0,0.0,400.8,1.52,288.0,100560.0
1990-10-19 13:00:00+00:00,27.14,81.9,0.0,0.0,0.0,400.8,1.1,290.0,100710.0
1990-10-19 14:00:00+00:00,27.77,74.3,0.0,0.0,0.0,394.2,0.48,290.0,100780.0
1990-10-19 15:00:00+00:00,27.29,76.7,0.0,0.0,0.0,392.45,0.34,18.0,100860.0
1990-10-19 16:00:00+00:00,26.22,81.8,0.0,0.0,0.0,391.9,0.9,37.0,100900.0
1990-10-19 17:00:00+00:00,24.7,87.25,0.0,0.0,0.0,391.1,1.31,45.0,100870.0
1990-10-19 18:00:00+00:00,24.07,90.1,0.0,0.0,0.0,395.4,1.45,41.0,100830.0
1990-10-19 19:00:00+00:00,24.24,90.1,0.0,0.0,0.0,391.9,1.52,17.0,100720.0
1990-10-19 20:00:00+00:00,24.04,90.1,0.0,0.0,0.0,393.25,1.52,20.0,100680.0
1990-10-19 21:00:00+00:00,23.84,93.1,0.0,0.0,0.0,393.85,1.52,29.0,100660.0
1990-10-19 22:00:00+00:00,23.62,93.1,0.0,0.0,0.0,395.0,1.45,39.0,100700.0
1990-10-19 23:00:00+00:00,23.52,93.1,47.65,0.0,47.65,400.2,1.31,47.0,100750.0
1990-10-20 00:00:00+00:00,24.8,90.15,224.35,296.62,148.8,395.75,0.83,53.0,100780.0
1990-10-20 01:00:00+00:00,28.02,72.0,427.9,486.96,189.0,398.4,0.62,44.0,100890.0
1990-10-20 02:00:00+00:00,29.6,63.4,682.1,666.38,220.7,406.0,0.34,343.0,100900.0
1990-10-20 03:00:00+00:00,31.01,55.85,795.25,610.92,278.2,409.9,0.83,285.0,100890.0
1990-10-20 04:00:00+00:00,31.82,52.4,946.9,732.63,256.8,414.55,1.52,273.0,100810.0
1990-10-20 05:00:00+00:00,32.61,49.25,904.15,604.81,315.85,417.25,2.0,273.0,100740.0
1990-10-20 06:00:00+00:00,32.9,49.25,717.35,393.92,348.45,420.35,2.41,276.0,100610.0
1990-10-20 07:00:00+00:00,32.7,50.9,566.7,289.42,324.8,434.65,2.28,274.0,100530.0
1990-10-20 08:00:00+00:00,32.42,52.5,404.85,290.19,208.25,427.9,2.34,279.0,100470.0
1990-10-20 09:00:00+00:00,31.98,54.25,269.1,324.56,115.8,423.25,2.21,287.0,100440.0
1990-10-20 10:00:00+00:00,31.34,59.65,63.25,130.37,32.7,416.85,2.21,290.0,100450.0
1990-10-20 11:00:00+00:00,30.05,63.5,0.0,0.0,0.0,417.65,1.72,290.0,100500.0
1990-10-20 12:00:00+00:00,28.58,74.5,0.0,0.0,0.0,406.4,1.38,295.0,100600.0
1990-10-20 13:00:00+00:00,27.71,81.95,0.0,0.0,0.0,405.05,1.03,304.0,100700.0
1990-10-20 14:00:00+00:00,27.49,79.35,0.0,0.0,0.0,407.75,0.83,328.0,100800.0
1990-10-20 15:00:00+00:00,26.99,81.9,0.0,0.0,0.0,406.4,0.9,352.0,100850.0
1990-10-20 16:00:00+00:00,26.61,84.55,0.0,0.0,0.0,405.45,0.83,3.0,100850.0
1990-10-20 17:00:00+00:00,26.35,87.3,0.0,0.0,0.0,405.45,0.76,3.0,100800.0
1990-10-20 18:00:00+00:00,25.71,90.2,0.0,0.0,0.0,400.8,0.9,7.0,100720.0
1990-10-20 19:00:00+00:00,25.38,93.15,0.0,0.0,0.0,409.5,1.1,4.0,100690.0
1990-10-20 20:00:00+00:00,25.21,93.15,0.0,0.0,0.0,409.5,1.03,11.0,100640.0
1990-10-20 21:00:00+00:00,25.25,93.15,0.0,0.0,0.0,406.6,0.83,13.0,100650.0
1990-10-20 22:00:00+00:00,24.95,90.2,0.0,0.0,0.0,405.25,0.9,23.0,100700.0
1990-10-20 23:00:00+00:00,24.32,96.2,33.15,0.0,33.15,406.0,0.9,41.0,100760.0
1990-10-21 00:00:00+00:00,25.77,96.25,295.8,807.01,90.3,401.75,0.76,32.0,100830.0
1990-10-21 01:00:00+00:00,28.3,79.4,505.3,769.57,128.05,406.15,0.97,349.0,100840.0
1990-10-21 02:00:00+00:00,29.75,69.95,687.55,785.56,144.2,411.05,1.24,323.0,100870.0
1990-10-21 03:00:00+00:00,31.03,61.65,828.0,789.53,160.6,421.9,1.45,306.0,100830.0
1990-10-21 04:00:00+00:00,32.1,56.1,892.6,736.93,199.4,422.45,1.93,294.0,100800.0
1990-10-21 05:00:00+00:00,32.77,54.4,879.8,744.79,156.45,425.75,2.34,289.0,100700.0
1990-10-21 06:00:00+00:00,33.22,52.75,816.05,604.29,251.1,424.4,2.62,284.0,100560.0
1990-10-21 07:00:00+00:00,33.3,51.05,649.0,465.43,260.75,426.9,3.31,283.0,100470.0
1990-10-21 08:00:00+00:00,32.48,52.5,406.05,290.05,210.0,425.95,3.38,287.0,100400.0
1990-10-21 09:00:00+00:00,31.68,57.85,183.85,79.53,146.4,423.45,3.1,290.0,100380.0
1990-10-21 10:00:00+00:00,30.68,61.55,33.0,5.58,31.7,420.9,2.83,291.0,100410.0
1990-10-21 11:00:00+00:00,29.66,67.7,0.0,0.0,0.0,421.1,2.14,290.0,100490.0
1990-10-21 12:00:00+00:00,28.79,74.5,0.0,0.0,0.0,420.15,2.0,289.0,100550.0
1990-10-21 13:00:00+00:00,28.04,76.85,0.0,0.0,0.0,416.45,2.07,294.0,100620.0
1990-10-21 14:00:00+00:00,27.37,84.6,0.0,0.0,0.0,413.4,1.86,303.0,100690.0
1990-10-21 15:00:00+00:00,26.81,87.35,0.0,0.0,0.0,413.0,1.59,314.0,100740.0
1990-10-21 16:00:00+00:00,26.32,90.2,0.0,0.0,0.0,407.95,1.45,321.0,100740.0
1990-10-21 17:00:00+00:00,25.92,90.2,0.0,0.0,0.0,411.25,1.24,327.0,100700.0
1990-10-21 18:00:00+00:00,25.43,93.15,0.0,0.0,0.0,409.7,1.03,351.0,100670.0
1990-10-21 19:00:00+00:00,25.99,90.2,0.0,0.0,0.0,417.85,0.83,23.0,100670.0
1990-10-21 20:00:00+00:00,25.87,93.15,0.0,0.0,0.0,413.55,0.76,10.0,100610.0
1990-10-21 21:00:00+00:00,25.75,90.2,0.0,0.0,0.0,410.1,0.69,358.0,100580.0
1990-10-21 22:00:00+00:00,25.71,90.2,0.0,0.0,0.0,407.0,0.69,3.0,100620.0
1990-10-21 23:00:00+00:00,25.44,90.2,43.85,0.0,43.85,400.4,0.69,12.0,100660.0
1990-10-22 00:00:00+00:00,25.74,93.15,239.8,448.67,125.6,397.1,0.83,0.0,100710.0
1990-10-22 01:00:00+00:00,28.01,76.85,509.45,733.02,150.45,403.05,1.52,333.0,100770.0
1990-10-22 02:00:00+00:00,29.73,65.5,686.4,774.14,151.55,404.85,2.0,327.0,100810.0
1990-10-22 03:00:00+00:00,31.05,57.75,872.15,808.24,189.8,415.7,2.14,321.0,100780.0
1990-10-22 04:00:00+00:00,32.23,52.5,828.3,689.1,181.0,419.0,2.34,310.0,100730.0
1990-10-22 05:00:00+00:00,32.77,50.9,936.0,802.76,157.55,426.15,2.55,297.0,100630.0
1990-10-22 06:00:00+00:00,33.44,49.4,867.4,770.6,148.2,423.25,2.76,291.0,100500.0
1990-10-22 07:00:00+00:00,33.27,47.75,659.95,636.83,129.75,422.45,3.52,291.0,100410.0
1990-10-22 08:00:00+00:00,33.01,47.75,517.6,577.05,128.45,421.7,3.52,291.0,100320.0
1990-10-22 09:00:00+00:00,32.55,50.9,260.55,369.52,87.05,418.0,3.52,287.0,100310.0
1990-10-22 10:00:00+00:00,31.42,57.75,68.15,168.99,28.95,409.7,3.17,281.0,100340.0
1990-10-22 11:00:00+00:00,29.93,65.5,0.0,0.0,0.0,404.65,2.83,276.0,100470.0
1990-10-22 12:00:00+00:00,28.8,69.75,0.0,0.0,0.0,405.05,2.69,283.0,100560.0
1990-10-22 13:00:00+00:00,28.01,74.4,0.0,0.0,0.0,405.05,2.48,297.0,100660.0
1990-10-22 14:00:00+00:00,27.45,76.8,0.0,0.0,0.0,408.15,2.21,307.0,100720.0
1990-10-22 15:00:00+00:00,26.76,81.85,0.0,0.0,0.0,401.95,1.93,318.0,100730.0
1990-10-22 16:00:00+00:00,26.12,84.5,0.0,0.0,0.0,400.2,1.72,333.0,100720.0
1990-10-22 17:00:00+00:00,25.61,87.3,0.0,0.0,0.0,399.65,1.59,339.0,100690.0
1990-10-22 18:00:00+00:00,25.25,87.3,0.0,0.0,0.0,399.85,1.66,340.0,100610.0
1990-10-22 19:00:00+00:00,25.03,84.45,0.0,0.0,0.0,395.95,1.31,355.0,100580.0
1990-10-22 20:00:00+00:00,24.94,84.45,0.0,0.0,0.0,399.65,1.31,345.0,100530.0
1990-10-22 21:00:00+00:00,24.79,87.25,0.0,0.0,0.0,400.2,1.38,336.0,100540.0
1990-10-22 22:00:00+00:00,24.59,87.25,0.0,0.0,0.0,395.4,1.31,344.0,100560.0
1990-10-22 23:00:00+00:00,24.43,87.25,46.1,0.0,46.1,395.95,1.31,359.0,100620.0
1990-10-23 00:00:00+00:00,25.44,87.3,269.8,561.22,127.05,393.65,1.1,356.0,100650.0
1990-10-23 01:00:00+00:00,28.16,72.0,516.6,721.31,163.7,398.0,1.72,326.0,100700.0
1990-10-23 02:00:00+00:00,29.64,63.4,694.2,772.11,161.4,404.1,2.28,310.0,100770.0
1990-10-23 03:00:00+00:00,30.8,59.55,886.65,883.69,141.6,409.7,2.55,302.0,100740.0
1990-10-23 04:00:00+00:00,31.92,55.95,937.3,837.76,151.5,414.35,2.76,299.0,100670.0
1990-10-23 05:00:00+00:00,32.6,52.65,910.1,818.38,117.75,421.1,2.97,293.0,100580.0
1990-10-23 06:00:00+00:00,32.77,52.65,814.65,744.62,120.9,426.15,3.1,287.0,100500.0
1990-10-23 07:00:00+00:00,32.97,50.9,666.1,642.46,132.25,427.3,3.24,276.0,100430.0
1990-10-23 08:00:00+00:00,32.36,52.5,449.45,539.19,86.65,420.75,3.17,281.0,100380.0
1990-10-23 09:00:00+00:00,31.63,55.95,285.55,457.84,71.2,421.1,2.9,285.0,100360.0
1990-10-23 10:00:00+00:00,30.82,59.55,66.3,186.04,23.35,410.3,2.83,284.0,100390.0
1990-10-23 11:00:00+00:00,29.58,65.5,0.0,0.0,0.0,409.3,2.21,274.0,100470.0
1990-10-23 12:00:00+00:00,28.66,69.75,0.0,0.0,0.0,407.2,1.93,276.0,100600.0
1990-10-23 13:00:00+00:00,27.84,79.35,0.0,0.0,0.0,410.3,1.52,283.0,100720.0
1990-10-23 14:00:00+00:00,27.38,81.9,0.0,0.0,0.0,407.95,0.76,308.0,100810.0
1990-10-23 15:00:00+00:00,27.42,79.3,0.0,0.0,0.0,407.4,0.41,0.0,100850.0
1990-10-23 16:00:00+00:00,26.58,81.85,0.0,0.0,0.0,403.9,0.55,38.0,100830.0
1990-10-23 17:00:00+00:00,25.22,90.2,0.0,0.0,0.0,396.95,0.9,42.0,100810.0
1990-10-23 18:00:00+00:00,24.58,90.15,0.0,0.0,0.0,397.1,0.97,37.0,100770.0
1990-10-23 19:00:00+00:00,26.09,84.5,0.0,0.0,0.0,411.25,0.55,339.0,100710.0
1990-10-23 20:00:00+00:00,25.2,87.3,0.0,0.0,0.0,405.25,1.03,300.0,100700.0
1990-10-23 21:00:00+00:00,25.07,87.3,0.0,0.0,0.0,404.85,0.97,299.0,100690.0
1990-10-23 22:00:00+00:00,25.57,87.3,0.0,0.0,0.0,412.4,0.62,297.0,100690.0
1990-10-23 23:00:00+00:00,25.46,87.3,30.35,0.0,30.35,399.85,0.28,2.0,100740.0
1990-10-24 00:00:00+00:00,25.63,93.15,258.45,678.4,86.05,400.8,0.41,359.0,100810.0
1990-10-24 01:00:00+00:00,27.41,81.9,490.15,769.22,114.25,409.6,0.76,335.0,100840.0
1990-10-24 02:00:00+00:00,28.86,72.1,679.75,779.05,142.85,409.9,0.48,311.0,100870.0
1990-10-24 03:00:00+00:00,30.18,63.5,808.6,771.31,159.2,427.9,0.97,262.0,100850.0
1990-10-24 04:00:00+00:00,31.23,61.65,935.3,837.41,151.0,430.6,1.66,257.0,100800.0
1990-10-24 05:00:00+00:00,32.15,57.95,685.9,507.17,195.65,432.15,2.34,253.0,100700.0
1990-10-24 06:00:00+00:00,31.31,59.65,581.05,295.52,306.2,446.65,2.21,249.0,100590.0
1990-10-24 07:00:00+00:00,30.74,63.6,352.6,139.81,236.65,432.15,2.34,240.0,100540.0
1990-10-24 08:00:00+00:00,29.34,67.6,241.7,70.08,194.65,430.4,1.72,243.0,100500.0
1990-10-24 09:00:00+00:00,28.77,69.75,128.3,33.63,112.6,425.75,1.17,296.0,100500.0
1990-10-24 10:00:00+00:00,28.64,69.75,41.4,48.96,30.15,419.0,1.03,299.0,100520.0
1990-10-24 11:00:00+00:00,28.07,76.85,0.0,0.0,0.0,413.95,0.69,326.0,100580.0
1990-10-24 12:00:00+00:00,27.73,76.8,0.0,0.0,0.0,409.9,0.62,356.0,100680.0
1990-10-24 13:00:00+00:00,27.07,81.9,0.0,0.0,0.0,415.7,0.9,11.0,100780.0
1990-10-24 14:00:00+00:00,26.51,84.55,0.0,0.0,0.0,410.45,0.97,21.0,100860.0
1990-10-24 15:00:00+00:00,26.0,87.3,0.0,0.0,0.0,406.2,0.9,22.0,100910.0
1990-10-24 16:00:00+00:00,25.54,90.2,0.0,0.0,0.0,406.6,0.97,29.0,100890.0
1990-10-24 17:00:00+00:00,25.2,90.2,0.0,0.0,0.0,405.65,0.83,41.0,100860.0
1990-10-24 18:00:00+00:00,24.97,90.2,0.0,0.0,0.0,405.05,0.62,25.0,100810.0
1990-10-24 19:00:00+00:00,24.87,93.15,0.0,0.0,0.0,416.3,0.69,67.0,100750.0
1990-10-24 20:00:00+00:00,24.63,93.15,0.0,0.0,0.0,423.65,0.55,66.0,100720.0
1990-10-24 21:00:00+00:00,24.42,93.15,0.0,0.0,0.0,425.2,0.48,81.0,100710.0
1990-10-24 22:00:00+00:00,24.32,96.2,0.0,0.0,0.0,425.55,0.41,75.0,100750.0
1990-10-24 23:00:00+00:00,24.26,96.2,37.4,0.0,37.4,426.9,0.21,50.0,100840.0
1990-10-25 00:00:00+00:00,24.74,93.15,211.45,367.94,118.05,427.9,0.07,219.0,100890.0
1990-10-25 01:00:00+00:00,25.82,90.2,401.35,502.81,155.95,427.05,1.03,241.0,100940.0
1990-10-25 02:00:00+00:00,27.3,84.6,609.9,629.51,176.65,422.3,1.24,237.0,101000.0
1990-10-25 03:00:00+00:00,28.75,76.95,660.95,526.09,218.65,430.8,1.45,244.0,100970.0
1990-10-25 04:00:00+00:00,29.76,69.95,552.5,280.49,290.2,432.35,2.34,249.0,100890.0
1990-10-25 05:00:00+00:00,28.48,72.1,673.3,456.14,233.1,441.05,2.21,244.0,100830.0
1990-10-25 06:00:00+00:00,29.13,72.15,558.25,304.54,275.5,424.6,1.45,232.0,100710.0
1990-10-25 07:00:00+00:00,29.62,69.95,440.85,227.91,252.2,422.3,1.93,252.0,100560.0
1990-10-25 08:00:00+00:00,29.46,72.25,304.25,160.77,196.55,427.3,2.0,259.0,100520.0
1990-10-25 09:00:00+00:00,28.69,74.5,212.75,207.69,116.05,431.0,2.07,271.0,100520.0
1990-10-25 10:00:00+00:00,28.45,74.5,55.6,137.24,24.2,424.6,1.93,284.0,100520.0
1990-10-25 11:00:00+00:00,27.86,76.8,0.0,0.0,0.0,420.55,1.45,294.0,100580.0
1990-10-25 12:00:00+00:00,27.29,81.9,0.0,0.0,0.0,412.6,1.1,291.0,100700.0
1990-10-25 13:00:00+00:00,26.88,84.55,0.0,0.0,0.0,412.4,0.69,314.0,100790.0
1990-10-25 14:00:00+00:00,26.53,87.35,0.0,0.0,0.0,421.9,0.69,7.0,100860.0
1990-10-25 15:00:00+00:00,26.0,87.3,0.0,0.0,0.0,415.1,0.76,24.0,100870.0
1990-10-25 16:00:00+00:00,25.57,90.2,0.0,0.0,0.0,413.75,0.62,25.0,100860.0
1990-10-25 17:00:00+00:00,25.18,90.2,0.0,0.0,0.0,411.45,0.62,20.0,100820.0
1990-10-25 18:00:00+00:00,24.97,90.2,0.0,0.0,0.0,412.2,0.28,10.0,100780.0
1990-10-25 19:00:00+00:00,24.63,90.15,0.0,0.0,0.0,412.4,0.21,341.0,100760.0
1990-10-25 20:00:00+00:00,24.47,93.15,0.0,0.0,0.0,427.5,0.14,168.0,100750.0
1990-10-25 21:00:00+00:00,24.46,90.15,0.0,0.0,0.0,428.65,0.28,199.0,100760.0
1990-10-25 22:00:00+00:00,24.26,93.1,0.0,0.0,0.0,420.55,0.14,203.0,100750.0
1990-10-25 23:00:00+00:00,24.13,93.1,37.75,0.0,37.75,413.0,0.21,233.0,100820.0
1990-10-26 00:00:00+00:00,24.61,90.15,202.45,332.94,118.05,421.9,0.69,246.0,100870.0
1990-10-26 01:00:00+00:00,25.42,90.2,359.15,367.58,180.0,415.05,0.69,279.0,100910.0
1990-10-26 02:00:00+00:00,26.66,87.35,526.75,366.76,274.7,415.7,0.69,314.0,100920.0
1990-10-26 03:00:00+00:00,28.07,79.4,701.4,418.07,350.45,429.45,1.1,290.0,100870.0
1990-10-26 04:00:00+00:00,29.38,74.55,757.05,513.08,278.0,442.8,1.31,277.0,100790.0
1990-10-26 05:00:00+00:00,30.18,67.8,668.55,374.95,307.3,441.85,1.59,260.0,100650.0
1990-10-26 06:00:00+00:00,30.41,65.6,496.95,210.24,302.1,440.45,2.14,250.0,100500.0
1990-10-26 07:00:00+00:00,29.8,69.95,274.55,73.29,214.0,436.8,1.66,244.0,100400.0
1990-10-26 08:00:00+00:00,29.21,72.15,246.45,90.43,186.0,434.65,1.59,253.0,100410.0
1990-10-26 09:00:00+00:00,27.34,79.3,75.45,23.8,64.4,435.25,1.52,276.0,100430.0
1990-10-26 10:00:00+00:00,26.31,84.5,13.75,0.0,13.75,429.85,0.9,311.0,100520.0
1990-10-26 11:00:00+00:00,25.54,90.2,0.0,0.0,0.0,429.65,0.34,312.0,100600.0
1990-10-26 12:00:00+00:00,25.28,90.2,0.0,0.0,0.0,433.5,0.48,38.0,100690.0
1990-10-26 13:00:00+00:00,25.18,90.2,0.0,0.0,0.0,428.45,0.69,16.0,100760.0
1990-10-26 14:00:00+00:00,25.09,90.2,0.0,0.0,0.0,422.65,0.14,9.0,100840.0
1990-10-26 15:00:00+00:00,24.9,93.15,0.0,0.0,0.0,412.4,0.07,292.0,100840.0
1990-10-26 16:00:00+00:00,24.36,96.2,0.0,0.0,0.0,413.2,0.69,340.0,100850.0
1990-10-26 17:00:00+00:00,23.99,93.1,0.0,0.0,0.0,420.9,0.55,309.0,100800.0
1990-10-26 18:00:00+00:00,23.78,96.2,0.0,0.0,0.0,420.35,0.07,313.0,100710.0
1990-10-26 19:00:00+00:00,24.58,93.15,0.0,0.0,0.0,419.0,1.1,268.0,100600.0
1990-10-26 20:00:00+00:00,24.3,96.2,0.0,0.0,0.0,411.65,0.83,304.0,100550.0
1990-10-26 21:00:00+00:00,24.29,96.2,0.0,0.0,0.0,417.85,0.55,355.0,100520.0
1990-10-26 22:00:00+00:00,23.96,96.2,0.0,0.0,0.0,410.85,0.55,16.0,100530.0
1990-10-26 23:00:00+00:00,23.84,96.2,39.05,0.0,39.05,414.15,0.97,331.0,100620.0
1990-10-27 00:00:00+00:00,24.46,90.15,171.7,189.25,123.8,418.0,1.45,302.0,100690.0
1990-10-27 01:00:00+00:00,25.16,93.15,312.2,169.33,229.8,416.95,1.72,297.0,100770.0
1990-10-27 02:00:00+00:00,26.17,90.2,440.85,229.97,283.05,416.65,1.93,302.0,100770.0
1990-10-27 03:00:00+00:00,27.24,84.6,657.2,393.31,327.55,428.1,1.72,301.0,100740.0
1990-10-27 04:00:00+00:00,28.55,79.5,810.95,533.43,313.7,428.3,2.0,287.0,100670.0
1990-10-27 05:00:00+00:00,29.73,72.25,543.9,200.65,350.9,439.7,3.1,274.0,100570.0
1990-10-27 06:00:00+00:00,27.89,76.8,381.8,113.11,277.15,440.65,3.38,272.0,100450.0
1990-10-27 07:00:00+00:00,27.97,82.05,323.15,101.44,239.5,427.1,2.0,264.0,100440.0
1990-10-27 08:00:00+00:00,28.14,82.05,231.0,74.06,181.6,437.95,2.14,271.0,100380.0
1990-10-27 09:00:00+00:00,26.55,81.85,131.55,39.62,113.2,435.85,2.48,288.0,100380.0
1990-10-27 10:00:00+00:00,25.46,87.3,18.55,16.97,14.7,421.3,1.59,292.0,100470.0
1990-10-27 11:00:00+00:00,24.94,90.2,0.0,0.0,0.0,418.6,1.1,268.0,100510.0
1990-10-27 12:00:00+00:00,24.64,93.15,0.0,0.0,0.0,415.1,0.9,314.0,100570.0
1990-10-27 13:00:00+00:00,24.42,93.15,0.0,0.0,0.0,409.9,1.1,346.0,100630.0
1990-10-27 14:00:00+00:00,24.23,96.2,0.0,0.0,0.0,409.3,1.1,360.0,100640.0
1990-10-27 15:00:00+00:00,24.05,93.1,0.0,0.0,0.0,408.15,1.03,26.0,100690.0
1990-10-27 16:00:00+00:00,23.82,96.2,0.0,0.0,0.0,407.55,0.76,46.0,100690.0
1990-10-27 17:00:00+00:00,23.52,96.2,0.0,0.0,0.0,409.5,0.41,10.0,100650.0
1990-10-27 18:00:00+00:00,23.48,96.2,0.0,0.0,0.0,413.4,0.48,357.0,100590.0
1990-10-27 19:00:00+00:00,23.76,96.2,0.0,0.0,0.0,412.6,0.62,332.0,100530.0
1990-10-27 20:00:00+00:00,23.63,96.2,0.0,0.0,0.0,413.95,0.9,335.0,100490.0
1990-10-27 21:00:00+00:00,23.54,96.2,0.0,0.0,0.0,419.4,1.03,339.0,100480.0
1990-10-27 22:00:00+00:00,23.42,96.2,0.0,0.0,0.0,423.65,0.9,343.0,100520.0
1990-10-27 23:00:00+00:00,23.35,96.2,34.95,0.0,34.95,418.8,0.69,7.0,100570.0
1990-10-28 00:00:00+00:00,23.7,96.2,200.3,256.29,135.55,420.35,1.1,0.0,100610.0
1990-10-28 01:00:00+00:00,24.93,87.3,464.3,603.39,171.15,416.6,1.52,337.0,100650.0
1990-10-28 02:00:00+00:00,26.81,81.85,661.6,678.97,196.45,411.25,1.66,319.0,100700.0
1990-10-28 03:00:00+00:00,28.28,74.4,733.25,573.61,253.25,414.75,2.0,305.0,100690.0
1990-10-28 04:00:00+00:00,29.19,69.85,724.6,511.9,248.2,427.9,2.28,296.0,100620.0
1990-10-28 05:00:00+00:00,29.63,67.7,816.7,612.72,228.35,422.3,2.48,287.0,100520.0
1990-10-28 06:00:00+00:00,30.07,67.8,771.8,636.96,183.55,429.65,2.9,275.0,100420.0
1990-10-28 07:00:00+00:00,30.48,63.6,714.1,719.46,121.95,426.75,3.03,274.0,100310.0
1990-10-28 08:00:00+00:00,30.24,65.6,394.4,382.72,139.65,417.05,2.97,282.0,100230.0
1990-10-28 09:00:00+00:00,29.26,69.85,201.25,185.81,115.4,426.9,2.62,287.0,100240.0
1990-10-28 10:00:00+00:00,28.22,74.4,32.7,35.39,24.7,421.7,1.79,309.0,100370.0
1990-10-28 11:00:00+00:00,27.53,76.8,0.0,0.0,0.0,427.7,1.38,300.0,100480.0
1990-10-28 12:00:00+00:00,26.82,81.85,0.0,0.0,0.0,426.35,1.24,314.0,100590.0
1990-10-28 13:00:00+00:00,26.31,87.3,0.0,0.0,0.0,422.1,1.24,330.0,100690.0
1990-10-28 14:00:00+00:00,25.87,90.2,0.0,0.0,0.0,420.9,0.76,2.0,100740.0
1990-10-28 15:00:00+00:00,25.6,90.2,0.0,0.0,0.0,410.3,0.34,4.0,100720.0
1990-10-28 16:00:00+00:00,25.07,90.2,0.0,0.0,0.0,412.4,0.48,333.0,100730.0
1990-10-28 17:00:00+00:00,24.5,93.15,0.0,0.0,0.0,405.05,0.69,33.0,100700.0
1990-10-28 18:00:00+00:00,24.39,96.2,0.0,0.0,0.0,414.55,0.62,43.0,100630.0
1990-10-28 19:00:00+00:00,24.75,93.15,0.0,0.0,0.0,415.5,0.48,31.0,100520.0
1990-10-28 20:00:00+00:00,24.45,93.15,0.0,0.0,0.0,413.95,0.55,272.0,100510.0
1990-10-28 21:00:00+00:00,24.48,93.15,0.0,0.0,0.0,414.75,0.21,292.0,100490.0
1990-10-28 22:00:00+00:00,24.01,96.2,0.0,0.0,0.0,417.85,0.48,32.0,100540.0
1990-10-28 23:00:00+00:00,23.99,96.2,37.3,0.0,37.3,421.1,0.76,55.0,100550.0
1990-10-29 00:00:00+00:00,24.51,93.15,233.5,478.53,112.85,419.55,0.97,58.0,100610.0
1990-10-29 01:00:00+00:00,26.01,87.3,493.05,729.4,139.3,418.9,0.76,42.0,100680.0
1990-10-29 02:00:00+00:00,27.61,81.95,634.3,659.06,183.55,414.35,0.34,57.0,100720.0
1990-10-29 03:00:00+00:00,28.7,79.5,640.9,483.6,236.9,424.0,0.21,177.0,100700.0
1990-10-29 04:00:00+00:00,29.8,69.95,499.9,262.57,255.95,423.85,0.97,224.0,100610.0
1990-10-29 05:00:00+00:00,29.18,72.15,573.4,280.57,304.45,441.65,1.79,228.0,100510.0
1990-10-29 06:00:00+00:00,28.98,72.15,582.9,289.62,315.9,426.75,1.79,196.0,100440.0
1990-10-29 07:00:00+00:00,28.73,74.5,271.9,67.13,216.75,427.7,1.31,215.0,100390.0
1990-10-29 08:00:00+00:00,27.55,79.35,121.15,0.0,121.15,431.55,0.9,179.0,100350.0
1990-10-29 09:00:00+00:00,26.8,81.85,46.0,0.0,46.0,423.85,0.55,34.0,100430.0
1990-10-29 10:00:00+00:00,25.74,90.2,16.25,0.0,16.25,430.8,0.69,26.0,100460.0
1990-10-29 11:00:00+00:00,25.32,90.2,0.0,0.0,0.0,427.7,0.62,67.0,100530.0
1990-10-29 12:00:00+00:00,24.97,90.2,0.0,0.0,0.0,415.7,1.1,81.0,100560.0
1990-10-29 13:00:00+00:00,24.67,93.15,0.0,0.0,0.0,411.25,1.17,80.0,100650.0
1990-10-29 14:00:00+00:00,24.32,96.2,0.0,0.0,0.0,404.3,1.1,75.0,100740.0
1990-10-29 15:00:00+00:00,24.07,93.1,0.0,0.0,0.0,408.35,0.9,62.0,100770.0
1990-10-29 16:00:00+00:00,23.87,96.2,0.0,0.0,0.0,406.8,1.03,61.0,100720.0
1990-10-29 17:00:00+00:00,23.54,96.2,0.0,0.0,0.0,400.8,0.97,57.0,100670.0
1990-10-29 18:00:00+00:00,23.49,96.2,0.0,0.0,0.0,408.55,0.83,64.0,100630.0
1990-10-29 19:00:00+00:00,23.88,96.2,0.0,0.0,0.0,411.45,1.03,53.0,100520.0
1990-10-29 20:00:00+00:00,23.59,96.2,0.0,0.0,0.0,405.65,0.9,84.0,100510.0
1990-10-29 21:00:00+00:00,23.67,96.2,0.0,0.0,0.0,415.1,0.76,87.0,100500.0
1990-10-29 22:00:00+00:00,23.92,93.1,0.0,0.0,0.0,412.2,0.14,103.0,100560.0
1990-10-29 23:00:00+00:00,23.78,96.2,43.6,0.0,43.6,407.55,0.14,352.0,100620.0
1990-10-30 00:00:00+00:00,24.51,93.15,232.55,462.32,116.25,403.3,0.07,87.0,100680.0
1990-10-30 01:00:00+00:00,25.73,90.2,395.5,432.88,185.95,408.65,0.48,192.0,100730.0
1990-10-30 02:00:00+00:00,26.65,87.35,585.6,499.46,244.6,416.65,0.28,179.0,100760.0
1990-10-30 03:00:00+00:00,27.76,84.65,647.45,391.56,320.9,423.85,0.34,181.0,100690.0
1990-10-30 04:00:00+00:00,28.78,79.5,463.5,132.4,340.7,429.25,0.69,225.0,100560.0
1990-10-30 05:00:00+00:00,29.07,74.55,502.85,157.75,351.9,435.45,0.9,220.0,100470.0
1990-10-30 06:00:00+00:00,28.54,76.95,412.9,164.19,261.8,427.5,0.9,202.0,100310.0
1990-10-30 07:00:00+00:00,27.55,79.35,410.0,145.55,290.65,428.65,0.83,167.0,100290.0
1990-10-30 08:00:00+00:00,28.02,76.85,231.05,53.25,195.75,423.45,0.55,81.0,100280.0
1990-10-30 09:00:00+00:00,27.7,79.35,114.0,32.95,98.85,426.15,0.48,80.0,100230.0
1990-10-30 10:00:00+00:00,26.69,84.55,11.15,0.0,11.15,422.65,0.41,349.0,100340.0
1990-10-30 11:00:00+00:00,25.45,90.2,0.0,0.0,0.0,424.6,0.9,337.0,100450.0
1990-10-30 12:00:00+00:00,24.93,90.2,0.0,0.0,0.0,423.05,0.97,342.0,100530.0
1990-10-30 13:00:00+00:00,24.68,93.15,0.0,0.0,0.0,422.3,0.69,326.0,100620.0
1990-10-30 14:00:00+00:00,24.29,96.2,0.0,0.0,0.0,416.1,0.55,293.0,100700.0
1990-10-30 15:00:00+00:00,24.2,96.2,0.0,0.0,0.0,418.8,0.41,343.0,100710.0
1990-10-30 16:00:00+00:00,24.06,96.2,0.0,0.0,0.0,417.85,0.48,48.0,100670.0
1990-10-30 17:00:00+00:00,23.85,99.4,0.0,0.0,0.0,418.8,0.34,77.0,100620.0
1990-10-30 18:00:00+00:00,23.78,96.2,0.0,0.0,0.0,420.9,0.55,69.0,100550.0
1990-10-30 19:00:00+00:00,24.02,93.1,0.0,0.0,0.0,415.3,0.34,248.0,100480.0
1990-10-30 20:00:00+00:00,23.7,93.1,0.0,0.0,0.0,411.65,0.48,243.0,100460.0
1990-10-30 21:00:00+00:00,23.64,96.2,0.0,0.0,0.0,419.4,0.14,256.0,100450.0
1990-10-30 22:00:00+00:00,23.5,93.1,0.0,0.0,0.0,419.55,0.07,169.0,100500.0
1990-10-30 23:00:00+00:00,23.26,96.2,22.25,0.0,22.25,417.85,0.21,103.0,100560.0
1990-10-31 00:00:00+00:00,23.69,93.1,80.6,37.86,71.1,417.05,0.69,83.0,100620.0
1990-10-31 01:00:00+00:00,24.21,93.1,134.85,18.94,125.7,422.2,0.83,93.0,100670.0
1990-10-31 02:00:00+00:00,24.89,90.15,180.3,10.64,173.05,419.75,1.1,91.0,100690.0
1990-10-31 03:00:00+00:00,25.43,90.2,250.6,63.66,197.6,420.9,0.9,86.0,100670.0
1990-10-31 04:00:00+00:00,26.09,87.3,212.6,0.0,212.6,421.9,0.34,110.0,100630.0
1990-10-31 05:00:00+00:00,26.38,87.3,391.45,98.72,297.15,425.0,0.69,240.0,100560.0
1990-10-31 06:00:00+00:00,27.05,84.6,384.85,98.19,294.65,428.85,1.52,253.0,100460.0
1990-10-31 07:00:00+00:00,26.57,81.85,197.9,58.28,150.2,432.55,1.59,232.0,100340.0
1990-10-31 08:00:00+00:00,26.54,81.85,62.05,0.0,62.05,421.9,0.48,239.0,100320.0
1990-10-31 09:00:00+00:00,25.72,90.2,80.1,5.12,77.75,428.1,0.69,85.0,100280.0
1990-10-31 10:00:00+00:00,25.25,90.2,22.6,0.45,22.5,426.55,0.62,80.0,100360.0
1990-10-31 11:00:00+00:00,24.84,93.15,0.0,0.0,0.0,418.6,0.69,72.0,100440.0
1990-10-31 12:00:00+00:00,24.47,93.15,0.0,0.0,0.0,419.2,0.48,53.0,100520.0
1990-10-31 13:00:00+00:00,24.07,96.2,0.0,0.0,0.0,415.3,0.83,61.0,100620.0
1990-10-31 14:00:00+00:00,23.99,96.2,0.0,0.0,0.0,419.4,0.76,62.0,100680.0
1990-10-31 15:00:00+00:00,23.7,96.2,0.0,0.0,0.0,418.6,0.62,56.0,100680.0
1990-10-31 16:00:00+00:00,22.17,99.0,0.0,0.0,0.0,421.39,0.37,49.0,100640.0
1990-10-31 17:00:00+00:00,22.62,99.0,0.0,0.0,0.0,421.25,0.48,34.0,100620.0
1990-10-31 18:00:00+00:00,23.06,98.6,0.0,0.0,0.0,421.11,0.59,36.0,100540.0
1990-10-31 19:00:00+00:00,23.51,96.88,0.0,0.0,0.0,420.97,0.7,333.0,100520.0
1990-10-31 20:00:00+00:00,23.95,95.16,0.0,0.0,0.0,420.83,0.8,348.0,100430.0
1990-10-31 21:00:00+00:00,24.39,93.43,0.0,0.0,0.0,420.69,0.91,360.0,100420.0
1990-10-31 22:00:00+00:00,24.84,91.71,0.0,0.0,0.0,420.55,1.02,11.0,100440.0
1990-10-31 23:00:00+00:00,25.28,89.99,27.55,0.0,27.55,420.41,1.13,10.0,100500.0
1990-11-01 00:00:00+00:00,25.73,88.27,229.2,337.66,144.95,420.27,1.23,61.0,100660.0
1990-11-01 01:00:00+00:00,26.17,86.54,398.55,349.35,230.5,420.13,1.34,241.0,100730.0
1990-11-01 02:00:00+00:00,26.62,84.82,501.85,305.96,294.15,419.99,1.45,247.0,100820.0
1990-11-01 03:00:00+00:00,27.06,83.1,503.6,258.0,289.6,419.84,1.56,240.0,100830.0
1990-11-01 04:00:00+00:00,27.51,81.38,640.65,294.56,368.9,419.7,1.66,242.0,100740.0
1990-11-01 05:00:00+00:00,27.95,79.66,614.9,265.21,362.45,419.56,1.77,269.0,100570.0
1990-11-01 06:00:00+00:00,28.4,77.93,758.25,573.92,232.9,419.42,1.88,298.0,100450.0
1990-11-01 07:00:00+00:00,28.84,76.21,544.4,427.51,195.75,419.28,1.99,297.0,100360.0
1990-11-01 08:00:00+00:00,29.59,67.7,385.9,330.87,167.8,426.55,2.21,283.0,100250.0
1990-11-01 09:00:00+00:00,29.14,69.85,172.65,144.0,106.85,424.2,2.07,285.0,100220.0
1990-11-01 10:00:00+00:00,28.46,76.85,41.15,52.33,29.5,417.25,1.86,292.0,100290.0
1990-11-01 11:00:00+00:00,27.22,76.8,0.0,0.0,0.0,420.15,2.07,292.0,100410.0
1990-11-01 12:00:00+00:00,26.26,84.55,0.0,0.0,0.0,416.1,1.79,300.0,100480.0
1990-11-01 13:00:00+00:00,25.81,87.3,0.0,0.0,0.0,422.1,1.52,299.0,100550.0
1990-11-01 14:00:00+00:00,25.37,90.2,0.0,0.0,0.0,416.45,1.31,320.0,100660.0
1990-11-01 15:00:00+00:00,24.93,93.15,0.0,0.0,0.0,411.05,1.17,335.0,100700.0
1990-11-01 16:00:00+00:00,24.56,93.15,0.0,0.0,0.0,410.1,1.03,347.0,100690.0
1990-11-01 17:00:00+00:00,24.3,96.2,0.0,0.0,0.0,409.5,0.97,352.0,100650.0
1990-11-01 18:00:00+00:00,24.13,96.2,0.0,0.0,0.0,409.3,0.83,344.0,100590.0
1990-11-01 19:00:00+00:00,24.54,93.15,0.0,0.0,0.0,413.95,0.62,347.0,100520.0
1990-11-01 20:00:00+00:00,24.18,96.2,0.0,0.0,0.0,410.3,0.69,70.0,100470.0
1990-11-01 21:00:00+00:00,23.73,99.4,0.0,0.0,0.0,407.0,1.03,74.0,100460.0
1990-11-01 22:00:00+00:00,23.61,99.4,0.0,0.0,0.0,410.3,1.1,78.0,100470.0
1990-11-01 23:00:00+00:00,23.52,96.2,37.05,0.0,37.05,407.75,1.17,78.0,100530.0
1990-11-02 00:00:00+00:00,24.36,96.2,284.95,699.58,110.95,401.2,0.9,77.0,100550.0
1990-11-02 01:00:00+00:00,26.31,87.35,509.4,810.54,120.4,399.55,0.83,93.0,100580.0
1990-11-02 02:00:00+00:00,27.74,79.4,690.15,791.19,154.15,405.65,0.21,162.0,100630.0
1990-11-02 03:00:00+00:00,28.94,76.95,870.6,850.14,166.8,416.45,0.69,254.0,100630.0
1990-11-02 04:00:00+00:00,29.84,74.65,845.2,655.14,241.9,415.7,1.31,268.0,100590.0
1990-11-02 05:00:00+00:00,30.36,70.0,725.45,512.96,238.05,425.0,1.93,272.0,100470.0
1990-11-02 06:00:00+00:00,29.04,74.5,718.2,465.83,292.55,435.25,2.14,281.0,100370.0
1990-11-02 07:00:00+00:00,29.04,79.5,446.95,220.49,267.45,433.3,2.48,282.0,100290.0
1990-11-02 08:00:00+00:00,27.94,79.4,149.55,15.27,139.5,428.65,2.48,281.0,100280.0
1990-11-02 09:00:00+00:00,26.98,84.6,83.7,7.46,80.3,427.9,1.45,279.0,100330.0
1990-11-02 10:00:00+00:00,26.78,81.9,26.4,12.61,23.6,422.3,1.66,306.0,100380.0
1990-11-02 11:00:00+00:00,26.28,87.35,0.0,0.0,0.0,417.05,1.03,331.0,100470.0
1990-11-02 12:00:00+00:00,25.89,90.2,0.0,0.0,0.0,421.5,0.55,350.0,100550.0
1990-11-02 13:00:00+00:00,25.48,93.15,0.0,0.0,0.0,412.6,0.76,26.0,100630.0
1990-11-02 14:00:00+00:00,25.07,93.15,0.0,0.0,0.0,414.75,0.97,50.0,100750.0
1990-11-02 15:00:00+00:00,24.86,96.2,0.0,0.0,0.0,418.0,0.55,78.0,100790.0
1990-11-02 16:00:00+00:00,24.41,99.4,0.0,0.0,0.0,409.7,0.9,81.0,100810.0
1990-11-02 17:00:00+00:00,24.21,99.4,0.0,0.0,0.0,418.6,0.83,74.0,100760.0
1990-11-02 18:00:00+00:00,23.91,99.4,0.0,0.0,0.0,416.65,0.62,47.0,100690.0
1990-11-02 19:00:00+00:00,23.71,96.2,0.0,0.0,0.0,407.95,0.9,62.0,100630.0
1990-11-02 20:00:00+00:00,23.4,99.4,0.0,0.0,0.0,402.9,0.48,75.0,100620.0
1990-11-02 21:00:00+00:00,23.23,99.4,0.0,0.0,0.0,408.35,0.34,68.0,100610.0
1990-11-02 22:00:00+00:00,23.14,99.4,0.0,0.0,0.0,413.75,0.55,66.0,100640.0
1990-11-02 23:00:00+00:00,22.99,100.0,0.0,0.0,0.0,409.9,1.03,80.0,100680.0
1990-11-03 00:00:00+00:00,23.68,96.2,203.95,267.68,137.6,417.85,0.9,86.0,100700.0
1990-11-03 01:00:00+00:00,25.33,93.15,466.65,572.94,192.35,414.85,0.55,109.0,100760.0
1990-11-03 02:00:00+00:00,26.99,81.9,667.8,720.82,180.5,414.15,0.48,130.0,100790.0
1990-11-03 03:00:00+00:00,28.33,79.4,775.35,628.02,256.45,409.7,0.41,155.0,100770.0
1990-11-03 04:00:00+00:00,29.49,74.55,686.9,420.05,300.8,416.1,0.62,190.0,100710.0
1990-11-03 05:00:00+00:00,29.9,72.25,578.15,237.07,353.3,436.2,1.1,217.0,100600.0
1990-11-03 06:00:00+00:00,28.21,76.85,418.6,156.28,276.05,436.4,1.17,204.0,100500.0
1990-11-03 07:00:00+00:00,27.44,76.8,292.6,90.57,219.0,419.4,0.14,325.0,100510.0
1990-11-03 08:00:00+00:00,27.37,79.35,288.4,101.55,221.7,429.45,0.62,170.0,100370.0
1990-11-03 09:00:00+00:00,27.59,76.85,124.7,40.75,106.15,415.3,0.55,94.0,100380.0
1990-11-03 10:00:00+00:00,27.36,79.35,34.0,3.83,33.15,420.9,0.28,94.0,100370.0
1990-11-03 11:00:00+00:00,26.93,84.6,0.0,0.0,0.0,414.15,0.34,218.0,100460.0
1990-11-03 12:00:00+00:00,26.28,87.35,0.0,0.0,0.0,412.2,0.97,196.0,100530.0
1990-11-03 13:00:00+00:00,25.52,90.2,0.0,0.0,0.0,413.75,0.76,142.0,100610.0
1990-11-03 14:00:00+00:00,25.13,90.2,0.0,0.0,0.0,415.5,1.03,110.0,100690.0
1990-11-03 15:00:00+00:00,24.64,93.15,0.0,0.0,0.0,409.1,0.97,112.0,100750.0
1990-11-03 16:00:00+00:00,24.21,96.2,0.0,0.0,0.0,404.85,0.9,104.0,100770.0
1990-11-03 17:00:00+00:00,23.95,99.4,0.0,0.0,0.0,409.5,0.97,82.0,100700.0
1990-11-03 18:00:00+00:00,23.65,99.4,0.0,0.0,0.0,408.55,0.83,51.0,100650.0
1990-11-03 19:00:00+00:00,23.67,99.4,0.0,0.0,0.0,407.0,0.69,84.0,100560.0
1990-11-03 20:00:00+00:00,23.55,99.4,0.0,0.0,0.0,411.05,0.55,98.0,100540.0
1990-11-03 21:00:00+00:00,23.37,99.4,0.0,0.0,0.0,413.55,0.41,126.0,100520.0
1990-11-03 22:00:00+00:00,23.13,99.4,0.0,0.0,0.0,410.85,0.69,76.0,100550.0
1990-11-03 23:00:00+00:00,22.92,100.0,0.0,0.0,0.0,406.4,0.83,46.0,100610.0
1990-11-04 00:00:00+00:00,24.1,96.2,241.6,516.24,114.1,409.5,0.69,49.0,100660.0
1990-11-04 01:00:00+00:00,25.77,90.2,438.7,595.97,154.1,416.0,0.76,48.0,100690.0
1990-11-04 02:00:00+00:00,27.14,84.65,636.75,665.32,187.95,414.15,0.55,29.0,100720.0
1990-11-04 03:00:00+00:00,28.29,84.7,759.9,601.44,263.95,418.0,0.34,295.0,100690.0
1990-11-04 04:00:00+00:00,29.54,77.0,574.9,271.02,326.25,426.35,0.62,262.0,100610.0
1990-11-04 05:00:00+00:00,28.93,79.5,621.65,323.47,315.4,432.9,1.17,245.0,100480.0
1990-11-04 06:00:00+00:00,28.14,76.85,559.7,341.94,248.35,421.3,0.9,193.0,100370.0
1990-11-04 07:00:00+00:00,28.16,74.4,487.8,280.54,260.2,418.0,0.83,352.0,100270.0
1990-11-04 08:00:00+00:00,28.6,74.5,333.4,228.15,183.8,421.1,1.31,354.0,100200.0
1990-11-04 09:00:00+00:00,28.42,76.85,160.95,123.88,104.65,423.25,0.9,313.0,100220.0
1990-11-04 10:00:00+00:00,27.07,79.35,21.2,4.97,20.1,418.2,0.28,302.0,100280.0
1990-11-04 11:00:00+00:00,26.23,84.55,0.0,0.0,0.0,423.45,0.55,0.0,100380.0
1990-11-04 12:00:00+00:00,25.4,90.2,0.0,0.0,0.0,419.55,0.41,101.0,100470.0
1990-11-04 13:00:00+00:00,24.75,96.2,0.0,0.0,0.0,422.65,0.9,101.0,100580.0
1990-11-04 14:00:00+00:00,24.44,99.4,0.0,0.0,0.0,418.0,0.76,82.0,100670.0
1990-11-04 15:00:00+00:00,24.13,96.2,0.0,0.0,0.0,416.65,0.76,60.0,100710.0
1990-11-04 16:00:00+00:00,23.95,99.4,0.0,0.0,0.0,419.0,0.83,64.0,100690.0
1990-11-04 17:00:00+00:00,23.77,99.4,0.0,0.0,0.0,419.55,0.62,73.0,100660.0
1990-11-04 18:00:00+00:00,23.34,99.4,0.0,0.0,0.0,400.8,0.62,72.0,100580.0
1990-11-04 19:00:00+00:00,23.32,99.4,0.0,0.0,0.0,409.1,0.55,40.0,100450.0
1990-11-04 20:00:00+00:00,23.31,99.4,0.0,0.0,0.0,414.9,0.69,38.0,100400.0
1990-11-04 21:00:00+00:00,23.0,100.0,0.0,0.0,0.0,402.75,0.69,35.0,100390.0
1990-11-04 22:00:00+00:00,22.81,99.4,0.0,0.0,0.0,405.45,0.41,22.0,100450.0
1990-11-04 23:00:00+00:00,22.83,99.4,0.0,0.0,0.0,411.85,0.14,315.0,100510.0
1990-11-05 00:00:00+00:00,23.58,96.2,204.35,376.18,111.8,414.9,0.14,184.0,100590.0
1990-11-05 01:00:00+00:00,24.9,90.15,429.35,619.91,134.1,419.3,0.28,198.0,100620.0
1990-11-05 02:00:00+00:00,26.34,81.85,614.0,666.89,165.15,407.4,0.07,11.0,100630.0
1990-11-05 03:00:00+00:00,27.63,76.85,667.45,566.69,201.1,419.4,0.9,266.0,100580.0
1990-11-05 04:00:00+00:00,28.52,79.4,591.65,396.14,228.9,423.45,1.38,256.0,100530.0
1990-11-05 05:00:00+00:00,28.33,76.85,525.25,256.28,283.05,431.95,1.59,243.0,100410.0
1990-11-05 06:00:00+00:00,27.77,76.85,518.3,281.2,262.7,432.55,2.07,241.0,100320.0
1990-11-05 07:00:00+00:00,27.08,81.95,424.4,212.98,251.9,419.75,2.14,248.0,100250.0
1990-11-05 08:00:00+00:00,26.89,84.6,325.55,209.2,188.6,417.45,2.0,264.0,100210.0
1990-11-05 09:00:00+00:00,26.28,81.85,142.45,113.61,90.9,413.2,1.93,281.0,100190.0
1990-11-05 10:00:00+00:00,25.67,84.5,34.65,50.03,23.6,410.45,1.52,299.0,100250.0
1990-11-05 11:00:00+00:00,25.19,87.3,0.0,0.0,0.0,409.5,1.03,319.0,100300.0
1990-11-05 12:00:00+00:00,24.71,90.15,0.0,0.0,0.0,406.2,1.1,353.0,100380.0
1990-11-05 13:00:00+00:00,24.16,93.1,0.0,0.0,0.0,399.45,1.1,12.0,100440.0
1990-11-05 14:00:00+00:00,23.83,96.2,0.0,0.0,0.0,401.4,1.17,12.0,100520.0
1990-11-05 15:00:00+00:00,23.66,96.2,0.0,0.0,0.0,405.25,1.03,23.0,100550.0
1990-11-05 16:00:00+00:00,23.4,96.2,0.0,0.0,0.0,401.55,0.97,41.0,100550.0
1990-11-05 17:00:00+00:00,23.24,96.2,0.0,0.0,0.0,406.0,0.69,41.0,100500.0
1990-11-05 18:00:00+00:00,23.07,96.2,0.0,0.0,0.0,406.2,0.62,21.0,100440.0
1990-11-05 19:00:00+00:00,23.61,96.2,0.0,0.0,0.0,410.45,0.9,326.0,100360.0
1990-11-05 20:00:00+00:00,23.49,96.2,0.0,0.0,0.0,410.65,0.97,331.0,100300.0
1990-11-05 21:00:00+00:00,23.44,96.2,0.0,0.0,0.0,410.45,1.03,339.0,100290.0
1990-11-05 22:00:00+00:00,23.23,96.2,0.0,0.0,0.0,399.05,0.9,334.0,100340.0
1990-11-05 23:00:00+00:00,22.96,99.4,0.0,0.0,0.0,395.0,0.97,342.0,100420.0
1990-11-06 00:00:00+00:00,23.95,99.4,234.45,636.66,78.45,401.0,0.76,322.0,100470.0
1990-11-06 01:00:00+00:00,25.44,90.2,347.15,391.5,161.2,403.8,2.0,301.0,100530.0
1990-11-06 02:00:00+00:00,26.49,84.55,491.8,480.64,169.05,416.1,2.28,295.0,100550.0
1990-11-06 03:00:00+00:00,27.55,76.8,649.5,572.43,179.4,419.55,2.62,295.0,100540.0
1990-11-06 04:00:00+00:00,28.35,76.85,825.9,695.23,190.5,422.1,2.9,293.0,100470.0
1990-11-06 05:00:00+00:00,29.11,74.55,862.7,708.86,194.0,420.9,3.03,287.0,100370.0
1990-11-06 06:00:00+00:00,29.11,77.0,623.5,487.93,180.75,424.8,3.38,282.0,100240.0
1990-11-06 07:00:00+00:00,28.57,74.5,557.85,460.19,185.75,419.4,3.45,298.0,100160.0
1990-11-06 08:00:00+00:00,28.45,76.85,350.7,302.32,153.1,419.4,3.24,293.0,100080.0
1990-11-06 09:00:00+00:00,28.13,76.85,186.4,189.38,100.6,424.0,3.31,295.0,100060.0
1990-11-06 10:00:00+00:00,27.51,79.35,41.5,69.58,26.15,415.1,2.9,296.0,100110.0
1990-11-06 11:00:00+00:00,26.46,84.55,0.0,0.0,0.0,417.85,2.14,302.0,100280.0
1990-11-06 12:00:00+00:00,25.98,87.3,0.0,0.0,0.0,420.9,1.79,299.0,100360.0
1990-11-06 13:00:00+00:00,25.4,90.2,0.0,0.0,0.0,409.3,1.66,315.0,100430.0
1990-11-06 14:00:00+00:00,24.97,93.15,0.0,0.0,0.0,407.55,1.45,322.0,100500.0
1990-11-06 15:00:00+00:00,24.71,93.15,0.0,0.0,0.0,412.0,1.45,323.0,100500.0
1990-11-06 16:00:00+00:00,24.24,96.2,0.0,0.0,0.0,398.65,1.31,336.0,100500.0
1990-11-06 17:00:00+00:00,23.95,99.4,0.0,0.0,0.0,400.8,1.1,351.0,100470.0
1990-11-06 18:00:00+00:00,23.65,96.2,0.0,0.0,0.0,402.15,1.03,3.0,100410.0
1990-11-06 19:00:00+00:00,24.05,96.2,0.0,0.0,0.0,413.4,0.9,349.0,100320.0
1990-11-06 20:00:00+00:00,23.74,96.2,0.0,0.0,0.0,400.8,1.17,321.0,100240.0
1990-11-06 21:00:00+00:00,23.65,96.2,0.0,0.0,0.0,405.25,1.1,328.0,100240.0
1990-11-06 22:00:00+00:00,23.62,99.4,0.0,0.0,0.0,412.6,0.83,351.0,100290.0
1990-11-06 23:00:00+00:00,23.3,99.4,0.0,0.0,0.0,414.9,0.55,15.0,100350.0
1990-11-07 00:00:00+00:00,24.13,96.2,178.9,274.61,111.9,417.85,0.55,341.0,100440.0
1990-11-07 01:00:00+00:00,25.36,93.15,393.4,474.43,168.7,422.4,1.17,286.0,100500.0
1990-11-07 02:00:00+00:00,26.79,81.9,644.55,753.23,139.95,414.9,2.21,284.0,100510.0
1990-11-07 03:00:00+00:00,28.02,76.85,669.5,609.94,169.65,409.5,2.69,291.0,100500.0
1990-11-07 04:00:00+00:00,28.7,74.5,821.85,721.19,164.0,426.15,3.1,291.0,100430.0
1990-11-07 05:00:00+00:00,29.25,72.15,737.35,556.85,213.0,419.95,3.31,291.0,100330.0
1990-11-07 06:00:00+00:00,29.04,74.5,678.8,550.48,180.15,424.0,3.31,285.0,100200.0
1990-11-07 07:00:00+00:00,29.61,67.7,586.6,515.75,170.25,420.75,3.38,291.0,100070.0
1990-11-07 08:00:00+00:00,29.53,69.85,421.95,482.51,107.05,423.05,3.31,292.0,100050.0
1990-11-07 09:00:00+00:00,29.05,74.5,216.15,297.72,81.45,420.9,3.38,288.0,99990.0
1990-11-07 10:00:00+00:00,28.25,76.85,50.65,124.79,23.15,411.05,2.9,294.0,100110.0
1990-11-07 11:00:00+00:00,27.09,79.35,0.0,0.0,0.0,416.3,2.55,293.0,100210.0
1990-11-07 12:00:00+00:00,26.36,84.55,0.0,0.0,0.0,422.45,1.93,303.0,100260.0
1990-11-07 13:00:00+00:00,25.94,90.2,0.0,0.0,0.0,423.25,1.24,306.0,100320.0
1990-11-07 14:00:00+00:00,25.22,93.15,0.0,0.0,0.0,406.0,0.76,305.0,100390.0
1990-11-07 15:00:00+00:00,24.78,96.2,0.0,0.0,0.0,397.7,0.62,305.0,100430.0
1990-11-07 16:00:00+00:00,24.65,93.15,0.0,0.0,0.0,403.9,0.48,312.0,100460.0
1990-11-07 17:00:00+00:00,24.26,96.2,0.0,0.0,0.0,405.25,0.55,310.0,100450.0
1990-11-07 18:00:00+00:00,23.73,99.4,0.0,0.0,0.0,417.85,0.69,270.0,100380.0
1990-11-07 19:00:00+00:00,23.93,99.4,0.0,0.0,0.0,403.5,1.38,290.0,100330.0
1990-11-07 20:00:00+00:00,23.74,99.4,0.0,0.0,0.0,409.9,1.03,308.0,100250.0
1990-11-07 21:00:00+00:00,23.77,99.4,0.0,0.0,0.0,418.0,1.03,326.0,100180.0
1990-11-07 22:00:00+00:00,23.71,99.4,0.0,0.0,0.0,419.75,1.03,348.0,100220.0
1990-11-07 23:00:00+00:00,23.59,99.4,0.0,0.0,0.0,414.95,1.03,7.0,100270.0
1990-11-08 00:00:00+00:00,24.18,96.2,251.55,676.06,87.35,419.75,1.17,358.0,100370.0
1990-11-08 01:00:00+00:00,25.81,87.3,457.55,695.02,129.35,409.8,1.31,330.0,100450.0
1990-11-08 02:00:00+00:00,27.25,79.35,570.4,621.28,155.2,409.3,2.07,307.0,100480.0
1990-11-08 03:00:00+00:00,28.31,76.85,801.25,771.2,170.6,414.35,2.83,299.0,100460.0
1990-11-08 04:00:00+00:00,29.26,72.15,708.6,586.67,174.5,417.25,3.52,294.0,100410.0
1990-11-08 05:00:00+00:00,29.48,69.85,771.35,650.48,159.95,427.1,3.66,291.0,100300.0
1990-11-08 06:00:00+00:00,29.66,67.7,733.85,586.91,203.1,419.2,3.66,293.0,100210.0
1990-11-08 07:00:00+00:00,29.77,67.7,522.9,383.56,213.75,423.45,3.59,301.0,100100.0
1990-11-08 08:00:00+00:00,29.38,69.85,357.65,230.33,207.55,422.85,3.66,300.0,99990.0
1990-11-08 09:00:00+00:00,28.98,72.1,157.45,62.19,129.35,418.8,3.17,293.0,100040.0
1990-11-08 10:00:00+00:00,28.21,76.85,33.7,18.85,29.55,419.95,2.48,290.0,100100.0
1990-11-08 11:00:00+00:00,27.27,79.35,0.0,0.0,0.0,414.55,1.93,294.0,100150.0
1990-11-08 12:00:00+00:00,26.41,87.35,0.0,0.0,0.0,407.2,1.72,296.0,100290.0
1990-11-08 13:00:00+00:00,25.93,90.2,0.0,0.0,0.0,417.85,1.31,289.0,100380.0
1990-11-08 14:00:00+00:00,25.29,93.15,0.0,0.0,0.0,408.9,1.03,282.0,100470.0
1990-11-08 15:00:00+00:00,24.9,96.2,0.0,0.0,0.0,408.35,1.1,287.0,100490.0
1990-11-08 16:00:00+00:00,24.55,96.2,0.0,0.0,0.0,404.45,1.45,290.0,100480.0
1990-11-08 17:00:00+00:00,24.32,96.2,0.0,0.0,0.0,406.6,1.45,294.0,100450.0
1990-11-08 18:00:00+00:00,24.08,96.2,0.0,0.0,0.0,405.05,1.24,308.0,100350.0
1990-11-08 19:00:00+00:00,23.99,99.4,0.0,0.0,0.0,404.3,1.1,319.0,100280.0
1990-11-08 20:00:00+00:00,23.86,99.4,0.0,0.0,0.0,404.85,1.38,323.0,100230.0
1990-11-08 21:00:00+00:00,23.75,99.4,0.0,0.0,0.0,407.4,1.31,322.0,100230.0
1990-11-08 22:00:00+00:00,23.64,99.4,0.0,0.0,0.0,410.3,1.1,339.0,100240.0
1990-11-08 23:00:00+00:00,23.45,99.4,0.0,0.0,0.0,404.85,1.03,15.0,100320.0
1990-11-09 00:00:00+00:00,24.27,96.2,212.55,361.56,125.15,418.8,1.03,17.0,100400.0
1990-11-09 01:00:00+00:00,25.71,90.2,412.9,576.81,141.35,421.8,0.97,11.0,100470.0
1990-11-09 02:00:00+00:00,27.43,81.95,631.35,690.93,170.75,415.7,1.03,350.0,100510.0
1990-11-09 03:00:00+00:00,28.87,74.5,777.4,745.0,169.5,417.45,1.31,310.0,100480.0
1990-11-09 04:00:00+00:00,29.78,69.95,780.35,574.34,258.5,419.75,1.79,276.0,100410.0
1990-11-09 05:00:00+00:00,30.09,67.8,795.7,650.38,185.5,426.9,2.0,264.0,100330.0
1990-11-09 06:00:00+00:00,30.4,70.0,595.9,364.97,266.4,424.2,2.21,261.0,100190.0
1990-11-09 07:00:00+00:00,28.75,76.95,375.95,219.57,199.25,428.45,1.31,243.0,100130.0
1990-11-09 08:00:00+00:00,28.56,79.4,219.75,96.58,156.9,428.1,1.17,254.0,100050.0
1990-11-09 09:00:00+00:00,28.24,79.4,147.85,72.23,115.25,420.75,1.17,268.0,100130.0
1990-11-09 10:00:00+00:00,27.68,76.85,19.6,2.95,18.95,421.5,0.9,306.0,100240.0
1990-11-09 11:00:00+00:00,26.96,84.6,0.0,0.0,0.0,420.15,0.83,348.0,100290.0
1990-11-09 12:00:00+00:00,26.32,87.35,0.0,0.0,0.0,419.75,0.76,7.0,100360.0
1990-11-09 13:00:00+00:00,25.72,90.2,0.0,0.0,0.0,415.5,0.9,46.0,100420.0
1990-11-09 14:00:00+00:00,25.18,93.15,0.0,0.0,0.0,407.75,0.97,66.0,100520.0
1990-11-09 15:00:00+00:00,24.81,96.2,0.0,0.0,0.0,410.1,1.03,63.0,100550.0
1990-11-09 16:00:00+00:00,24.59,96.2,0.0,0.0,0.0,417.05,0.83,68.0,100550.0
1990-11-09 17:00:00+00:00,24.14,96.2,0.0,0.0,0.0,420.75,0.55,83.0,100500.0
1990-11-09 18:00:00+00:00,24.17,96.2,0.0,0.0,0.0,417.65,0.14,182.0,100470.0
1990-11-09 19:00:00+00:00,23.8,99.4,0.0,0.0,0.0,412.6,0.48,90.0,100370.0
1990-11-09 20:00:00+00:00,23.53,96.2,0.0,0.0,0.0,418.2,0.48,139.0,100360.0
1990-11-09 21:00:00+00:00,23.3,99.4,0.0,0.0,0.0,417.65,0.48,124.0,100400.0
1990-11-09 22:00:00+00:00,23.34,99.4,0.0,0.0,0.0,427.3,0.48,97.0,100430.0
1990-11-09 23:00:00+00:00,23.34,99.4,0.0,0.0,0.0,425.75,0.83,63.0,100520.0
1990-11-10 00:00:00+00:00,23.74,99.4,142.45,145.71,107.4,420.15,0.9,58.0,100560.0
1990-11-10 01:00:00+00:00,24.85,96.2,416.05,493.08,184.65,419.85,0.97,63.0,100620.0
1990-11-10 02:00:00+00:00,26.51,87.35,559.7,574.18,177.9,413.2,0.62,77.0,100630.0
1990-11-10 03:00:00+00:00,27.77,79.4,713.05,635.36,195.75,416.65,0.48,181.0,100610.0
1990-11-10 04:00:00+00:00,28.87,76.95,674.95,489.52,231.05,413.55,0.83,193.0,100560.0
1990-11-10 05:00:00+00:00,29.45,77.0,695.25,442.27,281.05,427.9,1.31,194.0,100440.0
1990-11-10 06:00:00+00:00,29.84,77.1,421.9,242.09,203.7,429.85,1.38,206.0,100300.0
1990-11-10 07:00:00+00:00,28.61,72.1,353.3,154.25,229.35,431.2,1.72,172.0,100220.0
1990-11-10 08:00:00+00:00,28.54,76.85,247.55,103.63,180.2,427.5,1.59,134.0,100170.0
1990-11-10 09:00:00+00:00,28.24,76.85,186.55,139.28,123.75,422.1,1.66,130.0,100150.0
1990-11-10 10:00:00+00:00,28.13,76.85,35.75,53.41,24.0,413.0,1.72,121.0,100230.0
1990-11-10 11:00:00+00:00,27.26,79.35,0.0,0.0,0.0,419.55,1.86,120.0,100320.0
1990-11-10 12:00:00+00:00,26.5,87.35,0.0,0.0,0.0,418.2,1.66,116.0,100410.0
1990-11-10 13:00:00+00:00,26.06,87.35,0.0,0.0,0.0,425.4,1.52,96.0,100510.0
1990-11-10 14:00:00+00:00,25.64,90.2,0.0,0.0,0.0,420.35,1.52,98.0,100580.0
1990-11-10 15:00:00+00:00,25.36,93.15,0.0,0.0,0.0,422.45,1.52,100.0,100600.0
1990-11-10 16:00:00+00:00,25.03,93.15,0.0,0.0,0.0,419.4,1.03,100.0,100590.0
1990-11-10 17:00:00+00:00,24.48,96.2,0.0,0.0,0.0,408.75,0.76,109.0,100580.0
1990-11-10 18:00:00+00:00,24.38,96.2,0.0,0.0,0.0,414.55,0.21,116.0,100490.0
1990-11-10 19:00:00+00:00,24.0,99.4,0.0,0.0,0.0,413.4,0.83,66.0,100410.0
1990-11-10 20:00:00+00:00,23.7,99.4,0.0,0.0,0.0,413.4,1.1,59.0,100340.0
1990-11-10 21:00:00+00:00,23.45,100.0,0.0,0.0,0.0,415.7,1.52,68.0,100340.0
1990-11-10 22:00:00+00:00,23.2,99.4,0.0,0.0,0.0,413.2,1.52,61.0,100370.0
1990-11-10 23:00:00+00:00,23.16,99.4,0.0,0.0,0.0,420.35,1.59,59.0,100430.0
1990-11-11 00:00:00+00:00,23.7,96.2,163.1,259.72,100.95,419.4,1.45,59.0,100500.0
1990-11-11 01:00:00+00:00,25.3,96.25,341.55,323.45,190.25,412.7,1.24,57.0,100580.0
1990-11-11 02:00:00+00:00,27.19,84.65,478.45,372.94,231.1,416.3,1.1,64.0,100620.0
1990-11-11 03:00:00+00:00,28.58,72.1,622.0,441.92,263.0,423.25,0.69,80.0,100610.0
1990-11-11 04:00:00+00:00,29.45,67.6,702.9,472.37,275.4,425.2,0.55,144.0,100560.0
1990-11-11 05:00:00+00:00,30.08,63.5,850.05,715.63,181.05,429.05,0.9,194.0,100480.0
1990-11-11 06:00:00+00:00,30.5,63.5,720.9,539.65,235.3,423.65,1.31,213.0,100340.0
1990-11-11 07:00:00+00:00,30.08,65.6,516.7,352.82,233.6,422.65,1.79,251.0,100240.0
1990-11-11 08:00:00+00:00,29.18,67.6,264.55,94.9,202.95,419.95,1.38,256.0,100130.0
1990-11-11 09:00:00+00:00,28.17,72.0,86.55,21.75,76.75,414.75,0.48,276.0,100250.0
1990-11-11 10:00:00+00:00,27.25,79.35,12.75,0.0,12.75,425.2,0.69,50.0,100330.0
1990-11-11 11:00:00+00:00,26.74,81.9,0.0,0.0,0.0,423.45,1.38,53.0,100400.0
1990-11-11 12:00:00+00:00,26.17,84.55,0.0,0.0,0.0,419.4,1.31,55.0,100480.0
1990-11-11 13:00:00+00:00,25.75,87.3,0.0,0.0,0.0,418.6,1.24,68.0,100560.0
1990-11-11 14:00:00+00:00,25.36,90.2,0.0,0.0,0.0,415.9,1.45,80.0,100640.0
1990-11-11 15:00:00+00:00,24.71,93.15,0.0,0.0,0.0,403.7,1.31,87.0,100640.0
1990-11-11 16:00:00+00:00,24.15,93.1,0.0,0.0,0.0,399.85,1.17,87.0,100600.0
1990-11-11 17:00:00+00:00,23.87,96.2,0.0,0.0,0.0,403.7,1.31,75.0,100540.0
1990-11-11 18:00:00+00:00,23.57,96.2,0.0,0.0,0.0,401.95,1.1,67.0,100480.0
1990-11-11 19:00:00+00:00,24.2,96.2,0.0,0.0,0.0,414.75,0.76,35.0,100370.0
1990-11-11 20:00:00+00:00,24.38,96.2,0.0,0.0,0.0,412.2,0.48,19.0,100330.0
1990-11-11 21:00:00+00:00,24.27,96.2,0.0,0.0,0.0,410.1,0.41,34.0,100320.0
1990-11-11 22:00:00+00:00,24.11,96.2,0.0,0.0,0.0,414.75,0.41,45.0,100340.0
1990-11-11 23:00:00+00:00,23.95,99.4,0.0,0.0,0.0,417.45,0.62,56.0,100380.0
1990-11-12 00:00:00+00:00,24.64,93.15,186.7,200.41,139.0,413.2,0.41,71.0,100440.0
1990-11-12 01:00:00+00:00,25.91,87.3,375.6,275.52,247.15,411.15,0.21,119.0,100540.0
1990-11-12 02:00:00+00:00,26.93,81.9,466.95,254.88,298.35,410.85,0.28,148.0,100580.0
1990-11-12 03:00:00+00:00,27.7,79.4,541.8,183.46,393.1,422.45,0.28,141.0,100590.0
1990-11-12 04:00:00+00:00,28.32,82.05,479.6,82.21,405.35,423.05,0.34,124.0,100510.0
1990-11-12 05:00:00+00:00,28.66,79.5,570.6,212.45,372.35,425.4,0.41,121.0,100390.0
1990-11-12 06:00:00+00:00,29.14,77.0,486.9,201.08,306.25,430.4,0.34,145.0,100240.0
1990-11-12 07:00:00+00:00,28.44,76.85,300.05,99.16,220.6,432.55,0.55,235.0,100200.0
1990-11-12 08:00:00+00:00,27.56,76.85,193.7,57.76,156.25,429.25,0.07,262.0,100100.0
1990-11-12 09:00:00+00:00,27.38,81.95,116.6,20.33,107.45,429.25,1.31,31.0,100070.0
1990-11-12 10:00:00+00:00,27.1,81.95,24.95,12.27,22.25,423.85,1.1,40.0,100140.0
1990-11-12 11:00:00+00:00,26.43,87.35,0.0,0.0,0.0,421.7,0.76,238.0,100210.0
1990-11-12 12:00:00+00:00,25.79,93.2,0.0,0.0,0.0,417.25,0.55,253.0,100330.0
1990-11-12 13:00:00+00:00,25.37,93.15,0.0,0.0,0.0,419.2,0.76,69.0,100440.0
1990-11-12 14:00:00+00:00,24.93,96.2,0.0,0.0,0.0,417.05,1.03,62.0,100490.0
1990-11-12 15:00:00+00:00,24.46,99.4,0.0,0.0,0.0,411.25,0.83,86.0,100540.0
1990-11-12 16:00:00+00:00,23.96,100.0,0.0,0.0,0.0,406.0,0.76,72.0,100500.0
1990-11-12 17:00:00+00:00,23.48,99.4,0.0,0.0,0.0,404.65,0.62,94.0,100490.0
1990-11-12 18:00:00+00:00,23.08,99.4,0.0,0.0,0.0,414.75,0.28,50.0,100420.0
1990-11-12 19:00:00+00:00,23.89,99.4,0.0,0.0,0.0,426.35,0.41,85.0,100390.0
1990-11-12 20:00:00+00:00,23.89,96.2,0.0,0.0,0.0,423.85,0.69,76.0,100360.0
1990-11-12 21:00:00+00:00,23.63,96.2,0.0,0.0,0.0,421.1,0.55,88.0,100350.0
1990-11-12 22:00:00+00:00,23.48,99.4,0.0,0.0,0.0,416.45,0.48,76.0,100350.0
1990-11-12 23:00:00+00:00,23.34,99.4,0.0,0.0,0.0,411.45,0.97,66.0,100430.0
1990-11-13 00:00:00+00:00,23.76,96.2,132.35,56.19,119.05,410.45,1.38,65.0,100450.0
1990-11-13 01:00:00+00:00,24.78,93.15,273.7,131.29,212.7,419.3,1.31,75.0,100550.0
1990-11-13 02:00:00+00:00,25.82,87.3,412.55,264.89,237.8,422.85,1.38,85.0,100580.0
1990-11-13 03:00:00+00:00,26.66,84.6,452.65,150.98,330.55,424.2,0.69,79.0,100560.0
1990-11-13 04:00:00+00:00,27.48,81.95,495.8,156.59,354.65,428.85,0.14,137.0,100510.0
1990-11-13 05:00:00+00:00,28.13,79.4,300.2,47.45,256.0,432.55,0.41,222.0,100420.0
1990-11-13 06:00:00+00:00,26.34,81.85,311.95,42.98,273.4,432.35,0.69,171.0,100330.0
1990-11-13 07:00:00+00:00,26.92,84.6,179.85,1.69,178.5,422.45,0.14,134.0,100310.0
1990-11-13 08:00:00+00:00,26.65,84.6,137.9,2.93,136.0,426.75,0.14,81.0,100230.0
1990-11-13 09:00:00+00:00,26.33,87.35,79.8,18.12,71.65,423.85,0.55,80.0,100190.0
1990-11-13 10:00:00+00:00,25.9,90.2,20.05,10.45,17.75,416.3,0.55,106.0,100240.0
1990-11-13 11:00:00+00:00,25.37,93.15,0.0,0.0,0.0,414.55,0.76,116.0,100310.0
1990-11-13 12:00:00+00:00,24.78,93.15,0.0,0.0,0.0,410.45,0.97,126.0,100380.0
1990-11-13 13:00:00+00:00,24.34,96.2,0.0,0.0,0.0,414.55,0.62,96.0,100460.0
1990-11-13 14:00:00+00:00,24.07,96.2,0.0,0.0,0.0,417.05,0.83,80.0,100530.0
1990-11-13 15:00:00+00:00,23.85,99.4,0.0,0.0,0.0,419.55,0.83,76.0,100560.0
1990-11-13 16:00:00+00:00,23.72,99.4,0.0,0.0,0.0,419.0,0.9,55.0,100500.0
1990-11-13 17:00:00+00:00,23.57,99.4,0.0,0.0,0.0,418.2,0.9,52.0,100470.0
1990-11-13 18:00:00+00:00,23.32,99.4,0.0,0.0,0.0,417.25,0.9,60.0,100390.0
1990-11-13 19:00:00+00:00,23.48,99.4,0.0,0.0,0.0,414.15,1.03,75.0,100340.0
1990-11-13 20:00:00+00:00,23.4,99.4,0.0,0.0,0.0,415.3,0.83,79.0,100310.0
1990-11-13 21:00:00+00:00,23.25,99.4,0.0,0.0,0.0,413.0,0.76,88.0,100310.0
1990-11-13 22:00:00+00:00,23.34,99.4,0.0,0.0,0.0,420.9,0.9,76.0,100350.0
1990-11-13 23:00:00+00:00,23.32,99.4,0.0,0.0,0.0,419.0,1.1,70.0,100410.0
1990-11-14 00:00:00+00:00,23.73,96.2,165.1,257.1,104.6,421.3,1.03,71.0,100460.0
1990-11-14 01:00:00+00:00,25.11,90.2,324.8,336.73,168.9,417.95,0.83,80.0,100540.0
1990-11-14 02:00:00+00:00,26.27,84.55,394.7,275.41,213.5,409.7,0.48,96.0,100580.0
1990-11-14 03:00:00+00:00,27.05,76.8,412.85,237.1,221.55,419.0,0.07,40.0,100590.0
1990-11-14 04:00:00+00:00,27.61,76.85,579.05,320.87,290.4,427.1,0.41,295.0,100550.0
1990-11-14 05:00:00+00:00,28.52,76.85,521.0,213.63,322.35,426.35,0.9,245.0,100400.0
1990-11-14 06:00:00+00:00,28.76,74.5,637.85,464.28,222.05,431.75,1.31,246.0,100280.0
1990-11-14 07:00:00+00:00,28.72,72.1,512.45,381.81,207.35,427.3,0.55,146.0,100120.0
1990-11-14 08:00:00+00:00,28.85,74.5,301.15,176.83,186.75,425.75,0.76,149.0,100050.0
1990-11-14 09:00:00+00:00,28.0,76.85,163.05,97.32,119.3,426.9,1.1,173.0,100100.0
1990-11-14 10:00:00+00:00,27.1,79.35,23.6,7.72,21.9,421.1,1.03,272.0,100190.0
1990-11-14 11:00:00+00:00,25.63,87.3,0.0,0.0,0.0,428.45,0.55,309.0,100250.0
1990-11-14 12:00:00+00:00,24.85,96.2,0.0,0.0,0.0,431.2,0.83,334.0,100340.0
1990-11-14 13:00:00+00:00,24.62,96.2,0.0,0.0,0.0,424.6,0.83,352.0,100430.0
1990-11-14 14:00:00+00:00,24.46,99.4,0.0,0.0,0.0,425.95,0.83,32.0,100510.0
1990-11-14 15:00:00+00:00,24.4,99.4,0.0,0.0,0.0,428.1,0.62,35.0,100560.0
1990-11-14 16:00:00+00:00,24.21,96.2,0.0,0.0,0.0,426.15,0.41,41.0,100510.0
1990-11-14 17:00:00+00:00,23.83,99.4,0.0,0.0,0.0,414.9,0.55,21.0,100460.0
1990-11-14 18:00:00+00:00,23.61,99.4,0.0,0.0,0.0,417.85,0.48,34.0,100380.0
1990-11-14 19:00:00+00:00,24.12,96.2,0.0,0.0,0.0,429.25,0.62,23.0,100340.0
1990-11-14 20:00:00+00:00,24.09,96.2,0.0,0.0,0.0,429.05,0.62,27.0,100270.0
1990-11-14 21:00:00+00:00,24.06,96.2,0.0,0.0,0.0,428.1,0.62,18.0,100250.0
1990-11-14 22:00:00+00:00,24.03,96.2,0.0,0.0,0.0,428.65,0.55,19.0,100280.0
1990-11-14 23:00:00+00:00,24.0,99.4,0.0,0.0,0.0,428.65,0.48,43.0,100320.0
1990-11-15 00:00:00+00:00,24.15,99.4,9.75,0.0,9.75,427.3,0.34,38.0,100360.0
1990-11-15 01:00:00+00:00,24.3,99.4,94.9,13.55,88.65,430.5,0.41,359.0,100430.0
1990-11-15 02:00:00+00:00,25.05,93.15,89.45,14.4,80.0,425.4,0.14,324.0,100520.0
1990-11-15 03:00:00+00:00,25.13,93.15,33.1,4.47,29.5,424.2,0.48,253.0,100530.0
1990-11-15 04:00:00+00:00,24.93,96.2,73.25,1.62,71.8,425.4,0.34,260.0,100510.0
1990-11-15 05:00:00+00:00,24.89,96.2,115.75,4.79,111.3,424.8,0.55,241.0,100410.0
1990-11-15 06:00:00+00:00,25.21,93.15,236.1,46.41,194.6,424.8,0.76,251.0,100270.0
1990-11-15 07:00:00+00:00,26.28,87.35,253.2,67.48,199.35,426.75,1.45,222.0,100160.0
1990-11-15 08:00:00+00:00,26.68,84.6,174.5,49.59,142.45,420.35,1.1,242.0,100100.0
1990-11-15 09:00:00+00:00,26.68,84.6,94.45,42.95,75.15,425.95,1.38,253.0,100110.0
1990-11-15 10:00:00+00:00,26.11,87.35,20.95,23.8,15.7,422.45,1.31,269.0,100140.0
1990-11-15 11:00:00+00:00,25.65,90.2,0.0,0.0,0.0,419.4,0.83,290.0,100210.0
1990-11-15 12:00:00+00:00,25.2,93.15,0.0,0.0,0.0,417.25,0.28,321.0,100290.0
1990-11-15 13:00:00+00:00,24.81,96.2,0.0,0.0,0.0,424.2,0.62,44.0,100380.0
1990-11-15 14:00:00+00:00,24.44,99.4,0.0,0.0,0.0,418.8,0.97,52.0,100450.0
1990-11-15 15:00:00+00:00,24.23,99.4,0.0,0.0,0.0,421.9,0.9,49.0,100490.0
1990-11-15 16:00:00+00:00,24.0,100.0,0.0,0.0,0.0,418.4,0.76,33.0,100490.0
1990-11-15 17:00:00+00:00,23.75,99.4,0.0,0.0,0.0,419.4,0.34,9.0,100470.0
1990-11-15 18:00:00+00:00,23.53,96.2,0.0,0.0,0.0,419.95,0.34,28.0,100410.0
1990-11-15 19:00:00+00:00,23.67,99.4,0.0,0.0,0.0,420.55,0.21,122.0,100360.0
1990-11-15 20:00:00+00:00,23.44,100.0,0.0,0.0,0.0,420.75,0.28,72.0,100320.0
1990-11-15 21:00:00+00:00,23.33,100.0,0.0,0.0,0.0,418.6,0.21,65.0,100280.0
1990-11-15 22:00:00+00:00,23.05,99.4,0.0,0.0,0.0,411.65,0.62,56.0,100260.0
1990-11-15 23:00:00+00:00,22.96,100.0,0.0,0.0,0.0,416.85,0.83,77.0,100250.0
1990-11-16 00:00:00+00:00,23.6,96.2,183.05,266.29,121.15,414.35,0.83,62.0,100280.0
1990-11-16 01:00:00+00:00,24.89,93.15,413.05,545.55,162.3,417.75,1.03,62.0,100360.0
1990-11-16 02:00:00+00:00,26.41,84.55,644.25,676.34,201.75,417.45,0.83,60.0,100400.0
1990-11-16 03:00:00+00:00,27.73,79.4,689.7,644.38,172.2,411.45,0.14,145.0,100350.0
1990-11-16 04:00:00+00:00,28.49,82.05,841.8,700.34,214.3,414.75,0.62,221.0,100320.0
1990-11-16 05:00:00+00:00,29.41,79.55,684.75,473.33,246.15,423.65,1.45,233.0,100210.0
1990-11-16 06:00:00+00:00,28.67,82.1,504.45,248.8,282.3,431.0,2.07,241.0,100090.0
1990-11-16 07:00:00+00:00,27.75,79.4,308.55,72.45,250.8,418.6,0.97,188.0,99990.0
1990-11-16 08:00:00+00:00,27.64,79.4,323.6,176.54,209.6,426.75,0.41,190.0,99940.0
1990-11-16 09:00:00+00:00,28.0,79.4,145.05,88.27,105.4,423.45,0.55,258.0,99930.0
1990-11-16 10:00:00+00:00,27.04,84.6,33.1,27.39,27.05,425.4,0.69,302.0,99980.0
1990-11-16 11:00:00+00:00,25.48,93.15,0.0,0.0,0.0,420.75,0.69,305.0,100100.0
1990-11-16 12:00:00+00:00,24.91,96.2,0.0,0.0,0.0,427.1,0.41,296.0,100240.0
1990-11-16 13:00:00+00:00,24.38,99.4,0.0,0.0,0.0,415.3,0.41,350.0,100310.0
1990-11-16 14:00:00+00:00,24.11,99.4,0.0,0.0,0.0,417.85,0.76,29.0,100390.0
1990-11-16 15:00:00+00:00,23.94,99.4,0.0,0.0,0.0,417.45,0.9,43.0,100430.0
1990-11-16 16:00:00+00:00,23.8,99.4,0.0,0.0,0.0,418.8,0.83,61.0,100420.0
1990-11-16 17:00:00+00:00,23.53,99.4,0.0,0.0,0.0,411.25,0.55,83.0,100390.0
1990-11-16 18:00:00+00:00,23.29,99.4,0.0,0.0,0.0,409.7,0.83,84.0,100320.0
1990-11-16 19:00:00+00:00,23.19,99.4,0.0,0.0,0.0,418.4,0.76,62.0,100210.0
1990-11-16 20:00:00+00:00,23.01,99.4,0.0,0.0,0.0,419.0,0.83,66.0,100160.0
1990-11-16 21:00:00+00:00,22.86,99.4,0.0,0.0,0.0,417.25,0.76,76.0,100170.0
1990-11-16 22:00:00+00:00,22.65,99.4,0.0,0.0,0.0,414.75,0.97,75.0,100160.0
1990-11-16 23:00:00+00:00,22.57,99.4,0.0,0.0,0.0,413.0,0.97,73.0,100200.0
1990-11-17 00:00:00+00:00,23.26,99.4,183.6,241.37,127.85,414.75,0.83,82.0,100250.0
1990-11-17 01:00:00+00:00,24.88,96.2,323.6,352.92,162.0,421.6,0.76,116.0,100310.0
1990-11-17 02:00:00+00:00,26.06,90.25,477.25,419.83,203.35,420.35,1.03,170.0,100370.0
1990-11-17 03:00:00+00:00,27.41,81.95,413.3,236.39,223.9,421.5,1.72,209.0,100370.0
1990-11-17 04:00:00+00:00,26.93,81.9,641.35,416.85,268.6,430.8,2.14,204.0,100320.0
1990-11-17 05:00:00+00:00,27.72,82.05,508.0,279.61,249.35,416.3,2.07,221.0,100250.0
1990-11-17 06:00:00+00:00,27.16,84.65,473.2,290.5,214.2,428.3,1.52,224.0,100150.0
1990-11-17 07:00:00+00:00,27.51,81.95,345.45,160.59,217.6,425.55,2.0,238.0,100030.0
1990-11-17 08:00:00+00:00,26.61,81.9,202.1,50.06,169.8,432.15,2.0,224.0,100010.0
1990-11-17 09:00:00+00:00,25.97,87.3,111.3,49.21,89.2,428.85,1.52,228.0,100030.0
1990-11-17 10:00:00+00:00,25.21,87.3,17.8,0.0,17.8,424.0,1.24,224.0,100050.0
1990-11-17 11:00:00+00:00,24.51,96.2,0.0,0.0,0.0,420.15,0.62,233.0,100140.0
1990-11-17 12:00:00+00:00,24.38,96.2,0.0,0.0,0.0,431.75,0.28,239.0,100230.0
1990-11-17 13:00:00+00:00,24.19,96.2,0.0,0.0,0.0,427.1,0.41,50.0,100310.0
1990-11-17 14:00:00+00:00,24.02,96.2,0.0,0.0,0.0,427.3,0.83,38.0,100350.0
1990-11-17 15:00:00+00:00,24.0,99.4,0.0,0.0,0.0,426.55,0.76,35.0,100410.0
1990-11-17 16:00:00+00:00,23.94,99.4,0.0,0.0,0.0,424.6,0.76,27.0,100400.0
1990-11-17 17:00:00+00:00,23.82,99.4,0.0,0.0,0.0,421.3,0.83,53.0,100360.0
1990-11-17 18:00:00+00:00,23.71,99.4,0.0,0.0,0.0,420.9,0.9,70.0,100260.0
1990-11-17 19:00:00+00:00,23.69,99.4,0.0,0.0,0.0,413.75,0.97,68.0,100150.0
1990-11-17 20:00:00+00:00,23.41,99.4,0.0,0.0,0.0,408.35,0.9,72.0,100130.0
1990-11-17 21:00:00+00:00,23.26,99.4,0.0,0.0,0.0,414.75,0.9,75.0,100110.0
1990-11-17 22:00:00+00:00,23.07,99.4,0.0,0.0,0.0,415.1,1.17,72.0,100130.0
1990-11-17 23:00:00+00:00,22.88,100.0,0.0,0.0,0.0,413.75,0.97,67.0,100190.0
1990-11-18 00:00:00+00:00,23.59,96.2,175.9,256.05,117.15,411.05,0.83,70.0,100230.0
1990-11-18 01:00:00+00:00,25.34,93.15,357.75,338.16,203.5,418.15,0.69,90.0,100310.0
1990-11-18 02:00:00+00:00,26.86,84.6,558.35,468.85,253.35,419.0,0.97,109.0,100360.0
1990-11-18 03:00:00+00:00,28.09,79.4,684.85,470.08,309.1,417.65,0.83,110.0,100360.0
1990-11-18 04:00:00+00:00,29.05,76.95,701.85,426.2,321.5,419.4,0.76,122.0,100320.0
1990-11-18 05:00:00+00:00,29.62,74.65,708.3,478.69,266.25,423.25,0.76,175.0,100230.0
1990-11-18 06:00:00+00:00,29.91,74.65,501.4,242.5,285.5,431.4,1.38,195.0,100110.0
1990-11-18 07:00:00+00:00,28.19,79.4,368.85,158.57,242.75,425.95,1.66,188.0,100120.0
1990-11-18 08:00:00+00:00,27.87,79.4,226.8,60.33,187.9,428.3,0.76,164.0,100050.0
1990-11-18 09:00:00+00:00,27.7,79.4,138.9,53.55,114.85,427.1,0.83,84.0,100040.0
1990-11-18 10:00:00+00:00,27.45,81.95,31.25,11.06,28.8,418.6,0.83,76.0,100080.0
1990-11-18 11:00:00+00:00,26.93,84.6,0.0,0.0,0.0,416.1,0.69,101.0,100150.0
1990-11-18 12:00:00+00:00,26.21,87.35,0.0,0.0,0.0,418.4,0.9,124.0,100250.0
1990-11-18 13:00:00+00:00,25.76,90.2,0.0,0.0,0.0,420.75,1.1,116.0,100360.0
1990-11-18 14:00:00+00:00,25.24,93.15,0.0,0.0,0.0,414.15,0.97,105.0,100420.0
1990-11-18 15:00:00+00:00,24.86,96.2,0.0,0.0,0.0,413.55,0.9,97.0,100460.0
1990-11-18 16:00:00+00:00,24.64,96.2,0.0,0.0,0.0,417.05,0.9,99.0,100460.0
1990-11-18 17:00:00+00:00,24.48,99.4,0.0,0.0,0.0,417.05,0.97,92.0,100450.0
1990-11-18 18:00:00+00:00,24.27,99.4,0.0,0.0,0.0,415.9,1.03,74.0,100380.0
1990-11-18 19:00:00+00:00,23.9,99.4,0.0,0.0,0.0,403.5,0.97,16.0,100310.0
1990-11-18 20:00:00+00:00,23.68,99.4,0.0,0.0,0.0,403.9,0.9,15.0,100280.0
1990-11-18 21:00:00+00:00,23.49,99.4,0.0,0.0,0.0,408.75,0.9,19.0,100260.0
1990-11-18 22:00:00+00:00,23.51,100.0,0.0,0.0,0.0,420.55,0.34,355.0,100340.0
1990-11-18 23:00:00+00:00,23.48,100.0,0.0,0.0,0.0,419.0,0.55,15.0,100390.0
1990-11-19 00:00:00+00:00,24.02,96.2,196.9,349.3,117.3,414.55,0.62,354.0,100450.0
1990-11-19 01:00:00+00:00,25.29,96.25,361.0,445.56,158.55,414.65,0.55,339.0,100520.0
1990-11-19 02:00:00+00:00,26.52,93.2,511.2,418.57,239.7,413.55,0.48,284.0,100560.0
1990-11-19 03:00:00+00:00,27.53,90.3,623.1,435.9,275.5,423.25,0.69,252.0,100560.0
1990-11-19 04:00:00+00:00,28.55,84.7,718.05,478.25,292.1,422.3,0.76,243.0,100490.0
1990-11-19 05:00:00+00:00,28.85,82.1,529.8,274.54,276.7,426.9,1.03,204.0,100360.0
1990-11-19 06:00:00+00:00,27.97,82.05,463.9,189.75,295.2,431.75,0.9,231.0,100220.0
1990-11-19 07:00:00+00:00,27.59,79.4,382.15,125.57,282.4,430.6,1.1,253.0,100200.0
1990-11-19 08:00:00+00:00,27.07,81.95,253.2,89.47,195.55,421.1,0.9,256.0,100160.0
1990-11-19 09:00:00+00:00,26.97,84.6,106.9,35.63,90.9,422.3,0.41,295.0,100300.0
1990-11-19 10:00:00+00:00,26.38,87.35,20.2,0.0,20.2,423.05,0.34,307.0,100360.0
1990-11-19 11:00:00+00:00,25.68,90.2,0.0,0.0,0.0,418.0,0.34,95.0,100470.0
1990-11-19 12:00:00+00:00,25.16,93.15,0.0,0.0,0.0,412.8,0.76,132.0,100530.0
1990-11-19 13:00:00+00:00,24.84,96.2,0.0,0.0,0.0,416.3,0.9,113.0,100620.0
1990-11-19 14:00:00+00:00,24.49,99.4,0.0,0.0,0.0,411.45,1.03,87.0,100670.0
1990-11-19 15:00:00+00:00,23.97,99.4,0.0,0.0,0.0,399.85,1.17,74.0,100660.0
1990-11-19 16:00:00+00:00,23.68,99.4,0.0,0.0,0.0,416.3,0.9,52.0,100620.0
1990-11-19 17:00:00+00:00,23.46,99.4,0.0,0.0,0.0,414.35,0.9,44.0,100590.0
1990-11-19 18:00:00+00:00,23.21,99.4,0.0,0.0,0.0,413.4,0.83,56.0,100560.0
1990-11-19 19:00:00+00:00,23.14,99.4,0.0,0.0,0.0,409.1,0.55,64.0,100540.0
1990-11-19 20:00:00+00:00,23.07,99.4,0.0,0.0,0.0,412.2,0.55,64.0,100470.0
1990-11-19 21:00:00+00:00,22.86,100.0,0.0,0.0,0.0,403.7,0.76,65.0,100470.0
1990-11-19 22:00:00+00:00,22.82,99.4,0.0,0.0,0.0,410.85,0.83,52.0,100490.0
1990-11-19 23:00:00+00:00,22.73,99.4,0.0,0.0,0.0,411.25,1.1,55.0,100540.0
1990-11-20 00:00:00+00:00,23.19,99.4,139.3,283.26,75.2,412.4,1.1,55.0,100570.0
1990-11-20 01:00:00+00:00,24.33,96.2,200.6,135.34,139.35,415.8,1.1,46.0,100630.0
1990-11-20 02:00:00+00:00,25.25,90.2,213.4,94.86,152.05,418.4,1.17,46.0,100660.0
1990-11-20 03:00:00+00:00,25.7,87.3,251.1,24.76,231.4,423.05,1.17,32.0,100650.0
1990-11-20 04:00:00+00:00,26.27,84.55,297.25,95.79,212.1,424.8,1.17,18.0,100600.0
1990-11-20 05:00:00+00:00,26.77,81.9,300.65,64.65,241.15,428.3,1.03,16.0,100540.0
1990-11-20 06:00:00+00:00,27.04,81.9,214.7,8.95,206.75,429.65,0.55,15.0,100420.0
1990-11-20 07:00:00+00:00,27.19,79.35,237.75,38.43,207.25,426.15,0.07,355.0,100300.0
1990-11-20 08:00:00+00:00,27.43,79.35,261.45,73.84,213.9,424.2,0.21,40.0,100210.0
1990-11-20 09:00:00+00:00,27.59,74.4,106.7,11.13,101.7,417.85,0.34,74.0,100240.0
1990-11-20 10:00:00+00:00,26.77,81.9,22.3,4.94,21.2,422.3,0.48,83.0,100310.0
1990-11-20 11:00:00+00:00,25.6,87.3,0.0,0.0,0.0,417.65,0.48,56.0,100380.0
1990-11-20 12:00:00+00:00,25.14,90.2,0.0,0.0,0.0,417.45,0.34,9.0,100480.0
1990-11-20 13:00:00+00:00,24.74,93.15,0.0,0.0,0.0,416.3,0.55,55.0,100580.0
1990-11-20 14:00:00+00:00,24.36,96.2,0.0,0.0,0.0,415.5,0.41,44.0,100630.0
1990-11-20 15:00:00+00:00,23.84,99.4,0.0,0.0,0.0,408.9,0.69,29.0,100660.0
1990-11-20 16:00:00+00:00,23.65,96.2,0.0,0.0,0.0,413.2,0.97,36.0,100620.0
1990-11-20 17:00:00+00:00,23.43,99.4,0.0,0.0,0.0,411.05,0.97,43.0,100600.0
1990-11-20 18:00:00+00:00,23.09,99.4,0.0,0.0,0.0,405.85,0.9,49.0,100560.0
1990-11-20 19:00:00+00:00,23.09,99.4,0.0,0.0,0.0,409.1,0.9,57.0,100480.0
1990-11-20 20:00:00+00:00,23.15,99.4,0.0,0.0,0.0,414.15,1.03,55.0,100450.0
1990-11-20 21:00:00+00:00,23.13,99.4,0.0,0.0,0.0,414.75,1.17,50.0,100460.0
1990-11-20 22:00:00+00:00,22.99,100.0,0.0,0.0,0.0,411.65,1.17,48.0,100500.0
1990-11-20 23:00:00+00:00,22.74,99.4,0.0,0.0,0.0,405.85,1.03,56.0,100550.0
1990-11-21 00:00:00+00:00,23.38,99.4,114.1,126.41,85.7,410.1,0.83,74.0,100610.0
1990-11-21 01:00:00+00:00,24.71,93.15,291.4,188.58,206.4,409.05,0.9,77.0,100680.0
1990-11-21 02:00:00+00:00,26.18,84.55,403.5,216.03,264.2,412.4,0.9,64.0,100700.0
1990-11-21 03:00:00+00:00,27.06,76.8,428.8,159.07,302.55,414.75,0.76,38.0,100700.0
1990-11-21 04:00:00+00:00,27.48,76.8,644.5,313.14,366.7,422.85,0.62,24.0,100640.0
1990-11-21 05:00:00+00:00,28.29,74.4,578.35,234.47,362.9,418.6,0.9,22.0,100550.0
1990-11-21 06:00:00+00:00,28.47,74.4,677.75,422.8,302.85,422.3,0.76,10.0,100440.0
1990-11-21 07:00:00+00:00,29.14,69.85,506.25,328.13,246.1,423.85,1.45,309.0,100350.0
1990-11-21 08:00:00+00:00,29.01,72.1,300.95,179.37,185.5,425.0,1.66,299.0,100280.0
1990-11-21 09:00:00+00:00,27.78,74.4,146.8,130.31,88.25,425.95,1.31,285.0,100290.0
1990-11-21 10:00:00+00:00,26.89,81.9,32.7,41.69,23.4,423.05,0.83,263.0,100370.0
1990-11-21 11:00:00+00:00,26.18,87.35,0.0,0.0,0.0,426.55,0.41,297.0,100420.0
1990-11-21 12:00:00+00:00,25.82,90.2,0.0,0.0,0.0,417.65,0.14,72.0,100500.0
1990-11-21 13:00:00+00:00,25.31,90.2,0.0,0.0,0.0,411.65,0.48,68.0,100600.0
1990-11-21 14:00:00+00:00,24.71,93.15,0.0,0.0,0.0,411.65,0.83,65.0,100650.0
1990-11-21 15:00:00+00:00,24.38,96.2,0.0,0.0,0.0,416.1,1.03,46.0,100660.0
1990-11-21 16:00:00+00:00,24.04,96.2,0.0,0.0,0.0,413.95,0.97,42.0,100600.0
1990-11-21 17:00:00+00:00,23.65,99.4,0.0,0.0,0.0,407.95,0.97,46.0,100560.0
1990-11-21 18:00:00+00:00,23.28,99.4,0.0,0.0,0.0,404.1,0.97,48.0,100510.0
1990-11-21 19:00:00+00:00,23.76,99.4,0.0,0.0,0.0,412.4,0.83,52.0,100460.0
1990-11-21 20:00:00+00:00,23.66,99.4,0.0,0.0,0.0,412.8,0.55,55.0,100420.0
1990-11-21 21:00:00+00:00,23.57,99.4,0.0,0.0,0.0,417.85,0.48,52.0,100410.0
1990-11-21 22:00:00+00:00,23.57,99.4,0.0,0.0,0.0,422.3,0.55,47.0,100420.0
1990-11-21 23:00:00+00:00,23.3,99.4,0.0,0.0,0.0,412.8,0.55,47.0,100470.0
1990-11-22 00:00:00+00:00,24.24,96.2,204.6,289.67,140.0,412.2,0.62,47.0,100520.0
1990-11-22 01:00:00+00:00,25.71,90.2,472.85,774.13,125.35,423.35,0.48,48.0,100580.0
1990-11-22 02:00:00+00:00,27.17,81.95,623.55,715.52,163.55,409.5,0.62,27.0,100590.0
1990-11-22 03:00:00+00:00,28.38,76.85,817.1,836.1,155.1,412.4,0.69,0.0,100580.0
1990-11-22 04:00:00+00:00,29.35,77.0,881.25,852.72,126.25,419.4,0.76,308.0,100540.0
1990-11-22 05:00:00+00:00,29.99,77.1,693.15,440.05,289.45,417.25,1.45,268.0,100450.0
1990-11-22 06:00:00+00:00,28.84,79.5,621.95,368.57,295.55,436.6,2.0,253.0,100330.0
1990-11-22 07:00:00+00:00,28.43,79.4,490.35,326.53,231.7,437.2,1.79,247.0,100240.0
1990-11-22 08:00:00+00:00,28.17,79.4,315.25,164.21,209.6,428.85,1.24,292.0,100230.0
1990-11-22 09:00:00+00:00,28.09,82.05,117.95,40.38,99.8,426.9,1.38,332.0,100240.0
1990-11-22 10:00:00+00:00,26.99,84.6,21.35,0.0,21.35,426.15,1.24,30.0,100290.0
1990-11-22 11:00:00+00:00,26.54,87.35,0.0,0.0,0.0,428.65,0.83,50.0,100360.0
1990-11-22 12:00:00+00:00,25.85,90.2,0.0,0.0,0.0,413.75,1.1,10.0,100470.0
1990-11-22 13:00:00+00:00,25.37,93.15,0.0,0.0,0.0,415.3,0.9,14.0,100550.0
1990-11-22 14:00:00+00:00,24.82,96.2,0.0,0.0,0.0,403.3,1.03,53.0,100630.0
1990-11-22 15:00:00+00:00,24.3,99.4,0.0,0.0,0.0,407.55,1.03,65.0,100660.0
1990-11-22 16:00:00+00:00,23.93,99.4,0.0,0.0,0.0,404.45,1.03,70.0,100650.0
1990-11-22 17:00:00+00:00,23.64,99.4,0.0,0.0,0.0,404.45,0.83,70.0,100640.0
1990-11-22 18:00:00+00:00,23.41,100.0,0.0,0.0,0.0,407.95,1.03,50.0,100570.0
1990-11-22 19:00:00+00:00,23.65,96.2,0.0,0.0,0.0,408.35,1.1,25.0,100480.0
1990-11-22 20:00:00+00:00,23.51,99.4,0.0,0.0,0.0,407.95,0.97,32.0,100400.0
1990-11-22 21:00:00+00:00,23.22,99.4,0.0,0.0,0.0,402.55,0.97,43.0,100380.0
1990-11-22 22:00:00+00:00,23.05,96.2,0.0,0.0,0.0,405.65,0.83,36.0,100400.0
1990-11-22 23:00:00+00:00,22.83,99.4,0.0,0.0,0.0,400.6,0.9,49.0,100460.0
1990-11-23 00:00:00+00:00,23.82,99.4,205.45,398.5,117.25,405.25,0.48,55.0,100510.0
1990-11-23 01:00:00+00:00,25.43,90.2,444.4,706.22,128.7,418.3,0.21,46.0,100580.0
1990-11-23 02:00:00+00:00,26.94,81.9,577.0,618.77,180.4,409.3,0.83,287.0,100610.0
1990-11-23 03:00:00+00:00,27.76,76.85,692.5,678.64,156.45,418.4,1.31,293.0,100600.0
1990-11-23 04:00:00+00:00,28.55,79.4,551.45,348.71,243.3,422.45,1.79,287.0,100570.0
1990-11-23 05:00:00+00:00,27.58,79.4,623.05,452.8,208.3,436.6,2.48,271.0,100400.0
1990-11-23 06:00:00+00:00,27.49,84.65,408.15,249.29,187.65,417.45,2.34,285.0,100360.0
1990-11-23 07:00:00+00:00,27.36,84.65,395.2,248.09,198.85,430.6,2.28,290.0,100270.0
1990-11-23 08:00:00+00:00,27.56,84.7,226.5,91.73,167.5,428.45,1.66,283.0,100170.0
1990-11-23 09:00:00+00:00,27.15,87.45,153.9,94.5,111.4,426.75,1.59,309.0,100170.0
1990-11-23 10:00:00+00:00,26.46,90.25,36.9,45.69,26.65,419.0,1.86,320.0,100210.0
1990-11-23 11:00:00+00:00,25.66,93.2,0.0,0.0,0.0,415.3,1.24,312.0,100350.0
1990-11-23 12:00:00+00:00,25.17,96.25,0.0,0.0,0.0,418.4,0.83,292.0,100390.0
1990-11-23 13:00:00+00:00,24.84,99.4,0.0,0.0,0.0,416.3,0.76,330.0,100470.0
1990-11-23 14:00:00+00:00,24.71,99.4,0.0,0.0,0.0,421.7,0.55,14.0,100550.0
1990-11-23 15:00:00+00:00,24.52,99.4,0.0,0.0,0.0,424.2,0.48,6.0,100600.0
1990-11-23 16:00:00+00:00,24.17,96.2,0.0,0.0,0.0,418.6,0.48,357.0,100630.0
1990-11-23 17:00:00+00:00,23.86,99.4,0.0,0.0,0.0,415.9,0.48,61.0,100610.0
1990-11-23 18:00:00+00:00,23.53,99.4,0.0,0.0,0.0,415.7,0.62,86.0,100550.0
1990-11-23 19:00:00+00:00,23.8,99.4,0.0,0.0,0.0,427.1,0.69,314.0,100450.0
1990-11-23 20:00:00+00:00,23.67,99.4,0.0,0.0,0.0,420.55,0.83,350.0,100380.0
1990-11-23 21:00:00+00:00,23.63,99.4,0.0,0.0,0.0,422.65,0.97,13.0,100370.0
1990-11-23 22:00:00+00:00,23.61,99.4,0.0,0.0,0.0,423.65,0.83,18.0,100360.0
1990-11-23 23:00:00+00:00,23.46,99.4,0.0,0.0,0.0,416.45,0.62,22.0,100430.0
1990-11-24 00:00:00+00:00,23.74,99.4,57.45,37.57,49.2,425.0,0.28,28.0,100480.0
1990-11-24 01:00:00+00:00,24.17,96.2,246.75,257.56,132.1,423.75,0.34,11.0,100560.0
1990-11-24 02:00:00+00:00,25.62,90.2,331.9,212.05,196.4,423.05,1.03,327.0,100610.0
1990-11-24 03:00:00+00:00,26.43,87.35,534.65,341.62,265.45,421.9,2.21,307.0,100590.0
1990-11-24 04:00:00+00:00,27.29,81.95,523.45,216.33,332.65,426.9,3.03,300.0,100530.0
1990-11-24 05:00:00+00:00,27.6,79.4,424.85,165.82,273.2,430.0,3.45,294.0,100460.0
1990-11-24 06:00:00+00:00,27.31,81.95,666.5,512.36,213.85,433.5,3.24,291.0,100350.0
1990-11-24 07:00:00+00:00,27.54,87.45,345.05,204.21,183.55,417.45,2.28,285.0,100280.0
1990-11-24 08:00:00+00:00,26.93,90.25,290.45,165.16,184.25,436.2,1.86,295.0,100180.0
1990-11-24 09:00:00+00:00,26.39,93.2,172.5,142.99,108.15,418.0,2.0,288.0,100170.0
1990-11-24 10:00:00+00:00,26.03,93.2,29.75,23.99,24.35,422.3,1.72,302.0,100280.0
1990-11-24 11:00:00+00:00,25.08,90.2,0.0,0.0,0.0,425.0,1.52,298.0,100370.0
1990-11-24 12:00:00+00:00,24.3,96.2,0.0,0.0,0.0,417.25,0.69,272.0,100510.0
1990-11-24 13:00:00+00:00,24.02,96.2,0.0,0.0,0.0,413.95,0.21,255.0,100570.0
1990-11-24 14:00:00+00:00,23.92,99.4,0.0,0.0,0.0,416.85,0.34,73.0,100630.0
1990-11-24 15:00:00+00:00,23.59,99.4,0.0,0.0,0.0,405.65,0.97,52.0,100650.0
1990-11-24 16:00:00+00:00,23.43,100.0,0.0,0.0,0.0,413.75,0.76,63.0,100620.0
1990-11-24 17:00:00+00:00,23.27,99.4,0.0,0.0,0.0,421.1,0.48,27.0,100590.0
1990-11-24 18:00:00+00:00,23.17,99.4,0.0,0.0,0.0,425.55,0.48,8.0,100540.0
1990-11-24 19:00:00+00:00,23.68,99.4,0.0,0.0,0.0,424.2,0.76,336.0,100470.0
1990-11-24 20:00:00+00:00,23.55,99.4,0.0,0.0,0.0,426.15,0.83,352.0,100400.0
1990-11-24 21:00:00+00:00,23.39,99.4,0.0,0.0,0.0,419.0,0.83,18.0,100400.0
1990-11-24 22:00:00+00:00,23.32,99.4,0.0,0.0,0.0,421.3,0.83,21.0,100420.0
1990-11-24 23:00:00+00:00,23.22,99.4,0.0,0.0,0.0,418.8,0.69,37.0,100520.0
1990-11-25 00:00:00+00:00,23.45,99.4,138.1,88.35,118.85,421.1,0.9,35.0,100580.0
1990-11-25 01:00:00+00:00,24.39,96.2,357.75,403.73,178.8,422.0,0.55,6.0,100650.0
1990-11-25 02:00:00+00:00,26.08,84.55,490.15,408.27,230.05,420.15,1.17,293.0,100690.0
1990-11-25 03:00:00+00:00,27.02,87.4,589.75,381.92,289.5,423.05,1.59,272.0,100670.0
1990-11-25 04:00:00+00:00,27.82,84.7,495.7,250.25,275.4,429.45,1.93,260.0,100620.0
1990-11-25 05:00:00+00:00,27.35,84.65,498.8,243.66,276.3,439.3,1.93,257.0,100540.0
1990-11-25 06:00:00+00:00,27.47,81.95,502.4,202.22,323.95,427.5,2.62,257.0,100340.0
1990-11-25 07:00:00+00:00,27.46,87.45,330.0,104.84,247.15,427.9,2.41,277.0,100330.0
1990-11-25 08:00:00+00:00,26.2,84.55,223.15,87.26,167.05,428.85,2.28,284.0,100270.0
1990-11-25 09:00:00+00:00,26.31,84.55,110.45,36.41,94.05,419.4,2.28,310.0,100300.0
1990-11-25 10:00:00+00:00,26.02,87.3,25.1,2.44,24.55,419.55,1.86,304.0,100330.0
1990-11-25 11:00:00+00:00,25.39,90.2,0.0,0.0,0.0,416.65,1.45,282.0,100460.0
1990-11-25 12:00:00+00:00,24.88,93.15,0.0,0.0,0.0,413.2,1.24,286.0,100540.0
1990-11-25 13:00:00+00:00,24.49,96.2,0.0,0.0,0.0,409.3,0.62,333.0,100590.0
1990-11-25 14:00:00+00:00,24.14,96.2,0.0,0.0,0.0,410.3,0.69,38.0,100640.0
1990-11-25 15:00:00+00:00,23.74,99.4,0.0,0.0,0.0,405.05,0.9,44.0,100660.0
1990-11-25 16:00:00+00:00,23.52,99.4,0.0,0.0,0.0,410.45,0.76,54.0,100640.0
1990-11-25 17:00:00+00:00,23.39,99.4,0.0,0.0,0.0,416.85,0.55,45.0,100590.0
1990-11-25 18:00:00+00:00,23.26,99.4,0.0,0.0,0.0,419.55,0.41,53.0,100550.0
1990-11-25 19:00:00+00:00,23.21,99.4,0.0,0.0,0.0,416.1,0.69,44.0,100510.0
1990-11-25 20:00:00+00:00,23.17,99.4,0.0,0.0,0.0,420.55,0.76,53.0,100440.0
1990-11-25 21:00:00+00:00,23.03,99.4,0.0,0.0,0.0,425.4,0.83,42.0,100380.0
1990-11-25 22:00:00+00:00,23.0,100.0,0.0,0.0,0.0,426.75,0.76,11.0,100430.0
1990-11-25 23:00:00+00:00,23.02,99.4,0.0,0.0,0.0,424.8,0.69,6.0,100480.0
1990-11-26 00:00:00+00:00,23.39,99.4,155.85,223.26,107.6,419.0,0.62,29.0,100560.0
1990-11-26 01:00:00+00:00,24.79,93.15,256.35,202.23,167.1,419.3,0.76,18.0,100660.0
1990-11-26 02:00:00+00:00,25.84,87.3,470.15,318.12,268.1,422.65,1.17,13.0,100690.0
1990-11-26 03:00:00+00:00,27.36,79.35,656.95,533.22,238.75,419.95,1.24,351.0,100670.0
1990-11-26 04:00:00+00:00,28.53,76.85,779.6,687.34,175.65,430.0,1.86,309.0,100600.0
1990-11-26 05:00:00+00:00,29.12,77.0,629.8,378.14,285.0,419.75,2.48,290.0,100520.0
1990-11-26 06:00:00+00:00,27.04,84.6,618.8,322.8,334.25,433.1,3.1,272.0,100370.0
1990-11-26 07:00:00+00:00,29.28,72.15,418.3,128.58,316.75,429.05,2.14,323.0,100290.0
1990-11-26 08:00:00+00:00,28.69,74.5,230.7,62.38,190.6,429.05,2.34,308.0,100200.0
1990-11-26 09:00:00+00:00,27.47,79.35,58.55,7.1,55.35,423.25,1.72,312.0,100230.0
1990-11-26 10:00:00+00:00,26.76,84.6,16.4,0.44,16.3,432.9,0.76,325.0,100320.0
1990-11-26 11:00:00+00:00,26.25,87.35,0.0,0.0,0.0,422.65,0.48,324.0,100410.0
1990-11-26 12:00:00+00:00,25.78,90.2,0.0,0.0,0.0,420.75,0.41,317.0,100510.0
1990-11-26 13:00:00+00:00,25.33,93.15,0.0,0.0,0.0,419.55,0.97,291.0,100620.0
1990-11-26 14:00:00+00:00,25.04,93.15,0.0,0.0,0.0,420.55,0.97,305.0,100640.0
1990-11-26 15:00:00+00:00,24.81,96.2,0.0,0.0,0.0,418.8,1.1,323.0,100710.0
1990-11-26 16:00:00+00:00,24.39,96.2,0.0,0.0,0.0,415.9,1.31,329.0,100670.0
1990-11-26 17:00:00+00:00,24.14,96.2,0.0,0.0,0.0,416.85,1.03,347.0,100640.0
1990-11-26 18:00:00+00:00,23.88,99.4,0.0,0.0,0.0,415.3,0.83,320.0,100590.0
1990-11-26 19:00:00+00:00,23.66,99.4,0.0,0.0,0.0,418.2,0.9,22.0,100560.0
1990-11-26 20:00:00+00:00,23.56,99.4,0.0,0.0,0.0,418.2,0.83,21.0,100500.0
1990-11-26 21:00:00+00:00,23.37,99.4,0.0,0.0,0.0,415.9,0.55,15.0,100470.0
1990-11-26 22:00:00+00:00,23.24,99.4,0.0,0.0,0.0,415.5,0.76,26.0,100460.0
1990-11-26 23:00:00+00:00,23.15,99.4,0.0,0.0,0.0,418.4,0.76,49.0,100520.0
1990-11-27 00:00:00+00:00,23.22,99.4,65.7,0.7,65.55,417.25,0.48,32.0,100570.0
1990-11-27 01:00:00+00:00,24.03,99.4,122.9,18.43,114.8,421.4,0.07,30.0,100670.0
1990-11-27 02:00:00+00:00,24.78,96.2,176.4,32.77,155.65,424.6,0.55,271.0,100730.0
1990-11-27 03:00:00+00:00,25.35,93.15,174.95,8.82,168.05,418.4,0.69,289.0,100760.0
1990-11-27 04:00:00+00:00,25.71,90.2,331.75,31.81,303.85,420.55,0.83,307.0,100690.0
1990-11-27 05:00:00+00:00,26.47,87.35,232.65,1.65,231.15,418.6,0.97,303.0,100570.0
1990-11-27 06:00:00+00:00,26.63,84.6,272.05,78.7,202.75,427.1,1.1,292.0,100430.0
1990-11-27 07:00:00+00:00,26.22,87.35,138.2,28.06,116.05,426.15,1.45,307.0,100400.0
1990-11-27 08:00:00+00:00,25.73,87.3,107.5,0.62,107.1,428.1,0.83,329.0,100310.0
1990-11-27 09:00:00+00:00,25.66,87.3,61.6,1.66,60.85,423.85,1.03,320.0,100290.0
1990-11-27 10:00:00+00:00,25.44,90.2,23.75,9.89,21.5,417.05,0.9,315.0,100350.0
1990-11-27 11:00:00+00:00,25.02,93.15,0.0,0.0,0.0,416.1,0.76,351.0,100420.0
1990-11-27 12:00:00+00:00,24.51,96.2,0.0,0.0,0.0,411.25,0.69,16.0,100530.0
1990-11-27 13:00:00+00:00,24.08,96.2,0.0,0.0,0.0,411.85,0.55,62.0,100600.0
1990-11-27 14:00:00+00:00,23.78,99.4,0.0,0.0,0.0,413.55,0.55,86.0,100660.0
1990-11-27 15:00:00+00:00,23.38,99.4,0.0,0.0,0.0,409.7,0.83,71.0,100690.0
1990-11-27 16:00:00+00:00,23.19,99.4,0.0,0.0,0.0,412.0,0.97,57.0,100680.0
1990-11-27 17:00:00+00:00,23.01,100.0,0.0,0.0,0.0,412.2,0.97,65.0,100640.0
1990-11-27 18:00:00+00:00,22.87,99.4,0.0,0.0,0.0,413.55,0.83,59.0,100600.0
1990-11-27 19:00:00+00:00,23.05,99.4,0.0,0.0,0.0,413.0,0.69,78.0,100490.0
1990-11-27 20:00:00+00:00,22.83,100.0,0.0,0.0,0.0,411.45,0.62,79.0,100440.0
1990-11-27 21:00:00+00:00,22.73,99.4,0.0,0.0,0.0,416.3,0.48,95.0,100440.0
1990-11-27 22:00:00+00:00,22.74,99.4,0.0,0.0,0.0,422.45,0.34,120.0,100470.0
1990-11-27 23:00:00+00:00,22.77,99.4,0.0,0.0,0.0,420.9,0.48,98.0,100550.0
1990-11-28 00:00:00+00:00,23.2,99.4,118.95,43.05,109.8,418.6,0.62,80.0,100600.0
1990-11-28 01:00:00+00:00,24.39,96.2,271.65,193.61,186.95,424.15,0.76,77.0,100670.0
1990-11-28 02:00:00+00:00,25.76,87.3,322.4,101.86,258.1,423.85,0.41,56.0,100740.0
1990-11-28 03:00:00+00:00,26.56,81.9,507.0,238.14,321.1,424.6,0.28,324.0,100730.0
1990-11-28 04:00:00+00:00,27.49,84.65,626.6,318.63,347.65,424.6,0.76,306.0,100660.0
1990-11-28 05:00:00+00:00,28.4,82.05,596.0,334.73,291.65,424.4,1.1,297.0,100550.0
1990-11-28 06:00:00+00:00,28.8,79.5,521.4,221.83,326.25,434.45,1.38,286.0,100420.0
1990-11-28 07:00:00+00:00,28.44,82.05,421.9,183.87,276.85,434.45,1.31,286.0,100370.0
1990-11-28 08:00:00+00:00,28.24,79.4,232.4,101.42,167.2,426.35,1.17,276.0,100300.0
1990-11-28 09:00:00+00:00,27.08,79.35,109.25,22.91,98.9,424.2,1.24,277.0,100370.0
1990-11-28 10:00:00+00:00,26.14,87.35,20.3,0.0,20.3,422.1,0.69,285.0,100460.0
1990-11-28 11:00:00+00:00,25.46,93.15,0.0,0.0,0.0,420.75,0.55,101.0,100540.0
1990-11-28 12:00:00+00:00,25.02,99.4,0.0,0.0,0.0,422.1,0.83,76.0,100620.0
1990-11-28 13:00:00+00:00,24.71,96.2,0.0,0.0,0.0,418.4,0.9,69.0,100700.0
1990-11-28 14:00:00+00:00,24.41,99.4,0.0,0.0,0.0,414.9,0.76,72.0,100770.0
1990-11-28 15:00:00+00:00,24.16,99.4,0.0,0.0,0.0,416.3,0.62,92.0,100800.0
1990-11-28 16:00:00+00:00,23.84,99.4,0.0,0.0,0.0,411.65,0.76,60.0,100780.0
1990-11-28 17:00:00+00:00,23.67,99.4,0.0,0.0,0.0,417.05,0.76,50.0,100710.0
1990-11-28 18:00:00+00:00,23.65,99.4,0.0,0.0,0.0,422.85,0.76,49.0,100680.0
1990-11-28 19:00:00+00:00,23.53,99.4,0.0,0.0,0.0,422.65,0.14,136.0,100640.0
1990-11-28 20:00:00+00:00,23.35,99.4,0.0,0.0,0.0,415.9,0.55,68.0,100590.0
1990-11-28 21:00:00+00:00,23.14,99.4,0.0,0.0,0.0,415.1,0.9,46.0,100570.0
1990-11-28 22:00:00+00:00,23.07,99.4,0.0,0.0,0.0,421.3,1.03,27.0,100540.0
1990-11-28 23:00:00+00:00,22.77,99.4,0.0,0.0,0.0,415.5,1.03,28.0,100580.0
1990-11-29 00:00:00+00:00,23.34,99.4,188.05,388.46,106.2,416.65,0.9,39.0,100640.0
1990-11-29 01:00:00+00:00,24.82,96.2,356.6,368.86,195.95,417.55,0.48,57.0,100720.0
1990-11-29 02:00:00+00:00,26.37,87.35,586.6,610.99,202.1,425.4,0.28,205.0,100780.0
1990-11-29 03:00:00+00:00,27.76,79.4,739.15,721.54,177.2,414.15,0.97,238.0,100770.0
1990-11-29 04:00:00+00:00,28.64,79.5,830.1,722.23,198.95,417.65,1.38,234.0,100700.0
1990-11-29 05:00:00+00:00,29.06,82.1,680.85,469.04,254.95,422.85,2.0,241.0,100570.0
1990-11-29 06:00:00+00:00,29.04,82.1,627.75,427.3,252.2,432.55,2.34,258.0,100470.0
1990-11-29 07:00:00+00:00,29.04,79.5,526.95,374.95,231.3,432.15,2.14,272.0,100430.0
1990-11-29 08:00:00+00:00,28.18,79.4,315.35,207.7,181.8,431.55,2.34,274.0,100360.0
1990-11-29 09:00:00+00:00,27.94,76.85,174.55,107.67,125.85,419.55,2.0,297.0,100340.0
1990-11-29 10:00:00+00:00,27.59,76.85,42.75,34.87,34.75,420.9,1.59,294.0,100430.0
1990-11-29 11:00:00+00:00,26.74,84.6,0.0,0.0,0.0,409.3,1.38,312.0,100510.0
1990-11-29 12:00:00+00:00,26.05,87.35,0.0,0.0,0.0,411.85,1.1,344.0,100610.0
1990-11-29 13:00:00+00:00,25.36,93.15,0.0,0.0,0.0,406.6,0.9,352.0,100690.0
1990-11-29 14:00:00+00:00,24.94,96.2,0.0,0.0,0.0,410.65,0.9,5.0,100770.0
1990-11-29 15:00:00+00:00,24.61,96.2,0.0,0.0,0.0,410.45,0.83,356.0,100820.0
1990-11-29 16:00:00+00:00,24.41,99.4,0.0,0.0,0.0,412.4,0.76,5.0,100770.0
1990-11-29 17:00:00+00:00,24.25,96.2,0.0,0.0,0.0,412.6,0.62,1.0,100710.0
1990-11-29 18:00:00+00:00,23.95,99.4,0.0,0.0,0.0,407.0,0.83,4.0,100660.0
1990-11-29 19:00:00+00:00,24.1,96.2,0.0,0.0,0.0,410.85,0.76,358.0,100600.0
1990-11-29 20:00:00+00:00,23.9,99.4,0.0,0.0,0.0,408.95,0.76,22.0,100560.0
1990-11-29 21:00:00+00:00,23.63,99.4,0.0,0.0,0.0,414.35,0.83,38.0,100510.0
1990-11-29 22:00:00+00:00,23.46,99.4,0.0,0.0,0.0,414.15,0.9,46.0,100510.0
1990-11-29 23:00:00+00:00,23.17,99.4,0.0,0.0,0.0,417.25,0.97,58.0,100570.0
1990-11-30 00:00:00+00:00,23.8,99.4,197.85,383.5,117.75,417.05,0.97,68.0,100640.0
1990-11-30 01:00:00+00:00,25.93,93.2,340.65,300.05,210.55,424.7,0.76,82.0,100750.0
1990-11-30 02:00:00+00:00,27.41,81.95,518.05,510.77,197.6,428.1,0.55,80.0,100810.0
1990-11-30 03:00:00+00:00,28.44,79.4,592.15,329.72,335.95,425.4,0.28,304.0,100810.0
1990-11-30 04:00:00+00:00,29.03,76.95,744.1,533.9,278.35,437.75,0.97,273.0,100730.0
1990-11-30 05:00:00+00:00,29.57,77.0,561.25,320.68,270.45,421.9,1.59,271.0,100640.0
1990-11-30 06:00:00+00:00,29.18,79.55,564.8,369.03,240.75,431.95,2.14,256.0,100490.0
1990-11-30 07:00:00+00:00,28.53,76.85,412.5,214.35,243.55,423.25,1.59,235.0,100470.0
1990-11-30 08:00:00+00:00,28.59,76.95,292.15,136.28,204.5,421.1,0.9,229.0,100380.0
1990-11-30 09:00:00+00:00,28.54,76.85,169.25,94.94,126.25,419.95,0.48,240.0,100360.0
1990-11-30 10:00:00+00:00,28.36,76.85,46.3,48.61,35.1,412.6,0.48,330.0,100410.0
1990-11-30 11:00:00+00:00,27.75,79.4,0.0,0.0,0.0,411.85,0.9,10.0,100480.0
1990-11-30 12:00:00+00:00,26.72,84.6,0.0,0.0,0.0,404.45,0.9,31.0,100560.0
1990-11-30 13:00:00+00:00,25.78,90.2,0.0,0.0,0.0,405.85,1.03,47.0,100650.0
1990-11-30 14:00:00+00:00,25.11,93.15,0.0,0.0,0.0,404.45,1.24,58.0,100740.0
1990-11-30 15:00:00+00:00,24.53,93.15,0.0,0.0,0.0,403.9,1.31,52.0,100770.0
1990-11-30 16:00:00+00:00,21.69,99.0,0.0,0.0,0.0,388.18,1.66,49.0,100740.0
1990-11-30 17:00:00+00:00,22.21,99.0,0.0,0.0,0.0,390.46,1.58,50.0,100690.0
1990-11-30 18:00:00+00:00,22.73,99.0,0.0,0.0,0.0,392.74,1.5,56.0,100630.0
1990-11-30 19:00:00+00:00,23.24,98.23,0.0,0.0,0.0,395.02,1.41,65.0,100590.0
1990-11-30 20:00:00+00:00,23.76,96.36,0.0,0.0,0.0,397.3,1.33,65.0,100510.0
1990-11-30 21:00:00+00:00,24.27,94.49,0.0,0.0,0.0,399.58,1.25,68.0,100500.0
1990-11-30 22:00:00+00:00,24.79,92.62,0.0,0.0,0.0,401.86,1.17,68.0,100520.0
1990-11-30 23:00:00+00:00,25.31,90.75,0.0,0.0,0.0,404.14,1.08,68.0,100560.0
1990-12-01 00:00:00+00:00,25.82,88.88,251.65,802.67,84.0,406.42,1.0,57.0,100560.0
1990-12-01 01:00:00+00:00,26.34,87.02,439.3,789.0,97.2,408.7,0.92,62.0,100600.0
1990-12-01 02:00:00+00:00,26.85,85.15,544.35,624.26,152.7,410.98,0.84,79.0,100630.0
1990-12-01 03:00:00+00:00,27.37,83.28,748.95,764.77,154.7,413.26,0.75,89.0,100630.0
1990-12-01 04:00:00+00:00,27.89,81.41,820.8,758.36,159.25,415.54,0.67,72.0,100560.0
1990-12-01 05:00:00+00:00,28.4,79.54,746.55,554.74,243.5,417.82,0.59,205.0,100450.0
1990-12-01 06:00:00+00:00,28.92,77.67,501.2,259.19,273.6,420.1,0.51,199.0,100340.0
1990-12-01 07:00:00+00:00,29.43,75.8,341.75,129.35,239.8,422.38,0.42,285.0,100360.0
1990-12-01 08:00:00+00:00,27.53,81.95,180.9,34.98,158.4,431.95,0.28,290.0,100310.0
1990-12-01 09:00:00+00:00,27.12,84.6,67.55,10.38,62.85,434.65,0.62,354.0,100330.0
1990-12-01 10:00:00+00:00,25.99,90.2,15.6,0.0,15.6,422.1,0.14,348.0,100380.0
1990-12-01 11:00:00+00:00,25.47,93.2,0.0,0.0,0.0,427.9,0.28,6.0,100490.0
1990-12-01 12:00:00+00:00,25.02,96.25,0.0,0.0,0.0,420.15,0.21,201.0,100540.0
1990-12-01 13:00:00+00:00,24.79,99.4,0.0,0.0,0.0,413.2,0.55,182.0,100640.0
1990-12-01 14:00:00+00:00,24.47,96.2,0.0,0.0,0.0,419.55,0.28,117.0,100670.0
1990-12-01 15:00:00+00:00,24.26,99.4,0.0,0.0,0.0,424.0,0.62,55.0,100690.0
1990-12-01 16:00:00+00:00,24.05,99.4,0.0,0.0,0.0,417.45,0.83,47.0,100650.0
1990-12-01 17:00:00+00:00,23.89,99.4,0.0,0.0,0.0,417.85,0.9,42.0,100610.0
1990-12-01 18:00:00+00:00,23.75,99.4,0.0,0.0,0.0,414.55,0.9,53.0,100560.0
1990-12-01 19:00:00+00:00,23.78,99.4,0.0,0.0,0.0,408.9,1.1,79.0,100530.0
1990-12-01 20:00:00+00:00,23.89,99.4,0.0,0.0,0.0,424.0,1.1,100.0,100500.0
1990-12-01 21:00:00+00:00,23.84,99.4,0.0,0.0,0.0,418.6,1.1,77.0,100490.0
1990-12-01 22:00:00+00:00,23.91,96.2,0.0,0.0,0.0,426.9,1.03,63.0,100510.0
1990-12-01 23:00:00+00:00,23.78,99.4,0.0,0.0,0.0,420.15,0.55,80.0,100560.0
1990-12-02 00:00:00+00:00,24.24,96.2,124.8,68.36,110.65,412.2,0.62,53.0,100640.0
1990-12-02 01:00:00+00:00,25.3,96.25,254.8,106.69,208.75,419.5,0.76,53.0,100710.0
1990-12-02 02:00:00+00:00,26.32,90.2,312.05,106.72,245.3,414.75,0.62,80.0,100760.0
1990-12-02 03:00:00+00:00,26.85,87.35,316.55,104.48,235.55,422.3,0.9,105.0,100770.0
1990-12-02 04:00:00+00:00,27.16,87.4,384.8,45.93,344.8,430.8,0.9,101.0,100700.0
1990-12-02 05:00:00+00:00,27.86,81.95,373.55,46.93,331.05,428.45,0.9,103.0,100600.0
1990-12-02 06:00:00+00:00,27.98,79.4,338.05,104.51,246.35,431.95,0.83,113.0,100510.0
1990-12-02 07:00:00+00:00,26.87,81.85,181.5,25.51,161.4,434.65,0.48,311.0,100460.0
1990-12-02 08:00:00+00:00,26.23,87.3,130.2,10.49,123.45,428.65,1.38,51.0,100420.0
1990-12-02 09:00:00+00:00,25.91,87.3,100.4,18.19,92.15,425.4,1.31,64.0,100420.0
1990-12-02 10:00:00+00:00,25.71,87.3,23.2,38.23,14.35,419.55,1.1,108.0,100490.0
1990-12-02 11:00:00+00:00,25.08,93.15,0.0,0.0,0.0,419.2,1.17,120.0,100540.0
1990-12-02 12:00:00+00:00,24.56,93.15,0.0,0.0,0.0,410.85,1.24,113.0,100630.0
1990-12-02 13:00:00+00:00,24.18,96.2,0.0,0.0,0.0,407.2,1.1,109.0,100680.0
1990-12-02 14:00:00+00:00,24.04,96.2,0.0,0.0,0.0,414.55,1.24,91.0,100740.0
1990-12-02 15:00:00+00:00,23.91,96.2,0.0,0.0,0.0,412.6,1.31,62.0,100720.0
1990-12-02 16:00:00+00:00,23.59,96.2,0.0,0.0,0.0,403.1,1.03,60.0,100720.0
1990-12-02 17:00:00+00:00,23.27,99.4,0.0,0.0,0.0,403.3,0.83,77.0,100720.0
1990-12-02 18:00:00+00:00,23.18,99.4,0.0,0.0,0.0,408.75,0.9,72.0,100670.0
1990-12-02 19:00:00+00:00,23.38,99.4,0.0,0.0,0.0,410.65,0.83,56.0,100550.0
1990-12-02 20:00:00+00:00,23.38,99.4,0.0,0.0,0.0,412.2,0.9,74.0,100490.0
1990-12-02 21:00:00+00:00,23.35,99.4,0.0,0.0,0.0,411.85,0.97,70.0,100480.0
1990-12-02 22:00:00+00:00,23.21,99.4,0.0,0.0,0.0,408.35,0.83,58.0,100520.0
1990-12-02 23:00:00+00:00,23.14,99.4,0.0,0.0,0.0,409.9,0.97,41.0,100560.0
1990-12-03 00:00:00+00:00,23.8,96.2,178.15,425.82,90.8,408.55,0.9,53.0,100630.0
1990-12-03 01:00:00+00:00,25.3,90.2,338.8,397.85,167.85,401.3,0.83,48.0,100680.0
1990-12-03 02:00:00+00:00,26.45,84.55,458.1,470.61,164.65,404.3,0.9,43.0,100720.0
1990-12-03 03:00:00+00:00,27.58,76.8,609.9,515.05,211.5,409.7,2.0,40.0,100710.0
1990-12-03 04:00:00+00:00,28.58,69.75,606.2,467.24,200.0,413.95,2.69,48.0,100670.0
1990-12-03 05:00:00+00:00,29.04,67.6,583.6,431.48,193.3,423.45,2.62,52.0,100630.0
1990-12-03 06:00:00+00:00,29.33,67.6,586.05,458.87,183.75,419.2,2.14,47.0,100540.0
1990-12-03 07:00:00+00:00,29.79,63.4,521.85,410.17,198.75,429.25,2.0,63.0,100410.0
1990-12-03 08:00:00+00:00,29.83,63.4,319.0,290.14,132.25,425.95,1.93,67.0,100380.0
1990-12-03 09:00:00+00:00,29.17,65.4,182.2,227.27,78.95,425.2,1.66,81.0,100340.0
1990-12-03 10:00:00+00:00,28.4,72.0,51.7,121.03,23.55,418.2,1.52,83.0,100420.0
1990-12-03 11:00:00+00:00,27.6,74.3,0.0,0.0,0.0,419.55,1.38,82.0,100490.0
1990-12-03 12:00:00+00:00,26.76,79.2,0.0,0.0,0.0,416.85,1.24,81.0,100600.0
1990-12-03 13:00:00+00:00,25.75,84.5,0.0,0.0,0.0,406.2,1.24,71.0,100660.0
1990-12-03 14:00:00+00:00,25.18,87.3,0.0,0.0,0.0,406.8,1.38,62.0,100740.0
1990-12-03 15:00:00+00:00,24.56,87.25,0.0,0.0,0.0,401.75,1.52,61.0,100750.0
1990-12-03 16:00:00+00:00,24.08,90.1,0.0,0.0,0.0,401.75,1.45,58.0,100750.0
1990-12-03 17:00:00+00:00,23.63,93.1,0.0,0.0,0.0,396.35,1.52,54.0,100740.0
1990-12-03 18:00:00+00:00,23.26,93.05,0.0,0.0,0.0,393.05,1.59,51.0,100690.0
1990-12-03 19:00:00+00:00,23.24,96.2,0.0,0.0,0.0,392.1,1.45,47.0,100580.0
1990-12-03 20:00:00+00:00,23.05,93.05,0.0,0.0,0.0,393.65,1.45,46.0,100520.0
1990-12-03 21:00:00+00:00,23.0,93.05,0.0,0.0,0.0,398.45,1.45,51.0,100520.0
1990-12-03 22:00:00+00:00,22.69,96.15,0.0,0.0,0.0,389.4,1.52,49.0,100530.0
1990-12-03 23:00:00+00:00,22.42,93.05,0.0,0.0,0.0,386.3,1.52,44.0,100600.0
1990-12-04 00:00:00+00:00,23.33,93.05,267.15,954.49,73.15,389.55,1.24,45.0,100670.0
1990-12-04 01:00:00+00:00,25.59,84.5,500.3,943.58,96.7,387.75,1.31,44.0,100740.0
1990-12-04 02:00:00+00:00,27.04,76.7,670.25,850.72,141.4,391.9,2.14,42.0,100780.0
1990-12-04 03:00:00+00:00,28.24,72.0,788.4,805.59,166.65,405.65,2.83,42.0,100760.0
1990-12-04 04:00:00+00:00,29.17,65.4,625.9,429.41,253.2,410.1,3.03,45.0,100720.0
1990-12-04 05:00:00+00:00,29.47,63.4,570.05,218.48,372.65,417.65,2.9,44.0,100650.0
1990-12-04 06:00:00+00:00,29.7,63.4,673.4,463.99,266.9,432.9,2.76,46.0,100550.0
1990-12-04 07:00:00+00:00,29.79,63.4,597.7,567.18,151.0,432.55,2.14,43.0,100430.0
1990-12-04 08:00:00+00:00,29.76,63.4,435.4,515.78,103.25,420.15,2.21,52.0,100370.0
1990-12-04 09:00:00+00:00,29.54,63.4,244.3,366.98,77.3,412.4,2.07,62.0,100340.0
1990-12-04 10:00:00+00:00,29.16,65.4,65.7,167.49,26.55,418.0,1.45,73.0,100380.0
1990-12-04 11:00:00+00:00,28.15,74.4,0.0,0.0,0.0,408.9,0.76,103.0,100480.0
1990-12-04 12:00:00+00:00,26.8,84.55,0.0,0.0,0.0,403.7,0.83,135.0,100620.0
1990-12-04 13:00:00+00:00,25.79,87.3,0.0,0.0,0.0,406.6,0.97,105.0,100710.0
1990-12-04 14:00:00+00:00,25.2,87.3,0.0,0.0,0.0,402.95,1.31,74.0,100760.0
1990-12-04 15:00:00+00:00,24.66,87.25,0.0,0.0,0.0,398.45,1.66,67.0,100760.0
1990-12-04 16:00:00+00:00,24.16,90.1,0.0,0.0,0.0,398.45,1.72,68.0,100790.0
1990-12-04 17:00:00+00:00,23.72,90.1,0.0,0.0,0.0,395.0,1.72,66.0,100760.0
1990-12-04 18:00:00+00:00,23.63,90.1,0.0,0.0,0.0,404.1,1.72,65.0,100720.0
1990-12-04 19:00:00+00:00,23.35,93.05,0.0,0.0,0.0,392.45,1.52,56.0,100640.0
1990-12-04 20:00:00+00:00,23.11,93.05,0.0,0.0,0.0,393.05,1.52,60.0,100600.0
1990-12-04 21:00:00+00:00,23.0,93.05,0.0,0.0,0.0,396.95,1.59,70.0,100610.0
1990-12-04 22:00:00+00:00,22.68,93.05,0.0,0.0,0.0,388.6,1.59,77.0,100680.0
1990-12-04 23:00:00+00:00,22.48,93.05,0.0,0.0,0.0,390.75,1.45,74.0,100740.0
1990-12-05 00:00:00+00:00,23.17,93.05,251.55,866.38,77.1,387.05,1.31,70.0,100780.0
1990-12-05 01:00:00+00:00,25.39,87.3,477.35,815.92,129.95,394.15,1.17,69.0,100840.0
1990-12-05 02:00:00+00:00,26.98,76.7,644.75,814.26,140.1,392.65,1.66,51.0,100870.0
1990-12-05 03:00:00+00:00,28.26,72.0,696.7,657.97,190.0,399.05,2.34,40.0,100850.0
1990-12-05 04:00:00+00:00,28.97,65.4,783.65,611.58,253.7,414.35,2.34,40.0,100770.0
1990-12-05 05:00:00+00:00,29.46,63.4,776.45,611.47,224.6,422.45,1.93,43.0,100690.0
1990-12-05 06:00:00+00:00,29.6,63.4,794.7,764.62,125.25,417.85,1.52,49.0,100590.0
1990-12-05 07:00:00+00:00,30.12,59.45,539.75,464.71,173.8,411.45,1.52,63.0,100530.0
1990-12-05 08:00:00+00:00,29.85,61.35,464.1,535.42,119.1,417.05,1.52,73.0,100450.0
1990-12-05 09:00:00+00:00,29.71,61.35,242.95,332.1,91.55,411.05,1.72,72.0,100440.0
1990-12-05 10:00:00+00:00,29.17,65.4,57.9,145.99,23.6,412.6,1.31,73.0,100490.0
1990-12-05 11:00:00+00:00,28.18,74.4,0.0,0.0,0.0,414.55,0.83,80.0,100580.0
1990-12-05 12:00:00+00:00,27.0,79.3,0.0,0.0,0.0,404.3,0.62,100.0,100690.0
1990-12-05 13:00:00+00:00,25.9,87.3,0.0,0.0,0.0,407.0,0.97,90.0,100800.0
1990-12-05 14:00:00+00:00,25.34,87.3,0.0,0.0,0.0,402.95,1.59,70.0,100850.0
1990-12-05 15:00:00+00:00,24.67,87.25,0.0,0.0,0.0,400.2,1.66,62.0,100870.0
1990-12-05 16:00:00+00:00,24.15,90.1,0.0,0.0,0.0,396.55,1.66,51.0,100830.0
1990-12-05 17:00:00+00:00,23.75,93.1,0.0,0.0,0.0,393.65,1.66,50.0,100790.0
1990-12-05 18:00:00+00:00,23.37,93.05,0.0,0.0,0.0,390.95,1.66,51.0,100720.0
1990-12-05 19:00:00+00:00,23.41,93.1,0.0,0.0,0.0,394.2,1.52,54.0,100650.0
1990-12-05 20:00:00+00:00,23.14,93.05,0.0,0.0,0.0,389.55,1.66,57.0,100600.0
1990-12-05 21:00:00+00:00,22.9,93.05,0.0,0.0,0.0,387.45,1.72,53.0,100600.0
1990-12-05 22:00:00+00:00,22.76,93.05,0.0,0.0,0.0,387.65,1.79,48.0,100640.0
1990-12-05 23:00:00+00:00,22.54,93.05,0.0,0.0,0.0,385.1,1.79,47.0,100680.0
1990-12-06 00:00:00+00:00,23.3,93.05,253.4,936.32,66.65,385.9,1.59,47.0,100740.0
1990-12-06 01:00:00+00:00,25.4,84.45,487.65,932.33,92.5,387.95,1.72,44.0,100810.0
1990-12-06 02:00:00+00:00,26.91,76.65,667.55,897.16,113.2,393.05,2.07,36.0,100840.0
1990-12-06 03:00:00+00:00,28.03,69.65,852.95,947.65,124.75,394.6,2.14,32.0,100800.0
1990-12-06 04:00:00+00:00,29.05,67.6,870.8,844.34,140.3,397.3,1.93,32.0,100750.0
1990-12-06 05:00:00+00:00,29.69,63.4,844.6,678.35,233.05,407.0,2.21,38.0,100670.0
1990-12-06 06:00:00+00:00,29.87,63.4,695.75,641.76,134.2,418.8,1.93,42.0,100600.0
1990-12-06 07:00:00+00:00,30.03,61.45,572.9,575.03,120.1,423.85,0.97,38.0,100450.0
1990-12-06 08:00:00+00:00,29.88,65.5,442.3,522.04,105.7,411.65,1.24,32.0,100360.0
1990-12-06 09:00:00+00:00,29.86,63.4,239.8,388.06,62.55,413.2,1.17,10.0,100370.0
1990-12-06 10:00:00+00:00,29.17,67.6,63.6,182.07,20.6,413.95,0.69,360.0,100420.0
1990-12-06 11:00:00+00:00,28.34,74.4,0.0,0.0,0.0,409.5,0.41,229.0,100500.0
1990-12-06 12:00:00+00:00,26.79,84.55,0.0,0.0,0.0,407.0,0.48,232.0,100670.0
1990-12-06 13:00:00+00:00,25.65,84.5,0.0,0.0,0.0,408.75,0.41,56.0,100770.0
1990-12-06 14:00:00+00:00,24.83,90.15,0.0,0.0,0.0,416.3,1.38,56.0,100850.0
1990-12-06 15:00:00+00:00,24.6,90.15,0.0,0.0,0.0,421.9,1.24,44.0,100850.0
1990-12-06 16:00:00+00:00,24.16,93.1,0.0,0.0,0.0,405.25,1.03,47.0,100820.0
1990-12-06 17:00:00+00:00,24.12,93.1,0.0,0.0,0.0,418.2,0.76,48.0,100800.0
1990-12-06 18:00:00+00:00,23.85,96.2,0.0,0.0,0.0,410.3,0.83,55.0,100710.0
1990-12-06 19:00:00+00:00,23.44,96.2,0.0,0.0,0.0,398.3,1.03,60.0,100630.0
1990-12-06 20:00:00+00:00,23.03,96.2,0.0,0.0,0.0,394.4,0.97,58.0,100590.0
1990-12-06 21:00:00+00:00,22.71,99.4,0.0,0.0,0.0,390.15,0.9,66.0,100590.0
1990-12-06 22:00:00+00:00,22.35,99.4,0.0,0.0,0.0,391.1,1.03,61.0,100640.0
1990-12-06 23:00:00+00:00,22.01,99.4,0.0,0.0,0.0,385.3,1.38,63.0,100700.0
1990-12-07 00:00:00+00:00,23.2,96.2,197.05,521.42,94.05,390.95,1.24,69.0,100770.0
1990-12-07 01:00:00+00:00,24.98,87.3,453.5,722.71,148.6,393.15,1.38,75.0,100860.0
1990-12-07 02:00:00+00:00,26.48,79.2,520.0,565.71,171.5,396.55,1.66,68.0,100880.0
1990-12-07 03:00:00+00:00,27.32,74.25,675.8,535.22,265.4,407.2,1.79,53.0,100850.0
1990-12-07 04:00:00+00:00,28.36,69.65,639.9,440.88,259.05,413.4,2.28,45.0,100760.0
1990-12-07 05:00:00+00:00,29.04,63.3,543.5,225.35,340.55,421.9,2.14,46.0,100660.0
1990-12-07 06:00:00+00:00,29.24,63.3,581.85,362.19,265.1,435.45,1.86,50.0,100560.0
1990-12-07 07:00:00+00:00,29.7,61.35,609.9,581.43,152.05,423.25,2.21,52.0,100470.0
1990-12-07 08:00:00+00:00,29.85,61.35,385.65,376.97,142.4,419.2,2.41,58.0,100420.0
1990-12-07 09:00:00+00:00,29.52,61.35,260.95,370.89,91.2,420.9,1.86,71.0,100410.0
1990-12-07 10:00:00+00:00,29.07,65.4,63.6,123.18,34.35,416.3,1.59,75.0,100480.0
1990-12-07 11:00:00+00:00,28.12,69.65,0.0,0.0,0.0,416.85,1.03,89.0,100600.0
1990-12-07 12:00:00+00:00,26.93,84.55,0.0,0.0,0.0,415.3,0.83,101.0,100700.0
1990-12-07 13:00:00+00:00,26.02,87.3,0.0,0.0,0.0,409.7,0.76,80.0,100780.0
1990-12-07 14:00:00+00:00,25.55,87.3,0.0,0.0,0.0,412.6,0.83,50.0,100830.0
1990-12-07 15:00:00+00:00,24.92,87.3,0.0,0.0,0.0,404.3,1.17,36.0,100850.0
1990-12-07 16:00:00+00:00,24.44,87.25,0.0,0.0,0.0,404.3,1.38,36.0,100820.0
1990-12-07 17:00:00+00:00,24.19,93.1,0.0,0.0,0.0,410.3,1.24,41.0,100770.0
1990-12-07 18:00:00+00:00,23.63,93.1,0.0,0.0,0.0,399.05,1.03,36.0,100700.0
1990-12-07 19:00:00+00:00,23.74,96.2,0.0,0.0,0.0,407.75,0.97,12.0,100660.0
1990-12-07 20:00:00+00:00,23.59,96.2,0.0,0.0,0.0,406.2,0.97,11.0,100600.0
1990-12-07 21:00:00+00:00,23.31,96.2,0.0,0.0,0.0,400.4,1.03,25.0,100620.0
1990-12-07 22:00:00+00:00,23.24,96.2,0.0,0.0,0.0,405.45,1.03,45.0,100680.0
1990-12-07 23:00:00+00:00,23.03,96.2,0.0,0.0,0.0,399.25,1.31,66.0,100740.0
1990-12-08 00:00:00+00:00,23.7,96.2,203.3,515.03,102.55,401.55,1.1,67.0,100810.0
1990-12-08 01:00:00+00:00,25.43,84.5,409.2,577.81,166.55,404.6,1.03,50.0,100850.0
1990-12-08 02:00:00+00:00,26.78,79.2,561.55,554.61,220.9,400.4,1.79,37.0,100890.0
1990-12-08 03:00:00+00:00,28.04,72.0,534.25,325.81,284.95,411.45,2.83,41.0,100870.0
1990-12-08 04:00:00+00:00,28.61,69.75,715.1,606.33,192.1,427.1,2.41,44.0,100800.0
1990-12-08 05:00:00+00:00,29.31,69.85,769.95,605.8,224.9,418.8,1.79,44.0,100710.0
1990-12-08 06:00:00+00:00,29.73,69.95,717.0,597.57,194.65,417.65,1.38,43.0,100600.0
1990-12-08 07:00:00+00:00,29.7,69.95,519.65,411.03,195.95,425.2,1.59,37.0,100530.0
1990-12-08 08:00:00+00:00,29.65,67.7,348.45,304.27,151.95,423.05,1.24,46.0,100430.0
1990-12-08 09:00:00+00:00,28.61,72.1,145.7,89.83,104.5,420.55,0.9,58.0,100470.0
1990-12-08 10:00:00+00:00,26.89,84.55,30.4,25.55,24.3,418.6,0.48,126.0,100580.0
1990-12-08 11:00:00+00:00,25.73,87.3,0.0,0.0,0.0,423.25,0.55,123.0,100690.0
1990-12-08 12:00:00+00:00,25.09,93.15,0.0,0.0,0.0,422.45,0.76,57.0,100800.0
1990-12-08 13:00:00+00:00,24.77,96.2,0.0,0.0,0.0,423.25,0.83,39.0,100870.0
1990-12-08 14:00:00+00:00,24.61,93.15,0.0,0.0,0.0,423.85,0.97,25.0,100910.0
1990-12-08 15:00:00+00:00,24.32,96.2,0.0,0.0,0.0,413.4,0.9,20.0,100930.0
1990-12-08 16:00:00+00:00,23.97,96.2,0.0,0.0,0.0,407.0,0.9,22.0,100890.0
1990-12-08 17:00:00+00:00,23.76,99.4,0.0,0.0,0.0,409.5,0.83,33.0,100840.0
1990-12-08 18:00:00+00:00,23.42,96.2,0.0,0.0,0.0,404.85,0.76,36.0,100790.0
1990-12-08 19:00:00+00:00,23.64,99.4,0.0,0.0,0.0,404.85,0.48,71.0,100720.0
1990-12-08 20:00:00+00:00,23.11,99.4,0.0,0.0,0.0,395.2,0.83,65.0,100650.0
1990-12-08 21:00:00+00:00,22.92,99.4,0.0,0.0,0.0,402.75,0.97,57.0,100650.0
1990-12-08 22:00:00+00:00,22.73,99.4,0.0,0.0,0.0,399.85,0.97,59.0,100670.0
1990-12-08 23:00:00+00:00,22.72,99.4,0.0,0.0,0.0,403.1,1.03,62.0,100720.0
1990-12-09 00:00:00+00:00,23.77,96.2,231.05,815.97,73.0,398.85,1.1,60.0,100780.0
1990-12-09 01:00:00+00:00,25.25,90.2,448.05,793.03,116.55,402.65,1.1,62.0,100850.0
1990-12-09 02:00:00+00:00,26.52,84.55,597.1,759.96,131.7,408.9,1.72,51.0,100880.0
1990-12-09 03:00:00+00:00,27.55,79.35,646.4,658.06,143.9,412.6,2.0,44.0,100870.0
1990-12-09 04:00:00+00:00,28.33,74.4,765.05,716.16,148.2,412.8,2.34,42.0,100790.0
1990-12-09 05:00:00+00:00,28.99,69.85,681.1,553.73,183.35,411.85,2.55,40.0,100700.0
1990-12-09 06:00:00+00:00,29.14,69.85,623.45,483.14,201.3,427.7,2.28,46.0,100600.0
1990-12-09 07:00:00+00:00,29.25,69.85,570.6,382.28,269.5,421.3,0.9,27.0,100520.0
1990-12-09 08:00:00+00:00,29.42,69.85,349.55,258.28,182.6,421.3,0.76,35.0,100440.0
1990-12-09 09:00:00+00:00,28.16,74.4,166.3,107.36,116.95,422.1,0.9,71.0,100450.0
1990-12-09 10:00:00+00:00,26.91,81.85,32.8,1.04,32.55,416.3,0.62,89.0,100520.0
1990-12-09 11:00:00+00:00,26.16,87.3,0.0,0.0,0.0,414.15,0.55,121.0,100640.0
1990-12-09 12:00:00+00:00,25.43,87.3,0.0,0.0,0.0,414.9,0.41,54.0,100730.0
1990-12-09 13:00:00+00:00,24.97,90.2,0.0,0.0,0.0,414.9,0.21,44.0,100800.0
1990-12-09 14:00:00+00:00,24.75,93.15,0.0,0.0,0.0,414.35,0.21,54.0,100850.0
1990-12-09 15:00:00+00:00,24.4,96.2,0.0,0.0,0.0,410.45,0.34,19.0,100890.0
1990-12-09 16:00:00+00:00,23.93,96.2,0.0,0.0,0.0,404.65,0.55,15.0,100850.0
1990-12-09 17:00:00+00:00,23.64,96.2,0.0,0.0,0.0,407.75,0.69,16.0,100790.0
1990-12-09 18:00:00+00:00,23.35,99.4,0.0,0.0,0.0,404.45,0.83,33.0,100720.0
1990-12-09 19:00:00+00:00,23.36,99.4,0.0,0.0,0.0,404.1,0.9,60.0,100670.0
1990-12-09 20:00:00+00:00,22.91,96.2,0.0,0.0,0.0,394.4,1.03,39.0,100610.0
1990-12-09 21:00:00+00:00,22.75,99.4,0.0,0.0,0.0,398.1,1.17,49.0,100580.0
1990-12-09 22:00:00+00:00,22.47,96.15,0.0,0.0,0.0,393.45,1.1,46.0,100600.0
1990-12-09 23:00:00+00:00,22.36,99.4,0.0,0.0,0.0,395.75,1.17,50.0,100670.0
1990-12-10 00:00:00+00:00,23.25,96.2,206.85,620.27,87.9,392.3,1.03,50.0,100690.0
1990-12-10 01:00:00+00:00,25.28,87.3,374.35,454.7,185.15,397.25,1.24,50.0,100760.0
1990-12-10 02:00:00+00:00,26.47,79.2,581.7,585.64,224.1,404.3,1.59,42.0,100800.0
1990-12-10 03:00:00+00:00,27.62,74.3,702.05,542.41,288.7,408.9,1.93,39.0,100770.0
1990-12-10 04:00:00+00:00,28.59,69.75,709.4,500.45,278.95,415.1,2.0,39.0,100740.0
1990-12-10 05:00:00+00:00,29.09,67.6,581.1,247.63,358.7,415.7,1.66,31.0,100670.0
1990-12-10 06:00:00+00:00,29.18,65.4,714.0,628.82,164.75,425.0,1.45,29.0,100550.0
1990-12-10 07:00:00+00:00,29.28,67.6,587.05,589.28,122.8,419.0,0.69,7.0,100450.0
1990-12-10 08:00:00+00:00,29.42,67.6,455.35,544.7,102.9,415.9,0.48,330.0,100320.0
1990-12-10 09:00:00+00:00,28.9,69.75,193.4,271.75,68.2,420.15,0.34,347.0,100290.0
1990-12-10 10:00:00+00:00,28.1,72.0,61.7,162.91,22.35,416.65,0.55,265.0,100350.0
1990-12-10 11:00:00+00:00,27.12,79.3,0.0,0.0,0.0,417.05,1.1,250.0,100450.0
1990-12-10 12:00:00+00:00,26.27,87.3,0.0,0.0,0.0,411.25,0.55,246.0,100540.0
1990-12-10 13:00:00+00:00,25.92,87.3,0.0,0.0,0.0,413.2,0.34,329.0,100630.0
1990-12-10 14:00:00+00:00,25.37,90.2,0.0,0.0,0.0,414.75,0.76,26.0,100720.0
1990-12-10 15:00:00+00:00,24.96,90.2,0.0,0.0,0.0,413.0,0.76,52.0,100740.0
1990-12-10 16:00:00+00:00,24.68,90.15,0.0,0.0,0.0,409.9,0.41,61.0,100720.0
1990-12-10 17:00:00+00:00,24.18,96.2,0.0,0.0,0.0,400.4,0.28,66.0,100690.0
1990-12-10 18:00:00+00:00,23.84,96.2,0.0,0.0,0.0,402.55,0.28,40.0,100630.0
1990-12-10 19:00:00+00:00,23.69,96.2,0.0,0.0,0.0,402.75,0.9,56.0,100530.0
1990-12-10 20:00:00+00:00,23.81,96.2,0.0,0.0,0.0,411.65,0.76,54.0,100500.0
1990-12-10 21:00:00+00:00,23.69,96.2,0.0,0.0,0.0,407.95,0.83,59.0,100490.0
1990-12-10 22:00:00+00:00,23.46,96.2,0.0,0.0,0.0,405.05,0.97,54.0,100530.0
1990-12-10 23:00:00+00:00,23.22,99.4,0.0,0.0,0.0,401.55,1.17,51.0,100570.0
1990-12-11 00:00:00+00:00,23.8,96.2,238.05,898.38,67.5,396.95,0.97,53.0,100620.0
1990-12-11 01:00:00+00:00,25.77,84.5,434.1,819.2,94.8,395.85,1.03,55.0,100680.0
1990-12-11 02:00:00+00:00,26.95,76.7,660.95,861.06,136.7,399.05,1.59,51.0,100730.0
1990-12-11 03:00:00+00:00,28.18,72.0,712.45,625.13,237.0,404.65,2.21,44.0,100700.0
1990-12-11 04:00:00+00:00,28.89,67.5,713.55,545.36,245.1,413.75,2.0,43.0,100650.0
1990-12-11 05:00:00+00:00,29.4,65.4,783.9,715.51,141.8,429.45,1.24,37.0,100560.0
1990-12-11 06:00:00+00:00,29.88,65.5,715.25,640.73,155.75,419.4,0.76,16.0,100440.0
1990-12-11 07:00:00+00:00,29.56,65.5,499.95,372.05,206.75,419.2,0.0,321.0,100400.0
1990-12-11 08:00:00+00:00,29.45,67.6,370.7,353.69,141.6,429.45,0.14,154.0,100350.0
1990-12-11 09:00:00+00:00,29.22,67.6,225.05,286.68,92.65,424.0,0.48,132.0,100330.0
1990-12-11 10:00:00+00:00,28.17,74.4,64.05,136.43,30.9,423.05,0.97,146.0,100370.0
1990-12-11 11:00:00+00:00,26.58,84.55,0.0,0.0,0.0,409.9,1.24,210.0,100480.0
1990-12-11 12:00:00+00:00,25.51,87.3,0.0,0.0,0.0,409.1,1.17,234.0,100610.0
1990-12-11 13:00:00+00:00,25.0,93.15,0.0,0.0,0.0,413.75,0.83,249.0,100690.0
1990-12-11 14:00:00+00:00,24.72,93.15,0.0,0.0,0.0,403.1,0.21,295.0,100770.0
1990-12-11 15:00:00+00:00,24.09,96.2,0.0,0.0,0.0,406.2,0.34,53.0,100800.0
1990-12-11 16:00:00+00:00,23.67,96.2,0.0,0.0,0.0,404.85,0.55,27.0,100810.0
1990-12-11 17:00:00+00:00,23.44,96.2,0.0,0.0,0.0,408.55,0.41,21.0,100780.0
1990-12-11 18:00:00+00:00,23.41,96.2,0.0,0.0,0.0,413.0,0.48,28.0,100690.0
1990-12-11 19:00:00+00:00,23.07,99.4,0.0,0.0,0.0,394.6,0.69,30.0,100640.0
1990-12-11 20:00:00+00:00,22.85,99.4,0.0,0.0,0.0,398.3,0.76,40.0,100570.0
1990-12-11 21:00:00+00:00,22.52,99.4,0.0,0.0,0.0,394.4,0.9,35.0,100550.0
1990-12-11 22:00:00+00:00,22.18,99.4,0.0,0.0,0.0,389.75,1.1,45.0,100560.0
1990-12-11 23:00:00+00:00,21.76,99.4,0.0,0.0,0.0,381.25,1.24,58.0,100590.0
1990-12-12 00:00:00+00:00,22.72,99.4,248.3,992.47,61.8,380.5,0.97,70.0,100670.0
1990-12-12 01:00:00+00:00,25.21,87.3,484.1,975.16,82.05,386.2,1.03,80.0,100730.0
1990-12-12 02:00:00+00:00,26.51,79.2,692.15,973.31,101.25,389.0,1.03,78.0,100780.0
1990-12-12 03:00:00+00:00,27.85,74.3,737.35,753.08,165.7,393.05,1.52,58.0,100760.0
1990-12-12 04:00:00+00:00,28.82,67.5,842.75,729.48,216.95,404.45,1.79,49.0,100720.0
1990-12-12 05:00:00+00:00,29.68,63.4,597.0,303.88,324.5,410.1,1.72,48.0,100610.0
1990-12-12 06:00:00+00:00,29.76,63.4,737.9,605.82,209.0,431.4,1.31,55.0,100530.0
1990-12-12 07:00:00+00:00,30.42,61.45,538.45,478.34,161.35,423.25,2.0,63.0,100420.0
1990-12-12 08:00:00+00:00,30.26,61.45,440.95,528.06,98.5,414.15,1.86,62.0,100340.0
1990-12-12 09:00:00+00:00,29.88,63.4,263.05,427.65,65.05,414.15,1.66,60.0,100320.0
1990-12-12 10:00:00+00:00,29.38,65.4,71.5,184.08,26.5,417.85,1.17,67.0,100320.0
1990-12-12 11:00:00+00:00,28.43,74.4,0.0,0.0,0.0,408.55,0.62,103.0,100420.0
1990-12-12 12:00:00+00:00,27.33,79.3,0.0,0.0,0.0,407.0,0.62,142.0,100540.0
1990-12-12 13:00:00+00:00,26.18,87.3,0.0,0.0,0.0,403.3,0.62,113.0,100650.0
1990-12-12 14:00:00+00:00,25.25,90.2,0.0,0.0,0.0,398.85,1.03,66.0,100740.0
1990-12-12 15:00:00+00:00,24.85,87.25,0.0,0.0,0.0,406.2,1.45,53.0,100790.0
1990-12-12 16:00:00+00:00,24.29,90.1,0.0,0.0,0.0,399.65,1.38,47.0,100790.0
1990-12-12 17:00:00+00:00,23.75,93.1,0.0,0.0,0.0,392.65,1.45,52.0,100750.0
1990-12-12 18:00:00+00:00,23.44,93.1,0.0,0.0,0.0,396.75,1.38,55.0,100710.0
1990-12-12 19:00:00+00:00,23.21,93.05,0.0,0.0,0.0,389.75,1.45,58.0,100620.0
1990-12-12 20:00:00+00:00,22.78,96.15,0.0,0.0,0.0,383.75,1.45,52.0,100590.0
1990-12-12 21:00:00+00:00,22.38,96.15,0.0,0.0,0.0,379.1,1.59,50.0,100570.0
1990-12-12 22:00:00+00:00,22.04,96.15,0.0,0.0,0.0,376.2,1.59,51.0,100600.0
1990-12-12 23:00:00+00:00,21.77,96.15,0.0,0.0,0.0,376.0,1.59,52.0,100650.0
1990-12-13 00:00:00+00:00,22.42,93.05,250.85,980.97,68.4,373.3,1.31,53.0,100730.0
1990-12-13 01:00:00+00:00,25.04,84.45,495.2,1010.7,80.4,378.05,1.1,45.0,100800.0
1990-12-13 02:00:00+00:00,26.67,79.2,697.3,990.51,97.65,380.65,1.17,32.0,100840.0
1990-12-13 03:00:00+00:00,27.88,74.3,850.5,975.25,111.6,388.6,1.17,27.0,100840.0
1990-12-13 04:00:00+00:00,28.86,69.75,925.9,913.44,143.25,391.5,1.17,32.0,100780.0
1990-12-13 05:00:00+00:00,29.61,63.4,831.3,715.25,190.35,397.3,1.72,40.0,100720.0
1990-12-13 06:00:00+00:00,29.97,59.45,779.65,731.48,141.15,407.75,1.86,40.0,100600.0
1990-12-13 07:00:00+00:00,30.06,59.45,587.9,521.17,176.85,409.3,1.17,21.0,100550.0
1990-12-13 08:00:00+00:00,29.99,57.5,407.8,439.62,122.35,419.0,0.9,338.0,100460.0
1990-12-13 09:00:00+00:00,29.37,61.25,231.55,324.33,81.0,420.55,0.62,326.0,100450.0
1990-12-13 10:00:00+00:00,28.64,65.3,58.75,127.04,27.5,417.65,0.07,78.0,100520.0
1990-12-13 11:00:00+00:00,27.42,76.7,0.0,0.0,0.0,412.2,0.83,142.0,100570.0
1990-12-13 12:00:00+00:00,26.55,79.2,0.0,0.0,0.0,419.2,0.83,133.0,100690.0
1990-12-13 13:00:00+00:00,25.89,84.5,0.0,0.0,0.0,418.0,0.76,130.0,100760.0
1990-12-13 14:00:00+00:00,25.11,87.3,0.0,0.0,0.0,407.2,0.76,88.0,100860.0
1990-12-13 15:00:00+00:00,24.74,90.15,0.0,0.0,0.0,411.65,0.9,66.0,100880.0
1990-12-13 16:00:00+00:00,24.61,90.15,0.0,0.0,0.0,416.85,0.97,36.0,100890.0
1990-12-13 17:00:00+00:00,24.5,90.15,0.0,0.0,0.0,419.55,0.97,27.0,100830.0
1990-12-13 18:00:00+00:00,24.21,93.1,0.0,0.0,0.0,414.35,0.9,50.0,100810.0
1990-12-13 19:00:00+00:00,24.17,96.2,0.0,0.0,0.0,414.75,0.76,55.0,100670.0
1990-12-13 20:00:00+00:00,24.15,96.2,0.0,0.0,0.0,415.1,0.62,77.0,100650.0
1990-12-13 21:00:00+00:00,24.03,96.2,0.0,0.0,0.0,414.35,0.55,96.0,100630.0
1990-12-13 22:00:00+00:00,23.76,99.4,0.0,0.0,0.0,410.1,0.69,68.0,100650.0
1990-12-13 23:00:00+00:00,23.42,96.2,0.0,0.0,0.0,403.9,0.97,69.0,100710.0
1990-12-14 00:00:00+00:00,23.77,99.4,140.35,217.31,100.35,408.55,0.76,67.0,100760.0
1990-12-14 01:00:00+00:00,25.2,90.2,274.0,288.46,156.15,412.15,0.69,63.0,100830.0
1990-12-14 02:00:00+00:00,26.2,81.8,309.95,197.53,190.7,410.45,0.55,51.0,100890.0
1990-12-14 03:00:00+00:00,26.78,81.85,504.35,293.15,282.65,417.25,0.69,28.0,100890.0
1990-12-14 04:00:00+00:00,27.6,76.8,299.9,85.71,226.55,421.3,0.76,8.0,100820.0
1990-12-14 05:00:00+00:00,27.34,79.3,468.2,160.85,324.15,427.9,0.9,9.0,100730.0
1990-12-14 06:00:00+00:00,27.58,76.8,96.45,0.0,96.45,430.0,1.17,36.0,100630.0
1990-12-14 07:00:00+00:00,24.96,84.45,73.35,0.06,73.3,422.85,0.55,238.0,100670.0
1990-12-14 08:00:00+00:00,24.67,90.15,59.25,5.08,55.95,423.25,0.62,284.0,100590.0
1990-12-14 09:00:00+00:00,24.47,90.15,30.5,0.0,30.5,418.4,0.9,292.0,100560.0
1990-12-14 10:00:00+00:00,24.22,93.1,6.0,0.0,6.0,413.55,0.76,285.0,100610.0
1990-12-14 11:00:00+00:00,23.8,96.2,0.0,0.0,0.0,411.45,0.34,301.0,100600.0
1990-12-14 12:00:00+00:00,23.6,96.2,0.0,0.0,0.0,413.0,0.69,336.0,100660.0
1990-12-14 13:00:00+00:00,23.36,99.4,0.0,0.0,0.0,405.25,0.69,344.0,100730.0
1990-12-14 14:00:00+00:00,23.32,99.4,0.0,0.0,0.0,412.8,0.55,354.0,100800.0
1990-12-14 15:00:00+00:00,23.19,99.4,0.0,0.0,0.0,410.3,0.48,16.0,100800.0
1990-12-14 16:00:00+00:00,23.2,99.4,0.0,0.0,0.0,414.75,0.21,4.0,100810.0
1990-12-14 17:00:00+00:00,23.22,99.4,0.0,0.0,0.0,417.05,0.21,25.0,100780.0
1990-12-14 18:00:00+00:00,23.0,99.4,0.0,0.0,0.0,409.3,0.41,61.0,100750.0
1990-12-14 19:00:00+00:00,23.28,99.4,0.0,0.0,0.0,421.7,0.41,78.0,100630.0
1990-12-14 20:00:00+00:00,23.32,99.4,0.0,0.0,0.0,422.3,0.34,59.0,100550.0
1990-12-14 21:00:00+00:00,23.25,99.4,0.0,0.0,0.0,418.6,0.34,50.0,100550.0
1990-12-14 22:00:00+00:00,22.99,99.4,0.0,0.0,0.0,409.3,0.62,49.0,100580.0
1990-12-14 23:00:00+00:00,23.08,99.4,0.0,0.0,0.0,419.2,0.62,52.0,100630.0
1990-12-15 00:00:00+00:00,23.39,99.4,124.3,125.99,101.35,413.75,0.69,53.0,100680.0
1990-12-15 01:00:00+00:00,24.35,93.1,261.05,249.94,159.4,413.7,0.55,50.0,100740.0
1990-12-15 02:00:00+00:00,25.39,87.3,402.75,277.13,235.9,409.3,0.34,28.0,100810.0
1990-12-15 03:00:00+00:00,26.37,87.3,594.9,473.23,237.65,416.85,0.34,344.0,100790.0
1990-12-15 04:00:00+00:00,27.62,81.95,440.4,235.89,238.75,420.9,0.34,312.0,100740.0
1990-12-15 05:00:00+00:00,27.76,79.35,534.45,320.6,247.5,431.4,0.41,297.0,100680.0
1990-12-15 06:00:00+00:00,27.52,79.35,378.95,150.61,247.5,425.2,0.48,50.0,100550.0
1990-12-15 07:00:00+00:00,27.21,79.3,187.0,28.94,164.15,429.05,0.83,235.0,100460.0
1990-12-15 08:00:00+00:00,25.53,84.5,162.6,14.74,153.0,432.15,0.62,207.0,100420.0
1990-12-15 09:00:00+00:00,25.38,87.3,68.05,8.36,64.15,422.3,0.76,168.0,100450.0
1990-12-15 10:00:00+00:00,25.08,90.2,12.3,0.0,12.3,422.85,0.62,142.0,100470.0
1990-12-15 11:00:00+00:00,24.41,96.2,0.0,0.0,0.0,419.75,0.69,119.0,100490.0
1990-12-15 12:00:00+00:00,24.13,96.2,0.0,0.0,0.0,420.9,0.55,77.0,100600.0
1990-12-15 13:00:00+00:00,24.03,96.2,0.0,0.0,0.0,421.7,0.76,72.0,100640.0
1990-12-15 14:00:00+00:00,23.86,99.4,0.0,0.0,0.0,417.45,0.69,87.0,100710.0
1990-12-15 15:00:00+00:00,23.71,99.4,0.0,0.0,0.0,417.45,0.62,72.0,100710.0
1990-12-15 16:00:00+00:00,23.57,99.4,0.0,0.0,0.0,415.3,0.9,93.0,100730.0
1990-12-15 17:00:00+00:00,23.54,99.4,0.0,0.0,0.0,418.8,0.83,72.0,100690.0
1990-12-15 18:00:00+00:00,23.39,99.4,0.0,0.0,0.0,414.55,0.83,91.0,100640.0
1990-12-15 19:00:00+00:00,23.35,99.4,0.0,0.0,0.0,418.0,0.69,73.0,100590.0
1990-12-15 20:00:00+00:00,23.26,99.4,0.0,0.0,0.0,418.4,0.83,67.0,100510.0
1990-12-15 21:00:00+00:00,23.34,99.4,0.0,0.0,0.0,421.9,0.97,60.0,100500.0
1990-12-15 22:00:00+00:00,23.29,99.4,0.0,0.0,0.0,420.35,0.9,55.0,100510.0
1990-12-15 23:00:00+00:00,23.22,99.4,0.0,0.0,0.0,418.4,0.83,41.0,100550.0
1990-12-16 00:00:00+00:00,23.44,96.2,158.1,389.2,87.95,409.9,0.69,34.0,100580.0
1990-12-16 01:00:00+00:00,24.71,93.15,359.7,468.05,170.2,408.25,0.76,19.0,100650.0
1990-12-16 02:00:00+00:00,25.89,84.5,543.1,637.62,160.25,407.75,1.17,13.0,100710.0
1990-12-16 03:00:00+00:00,27.07,79.3,489.15,248.01,302.25,407.75,1.38,16.0,100690.0
1990-12-16 04:00:00+00:00,27.6,79.35,490.95,194.51,324.85,420.15,0.9,354.0,100660.0
1990-12-16 05:00:00+00:00,27.97,76.85,429.2,175.05,272.6,423.45,0.48,332.0,100580.0
1990-12-16 06:00:00+00:00,27.85,79.35,267.55,68.06,208.15,424.6,0.14,344.0,100490.0
1990-12-16 07:00:00+00:00,26.2,90.2,255.25,84.42,188.55,418.4,0.34,141.0,100420.0
1990-12-16 08:00:00+00:00,26.3,90.2,233.7,68.48,189.05,418.2,0.0,171.0,100330.0
1990-12-16 09:00:00+00:00,26.45,87.35,140.5,47.0,118.5,421.1,0.55,45.0,100310.0
1990-12-16 10:00:00+00:00,26.04,87.3,31.1,6.18,29.55,421.7,1.31,58.0,100340.0
1990-12-16 11:00:00+00:00,25.36,90.2,0.05,0.0,0.05,422.45,0.76,80.0,100420.0
1990-12-16 12:00:00+00:00,24.9,93.15,0.0,0.0,0.0,417.65,0.55,120.0,100520.0
1990-12-16 13:00:00+00:00,24.57,93.15,0.0,0.0,0.0,421.3,0.48,131.0,100620.0
1990-12-16 14:00:00+00:00,24.38,96.2,0.0,0.0,0.0,421.5,0.69,104.0,100700.0
1990-12-16 15:00:00+00:00,24.07,96.2,0.0,0.0,0.0,416.45,0.69,93.0,100750.0
1990-12-16 16:00:00+00:00,23.73,99.4,0.0,0.0,0.0,411.85,0.69,75.0,100720.0
1990-12-16 17:00:00+00:00,23.51,99.4,0.0,0.0,0.0,413.4,0.69,53.0,100680.0
1990-12-16 18:00:00+00:00,23.17,99.4,0.0,0.0,0.0,409.7,0.62,60.0,100660.0
1990-12-16 19:00:00+00:00,23.2,99.4,0.0,0.0,0.0,410.85,0.83,52.0,100600.0
1990-12-16 20:00:00+00:00,23.2,99.4,0.0,0.0,0.0,412.8,0.9,42.0,100540.0
1990-12-16 21:00:00+00:00,23.01,99.4,0.0,0.0,0.0,408.9,1.1,48.0,100510.0
1990-12-16 22:00:00+00:00,22.82,99.4,0.0,0.0,0.0,407.2,1.03,49.0,100550.0
1990-12-16 23:00:00+00:00,22.55,99.4,0.0,0.0,0.0,404.85,1.03,52.0,100560.0
1990-12-17 00:00:00+00:00,22.84,99.4,169.75,385.22,101.05,403.7,0.9,51.0,100590.0
1990-12-17 01:00:00+00:00,24.84,99.4,362.4,498.06,161.65,411.75,0.55,67.0,100690.0
1990-12-17 02:00:00+00:00,26.48,84.55,571.2,732.74,132.4,419.0,0.48,57.0,100740.0
1990-12-17 03:00:00+00:00,27.76,79.35,670.9,637.55,191.25,411.05,0.41,24.0,100730.0
1990-12-17 04:00:00+00:00,28.76,74.5,727.6,528.5,276.75,420.75,0.34,350.0,100670.0
1990-12-17 05:00:00+00:00,29.53,69.95,575.85,285.95,320.15,422.65,0.28,326.0,100580.0
1990-12-17 06:00:00+00:00,28.63,74.5,435.15,153.39,301.25,428.1,0.07,176.0,100450.0
1990-12-17 07:00:00+00:00,27.75,79.35,367.5,103.14,285.95,420.9,0.41,350.0,100400.0
1990-12-17 08:00:00+00:00,27.31,81.9,242.05,111.56,169.2,423.45,0.62,301.0,100410.0
1990-12-17 09:00:00+00:00,27.01,79.3,175.15,103.42,126.6,420.35,0.21,16.0,100360.0
1990-12-17 10:00:00+00:00,26.68,84.55,64.15,65.38,47.65,422.65,0.34,18.0,100380.0
1990-12-17 11:00:00+00:00,26.06,90.2,0.1,0.0,0.1,410.1,0.41,321.0,100500.0
1990-12-17 12:00:00+00:00,25.37,93.15,0.0,0.0,0.0,408.9,0.9,259.0,100610.0
1990-12-17 13:00:00+00:00,24.86,96.2,0.0,0.0,0.0,415.1,0.14,264.0,100700.0
1990-12-17 14:00:00+00:00,24.35,99.4,0.0,0.0,0.0,411.65,0.83,90.0,100780.0
1990-12-17 15:00:00+00:00,23.97,96.2,0.0,0.0,0.0,410.3,1.1,87.0,100820.0
1990-12-17 16:00:00+00:00,23.74,99.4,0.0,0.0,0.0,410.3,0.9,66.0,100810.0
1990-12-17 17:00:00+00:00,23.56,99.4,0.0,0.0,0.0,413.0,0.62,34.0,100770.0
1990-12-17 18:00:00+00:00,23.32,99.4,0.0,0.0,0.0,408.75,0.83,30.0,100740.0
1990-12-17 19:00:00+00:00,23.75,99.4,0.0,0.0,0.0,418.2,0.76,359.0,100600.0
1990-12-17 20:00:00+00:00,23.76,99.4,0.0,0.0,0.0,413.75,0.41,357.0,100560.0
1990-12-17 21:00:00+00:00,23.79,99.4,0.0,0.0,0.0,419.55,0.34,27.0,100580.0
1990-12-17 22:00:00+00:00,23.91,96.2,0.0,0.0,0.0,424.2,0.21,61.0,100630.0
1990-12-17 23:00:00+00:00,23.94,96.2,0.0,0.0,0.0,423.85,0.21,108.0,100670.0
1990-12-18 00:00:00+00:00,24.16,99.4,98.3,103.71,80.0,424.2,0.48,74.0,100720.0
1990-12-18 01:00:00+00:00,24.97,90.2,194.5,97.81,155.25,422.8,0.55,72.0,100800.0
1990-12-18 02:00:00+00:00,25.65,90.2,240.9,111.67,174.2,430.0,0.62,73.0,100850.0
1990-12-18 03:00:00+00:00,26.11,90.2,388.95,188.85,247.1,430.6,0.48,60.0,100870.0
1990-12-18 04:00:00+00:00,26.96,87.4,567.1,341.44,276.1,432.15,0.41,28.0,100810.0
1990-12-18 05:00:00+00:00,28.34,79.4,564.95,369.35,234.8,430.8,0.62,14.0,100690.0
1990-12-18 06:00:00+00:00,28.56,76.95,509.5,234.18,305.05,436.8,0.41,343.0,100600.0
1990-12-18 07:00:00+00:00,27.95,79.4,253.3,55.8,209.15,421.1,0.48,28.0,100490.0
1990-12-18 08:00:00+00:00,26.81,84.55,246.7,54.04,211.35,427.5,0.34,39.0,100470.0
1990-12-18 09:00:00+00:00,26.65,84.55,102.1,5.63,99.45,424.4,0.55,355.0,100440.0
1990-12-18 10:00:00+00:00,26.26,90.2,28.5,0.0,28.5,424.0,0.76,342.0,100500.0
1990-12-18 11:00:00+00:00,25.72,90.2,0.05,0.0,0.05,419.4,0.21,340.0,100590.0
1990-12-18 12:00:00+00:00,25.21,93.15,0.0,0.0,0.0,419.75,0.48,302.0,100700.0
1990-12-18 13:00:00+00:00,24.68,96.2,0.0,0.0,0.0,413.75,0.62,257.0,100770.0
1990-12-18 14:00:00+00:00,24.54,96.2,0.0,0.0,0.0,418.4,0.07,2.0,100860.0
1990-12-18 15:00:00+00:00,24.25,99.4,0.0,0.0,0.0,415.9,0.48,58.0,100880.0
1990-12-18 16:00:00+00:00,24.01,96.2,0.0,0.0,0.0,418.0,0.76,55.0,100830.0
1990-12-18 17:00:00+00:00,23.73,99.4,0.0,0.0,0.0,416.45,0.55,53.0,100810.0
1990-12-18 18:00:00+00:00,23.64,99.4,0.0,0.0,0.0,418.2,0.55,26.0,100740.0
1990-12-18 19:00:00+00:00,23.71,99.4,0.0,0.0,0.0,421.7,0.62,62.0,100680.0
1990-12-18 20:00:00+00:00,23.72,99.4,0.0,0.0,0.0,425.4,0.69,59.0,100660.0
1990-12-18 21:00:00+00:00,23.61,99.4,0.0,0.0,0.0,421.1,0.83,56.0,100630.0
1990-12-18 22:00:00+00:00,23.5,99.4,0.0,0.0,0.0,425.0,0.97,72.0,100640.0
1990-12-18 23:00:00+00:00,23.32,99.4,0.0,0.0,0.0,418.8,0.97,57.0,100670.0
1990-12-19 00:00:00+00:00,23.59,99.4,181.85,489.79,96.35,416.85,0.9,64.0,100680.0
1990-12-19 01:00:00+00:00,25.49,93.2,365.8,509.98,162.05,413.7,0.69,76.0,100750.0
1990-12-19 02:00:00+00:00,26.74,87.35,565.4,653.94,175.8,420.55,0.83,72.0,100800.0
1990-12-19 03:00:00+00:00,28.18,79.4,672.5,566.51,247.65,413.4,1.17,63.0,100780.0
1990-12-19 04:00:00+00:00,29.23,72.15,721.85,593.65,216.35,420.35,1.24,62.0,100730.0
1990-12-19 05:00:00+00:00,29.87,69.95,747.8,623.84,190.35,419.75,1.1,65.0,100630.0
1990-12-19 06:00:00+00:00,30.12,67.8,773.75,676.71,182.8,424.2,0.69,61.0,100520.0
1990-12-19 07:00:00+00:00,30.23,70.0,654.3,627.75,157.15,423.45,0.55,163.0,100430.0
1990-12-19 08:00:00+00:00,29.94,74.65,419.1,446.66,126.45,422.45,0.69,173.0,100290.0
1990-12-19 09:00:00+00:00,29.28,74.55,214.5,203.26,118.5,429.25,0.21,282.0,100300.0
1990-12-19 10:00:00+00:00,27.77,81.95,46.6,15.05,42.75,431.4,1.03,355.0,100360.0
1990-12-19 11:00:00+00:00,26.77,90.25,0.15,0.0,0.15,422.45,0.69,342.0,100450.0
1990-12-19 12:00:00+00:00,26.27,93.2,0.0,0.0,0.0,424.6,0.83,338.0,100510.0
1990-12-19 13:00:00+00:00,25.77,93.2,0.0,0.0,0.0,413.75,0.48,30.0,100580.0
1990-12-19 14:00:00+00:00,25.4,96.25,0.0,0.0,0.0,415.5,0.62,33.0,100680.0
1990-12-19 15:00:00+00:00,25.07,96.25,0.0,0.0,0.0,415.3,0.48,30.0,100710.0
1990-12-19 16:00:00+00:00,24.83,99.4,0.0,0.0,0.0,418.8,0.62,75.0,100700.0
1990-12-19 17:00:00+00:00,24.69,96.2,0.0,0.0,0.0,422.65,0.76,83.0,100660.0
1990-12-19 18:00:00+00:00,24.43,96.2,0.0,0.0,0.0,416.65,0.97,64.0,100580.0
1990-12-19 19:00:00+00:00,24.23,99.4,0.0,0.0,0.0,413.55,0.76,72.0,100530.0
1990-12-19 20:00:00+00:00,24.11,99.4,0.0,0.0,0.0,415.7,0.76,77.0,100460.0
1990-12-19 21:00:00+00:00,23.91,99.4,0.0,0.0,0.0,411.45,0.97,74.0,100430.0
1990-12-19 22:00:00+00:00,23.72,99.4,0.0,0.0,0.0,407.4,1.17,72.0,100460.0
1990-12-19 23:00:00+00:00,23.61,99.4,0.0,0.0,0.0,406.8,1.24,69.0,100510.0
1990-12-20 00:00:00+00:00,24.03,96.2,216.1,869.46,65.95,399.25,0.97,69.0,100560.0
1990-12-20 01:00:00+00:00,25.81,93.2,446.9,898.34,89.55,402.65,1.03,80.0,100630.0
1990-12-20 02:00:00+00:00,27.33,84.6,577.85,728.85,144.7,402.55,1.66,80.0,100650.0
1990-12-20 03:00:00+00:00,28.45,74.5,681.3,694.7,161.1,410.1,2.21,69.0,100640.0
1990-12-20 04:00:00+00:00,29.26,74.55,795.25,775.61,135.35,421.5,1.93,56.0,100580.0
1990-12-20 05:00:00+00:00,29.85,72.25,781.6,642.97,207.2,418.0,1.86,49.0,100520.0
1990-12-20 06:00:00+00:00,29.91,72.25,770.35,748.63,116.4,427.7,1.45,52.0,100400.0
1990-12-20 07:00:00+00:00,30.19,70.0,583.65,530.53,163.1,421.7,2.0,58.0,100270.0
1990-12-20 08:00:00+00:00,30.17,67.8,527.0,656.74,95.95,427.7,1.45,48.0,100220.0
1990-12-20 09:00:00+00:00,29.93,69.95,253.9,373.9,76.75,415.7,1.1,55.0,100230.0
1990-12-20 10:00:00+00:00,28.38,74.4,69.0,146.23,31.35,418.4,1.38,30.0,100300.0
1990-12-20 11:00:00+00:00,27.19,81.9,0.2,0.0,0.2,418.8,0.76,350.0,100360.0
1990-12-20 12:00:00+00:00,26.46,84.55,0.0,0.0,0.0,417.25,0.9,338.0,100470.0
1990-12-20 13:00:00+00:00,25.96,90.2,0.0,0.0,0.0,420.75,0.76,346.0,100570.0
1990-12-20 14:00:00+00:00,25.57,90.2,0.0,0.0,0.0,417.85,0.55,8.0,100670.0
1990-12-20 15:00:00+00:00,25.13,93.15,0.0,0.0,0.0,412.2,0.62,16.0,100700.0
1990-12-20 16:00:00+00:00,24.75,96.2,0.0,0.0,0.0,410.45,0.76,23.0,100680.0
1990-12-20 17:00:00+00:00,24.62,96.2,0.0,0.0,0.0,413.95,0.62,28.0,100650.0
1990-12-20 18:00:00+00:00,24.18,96.2,0.0,0.0,0.0,405.65,0.83,47.0,100600.0
1990-12-20 19:00:00+00:00,23.83,99.4,0.0,0.0,0.0,399.25,1.17,54.0,100540.0
1990-12-20 20:00:00+00:00,23.73,96.2,0.0,0.0,0.0,403.5,1.17,52.0,100470.0
1990-12-20 21:00:00+00:00,23.44,96.2,0.0,0.0,0.0,397.3,1.24,55.0,100470.0
1990-12-20 22:00:00+00:00,23.22,99.4,0.0,0.0,0.0,396.35,1.24,55.0,100520.0
1990-12-20 23:00:00+00:00,23.07,96.2,0.0,0.0,0.0,398.3,1.17,55.0,100590.0
1990-12-21 00:00:00+00:00,23.48,96.2,176.65,675.78,61.2,391.5,0.97,59.0,100640.0
1990-12-21 01:00:00+00:00,25.46,87.3,420.8,829.12,92.4,405.95,0.97,56.0,100690.0
1990-12-21 02:00:00+00:00,26.93,84.55,608.2,752.72,161.95,401.55,1.17,37.0,100720.0
1990-12-21 03:00:00+00:00,28.13,76.85,652.3,625.23,184.8,411.45,1.17,28.0,100710.0
1990-12-21 04:00:00+00:00,28.8,74.5,771.55,740.85,141.7,422.65,0.83,19.0,100670.0
1990-12-21 05:00:00+00:00,29.66,69.95,532.15,385.92,187.45,414.35,0.69,6.0,100570.0
1990-12-21 06:00:00+00:00,29.4,72.15,677.75,575.96,174.45,429.45,0.62,354.0,100450.0
1990-12-21 07:00:00+00:00,29.19,67.6,609.85,618.73,118.9,420.75,0.83,319.0,100440.0
1990-12-21 08:00:00+00:00,29.21,69.85,471.7,553.65,107.65,414.75,1.45,304.0,100320.0
1990-12-21 09:00:00+00:00,28.58,72.1,241.1,328.83,84.8,416.45,1.1,306.0,100340.0
1990-12-21 10:00:00+00:00,27.8,79.35,66.0,156.43,25.45,419.0,0.55,291.0,100400.0
1990-12-21 11:00:00+00:00,26.94,81.9,0.15,0.0,0.15,414.9,0.76,228.0,100500.0
1990-12-21 12:00:00+00:00,25.91,87.3,0.0,0.0,0.0,421.1,0.41,195.0,100640.0
1990-12-21 13:00:00+00:00,25.0,90.2,0.0,0.0,0.0,422.3,0.14,50.0,100740.0
1990-12-21 14:00:00+00:00,24.52,96.2,0.0,0.0,0.0,417.85,0.41,351.0,100840.0
1990-12-21 15:00:00+00:00,24.3,99.4,0.0,0.0,0.0,418.0,0.69,6.0,100860.0
1990-12-21 16:00:00+00:00,24.08,96.2,0.0,0.0,0.0,411.65,0.97,21.0,100800.0
1990-12-21 17:00:00+00:00,23.96,96.2,0.0,0.0,0.0,413.55,0.76,30.0,100760.0
1990-12-21 18:00:00+00:00,23.7,99.4,0.0,0.0,0.0,408.75,0.9,54.0,100690.0
1990-12-21 19:00:00+00:00,24.28,99.4,0.0,0.0,0.0,407.2,0.48,66.0,100660.0
1990-12-21 20:00:00+00:00,24.04,96.2,0.0,0.0,0.0,404.1,0.62,68.0,100580.0
1990-12-21 21:00:00+00:00,24.06,96.2,0.0,0.0,0.0,409.5,0.48,54.0,100590.0
1990-12-21 22:00:00+00:00,23.93,96.2,0.0,0.0,0.0,406.8,0.48,54.0,100630.0
1990-12-21 23:00:00+00:00,23.61,99.4,0.0,0.0,0.0,401.95,0.76,66.0,100700.0
1990-12-22 00:00:00+00:00,24.05,96.2,184.1,521.01,96.05,402.55,0.41,63.0,100720.0
1990-12-22 01:00:00+00:00,25.76,87.3,374.45,546.52,158.9,400.5,0.21,106.0,100800.0
1990-12-22 02:00:00+00:00,26.87,84.55,480.6,505.12,181.85,409.1,0.28,79.0,100860.0
1990-12-22 03:00:00+00:00,27.73,79.35,700.65,668.61,201.4,413.4,0.34,38.0,100830.0
1990-12-22 04:00:00+00:00,28.82,72.1,720.95,640.14,177.1,413.0,0.62,16.0,100770.0
1990-12-22 05:00:00+00:00,29.23,69.85,810.2,712.71,173.7,413.75,0.76,336.0,100710.0
1990-12-22 06:00:00+00:00,29.79,69.95,722.95,615.97,184.45,420.15,1.38,317.0,100580.0
1990-12-22 07:00:00+00:00,29.64,65.5,640.9,645.02,128.55,422.3,0.9,311.0,100530.0
1990-12-22 08:00:00+00:00,29.58,67.7,442.2,454.01,143.1,421.1,0.83,285.0,100430.0
1990-12-22 09:00:00+00:00,29.27,69.85,277.45,371.47,100.3,422.1,1.17,281.0,100390.0
1990-12-22 10:00:00+00:00,27.95,76.85,66.85,93.87,42.35,419.95,1.31,252.0,100450.0
1990-12-22 11:00:00+00:00,26.78,87.35,0.25,0.0,0.25,422.45,0.83,236.0,100550.0
1990-12-22 12:00:00+00:00,26.26,90.2,0.0,0.0,0.0,423.85,0.69,235.0,100650.0
1990-12-22 13:00:00+00:00,25.76,90.2,0.0,0.0,0.0,410.85,0.69,246.0,100750.0
1990-12-22 14:00:00+00:00,25.51,90.2,0.0,0.0,0.0,412.2,0.07,115.0,100800.0
1990-12-22 15:00:00+00:00,24.94,93.15,0.0,0.0,0.0,412.0,0.97,105.0,100790.0
1990-12-22 16:00:00+00:00,24.6,96.2,0.0,0.0,0.0,415.1,0.97,103.0,100770.0
1990-12-22 17:00:00+00:00,24.21,99.4,0.0,0.0,0.0,402.9,1.1,104.0,100750.0
1990-12-22 18:00:00+00:00,23.99,96.2,0.0,0.0,0.0,405.85,1.03,89.0,100690.0
1990-12-22 19:00:00+00:00,23.89,96.2,0.0,0.0,0.0,408.75,0.83,86.0,100680.0
1990-12-22 20:00:00+00:00,23.55,96.2,0.0,0.0,0.0,399.85,0.9,68.0,100590.0
1990-12-22 21:00:00+00:00,23.29,99.4,0.0,0.0,0.0,398.45,0.97,63.0,100600.0
1990-12-22 22:00:00+00:00,23.08,99.4,0.0,0.0,0.0,397.9,1.03,69.0,100620.0
1990-12-22 23:00:00+00:00,22.83,99.4,0.0,0.0,0.0,398.65,0.97,72.0,100660.0
1990-12-23 00:00:00+00:00,23.46,96.2,189.6,623.3,85.4,405.65,0.69,74.0,100730.0
1990-12-23 01:00:00+00:00,25.52,90.2,408.3,705.28,131.3,411.15,0.69,88.0,100790.0
1990-12-23 02:00:00+00:00,26.89,84.55,564.15,699.74,151.25,413.95,0.69,97.0,100840.0
1990-12-23 03:00:00+00:00,27.99,74.4,681.1,699.4,159.55,413.55,0.28,69.0,100830.0
1990-12-23 04:00:00+00:00,28.74,72.1,737.6,674.88,164.6,419.2,0.14,346.0,100770.0
1990-12-23 05:00:00+00:00,29.08,72.15,803.65,754.35,130.0,419.4,0.07,234.0,100700.0
1990-12-23 06:00:00+00:00,29.76,72.25,673.9,560.04,184.05,421.9,0.83,253.0,100610.0
1990-12-23 07:00:00+00:00,29.5,69.95,583.5,559.22,138.8,420.35,1.24,246.0,100460.0
1990-12-23 08:00:00+00:00,28.93,76.95,408.75,404.04,142.05,422.1,1.17,256.0,100410.0
1990-12-23 09:00:00+00:00,28.4,79.4,238.5,300.32,94.8,422.3,0.69,256.0,100410.0
1990-12-23 10:00:00+00:00,27.86,81.95,81.6,148.02,42.7,417.45,0.76,291.0,100430.0
1990-12-23 11:00:00+00:00,27.07,87.4,0.4,0.0,0.4,415.9,0.76,297.0,100520.0
1990-12-23 12:00:00+00:00,26.49,90.25,0.0,0.0,0.0,418.0,0.76,267.0,100650.0
1990-12-23 13:00:00+00:00,25.69,90.2,0.0,0.0,0.0,413.4,0.48,255.0,100750.0
1990-12-23 14:00:00+00:00,25.16,93.15,0.0,0.0,0.0,415.5,0.69,39.0,100830.0
1990-12-23 15:00:00+00:00,24.75,99.4,0.0,0.0,0.0,416.65,1.03,62.0,100840.0
1990-12-23 16:00:00+00:00,24.51,96.2,0.0,0.0,0.0,415.3,0.9,68.0,100820.0
1990-12-23 17:00:00+00:00,24.2,96.2,0.0,0.0,0.0,413.2,0.62,59.0,100810.0
1990-12-23 18:00:00+00:00,23.89,99.4,0.0,0.0,0.0,410.3,0.62,54.0,100770.0
1990-12-23 19:00:00+00:00,24.14,99.4,0.0,0.0,0.0,415.9,0.55,61.0,100650.0
1990-12-23 20:00:00+00:00,24.05,96.2,0.0,0.0,0.0,413.55,0.83,68.0,100620.0
1990-12-23 21:00:00+00:00,24.17,96.2,0.0,0.0,0.0,418.4,1.03,65.0,100600.0
1990-12-23 22:00:00+00:00,24.08,96.2,0.0,0.0,0.0,414.9,1.17,59.0,100630.0
1990-12-23 23:00:00+00:00,23.93,96.2,0.0,0.0,0.0,412.2,1.1,48.0,100690.0
1990-12-24 00:00:00+00:00,24.22,96.2,162.1,592.61,64.1,412.8,0.83,44.0,100730.0
1990-12-24 01:00:00+00:00,25.84,90.2,368.45,705.13,92.65,406.9,0.62,54.0,100790.0
1990-12-24 02:00:00+00:00,27.19,81.9,611.9,845.08,114.35,408.9,0.62,57.0,100840.0
1990-12-24 03:00:00+00:00,28.47,74.5,762.15,811.38,157.85,412.2,0.62,49.0,100830.0
1990-12-24 04:00:00+00:00,29.34,74.55,847.4,848.38,127.5,416.3,0.28,43.0,100760.0
1990-12-24 05:00:00+00:00,30.2,70.0,695.6,552.56,202.15,420.9,0.41,304.0,100650.0
1990-12-24 06:00:00+00:00,30.39,70.0,598.2,463.4,192.65,434.45,1.03,280.0,100560.0
1990-12-24 07:00:00+00:00,29.73,72.25,496.3,460.96,129.3,432.35,1.03,294.0,100460.0
1990-12-24 08:00:00+00:00,29.13,74.55,385.55,425.45,104.15,426.9,1.1,295.0,100410.0
1990-12-24 09:00:00+00:00,28.6,76.95,213.1,252.43,91.9,419.4,1.31,285.0,100410.0
1990-12-24 10:00:00+00:00,27.57,79.35,77.65,172.32,32.05,419.75,0.97,267.0,100510.0
1990-12-24 11:00:00+00:00,26.56,87.35,0.55,0.0,0.55,418.6,0.69,283.0,100540.0
1990-12-24 12:00:00+00:00,25.79,90.2,0.0,0.0,0.0,409.3,0.76,247.0,100660.0
1990-12-24 13:00:00+00:00,25.36,96.25,0.0,0.0,0.0,409.7,0.41,164.0,100760.0
1990-12-24 14:00:00+00:00,24.8,96.2,0.0,0.0,0.0,404.45,0.97,97.0,100830.0
1990-12-24 15:00:00+00:00,24.61,96.2,0.0,0.0,0.0,411.85,1.17,82.0,100840.0
1990-12-24 16:00:00+00:00,24.52,96.2,0.0,0.0,0.0,411.45,1.24,84.0,100790.0
1990-12-24 17:00:00+00:00,24.36,99.4,0.0,0.0,0.0,411.25,1.1,91.0,100770.0
1990-12-24 18:00:00+00:00,24.04,96.2,0.0,0.0,0.0,405.45,1.03,87.0,100710.0
1990-12-24 19:00:00+00:00,23.59,99.4,0.0,0.0,0.0,398.65,0.97,70.0,100650.0
1990-12-24 20:00:00+00:00,23.38,99.4,0.0,0.0,0.0,401.55,0.97,60.0,100590.0
1990-12-24 21:00:00+00:00,23.08,99.4,0.0,0.0,0.0,396.55,1.1,54.0,100570.0
1990-12-24 22:00:00+00:00,22.88,99.4,0.0,0.0,0.0,397.1,1.1,55.0,100600.0
1990-12-24 23:00:00+00:00,22.74,99.4,0.0,0.0,0.0,397.7,1.03,55.0,100670.0
1990-12-25 00:00:00+00:00,23.53,96.2,185.6,658.38,77.9,403.7,0.69,58.0,100720.0
1990-12-25 01:00:00+00:00,25.58,90.2,349.65,586.71,121.1,409.4,0.48,49.0,100810.0
1990-12-25 02:00:00+00:00,26.89,84.55,542.55,681.9,141.95,415.7,0.55,318.0,100870.0
1990-12-25 03:00:00+00:00,27.8,79.35,629.75,619.04,169.25,423.45,1.03,312.0,100850.0
1990-12-25 04:00:00+00:00,28.45,79.4,718.65,643.36,173.0,422.1,1.24,309.0,100780.0
1990-12-25 05:00:00+00:00,29.14,74.55,666.1,535.11,188.2,420.15,1.59,304.0,100680.0
1990-12-25 06:00:00+00:00,29.42,74.55,702.65,600.21,177.05,428.3,1.72,293.0,100550.0
1990-12-25 07:00:00+00:00,29.24,72.15,503.25,416.8,171.0,419.55,1.45,284.0,100490.0
1990-12-25 08:00:00+00:00,28.44,76.85,361.35,368.29,117.25,421.9,1.24,299.0,100400.0
1990-12-25 09:00:00+00:00,28.12,76.85,245.6,320.88,91.0,427.1,1.17,290.0,100380.0
1990-12-25 10:00:00+00:00,27.58,79.35,71.4,149.92,31.45,417.45,0.9,276.0,100430.0
1990-12-25 11:00:00+00:00,27.01,84.6,0.5,0.0,0.5,419.75,0.76,233.0,100530.0
1990-12-25 12:00:00+00:00,26.44,87.35,0.0,0.0,0.0,416.65,0.62,218.0,100620.0
1990-12-25 13:00:00+00:00,25.88,93.2,0.0,0.0,0.0,411.65,0.62,170.0,100720.0
1990-12-25 14:00:00+00:00,25.46,93.2,0.0,0.0,0.0,413.2,0.97,92.0,100770.0
1990-12-25 15:00:00+00:00,24.88,96.2,0.0,0.0,0.0,406.0,1.17,81.0,100790.0
1990-12-25 16:00:00+00:00,24.38,99.4,0.0,0.0,0.0,400.8,1.17,78.0,100790.0
1990-12-25 17:00:00+00:00,24.11,96.2,0.0,0.0,0.0,405.25,1.1,76.0,100750.0
1990-12-25 18:00:00+00:00,23.81,99.4,0.0,0.0,0.0,404.65,0.9,55.0,100710.0
1990-12-25 19:00:00+00:00,23.82,99.4,0.0,0.0,0.0,403.1,0.97,51.0,100640.0
1990-12-25 20:00:00+00:00,23.59,99.4,0.0,0.0,0.0,404.1,0.97,52.0,100590.0
1990-12-25 21:00:00+00:00,23.5,99.4,0.0,0.0,0.0,406.2,0.83,61.0,100580.0
1990-12-25 22:00:00+00:00,23.22,99.4,0.0,0.0,0.0,401.55,0.62,63.0,100630.0
1990-12-25 23:00:00+00:00,23.0,99.4,0.0,0.0,0.0,408.75,0.48,54.0,100650.0
1990-12-26 00:00:00+00:00,23.72,96.2,215.85,956.32,61.1,411.85,0.55,50.0,100670.0
1990-12-26 01:00:00+00:00,25.82,90.2,440.55,888.55,95.8,396.85,0.48,28.0,100720.0
1990-12-26 02:00:00+00:00,27.17,81.9,574.45,667.82,182.95,401.95,0.83,15.0,100750.0
1990-12-26 03:00:00+00:00,28.26,74.4,726.5,785.2,143.05,411.45,0.9,360.0,100760.0
1990-12-26 04:00:00+00:00,29.14,69.85,770.15,716.01,163.15,413.95,0.97,331.0,100710.0
1990-12-26 05:00:00+00:00,29.54,67.7,684.7,563.14,181.7,413.95,1.1,304.0,100650.0
1990-12-26 06:00:00+00:00,29.64,69.95,618.95,464.51,211.9,426.15,0.97,292.0,100540.0
1990-12-26 07:00:00+00:00,29.1,72.15,553.1,501.44,152.85,426.75,1.59,274.0,100510.0
1990-12-26 08:00:00+00:00,28.44,79.4,439.75,412.21,165.95,420.35,1.86,271.0,100470.0
1990-12-26 09:00:00+00:00,27.7,79.35,193.75,176.32,108.5,423.85,1.31,270.0,100480.0
1990-12-26 10:00:00+00:00,27.22,81.9,68.9,80.12,47.4,421.5,0.48,19.0,100450.0
1990-12-26 11:00:00+00:00,26.57,84.55,0.75,0.0,0.75,418.2,0.21,320.0,100520.0
1990-12-26 12:00:00+00:00,26.02,90.2,0.0,0.0,0.0,410.3,0.41,46.0,100590.0
1990-12-26 13:00:00+00:00,25.53,90.2,0.0,0.0,0.0,405.25,0.41,56.0,100710.0
1990-12-26 14:00:00+00:00,25.1,93.15,0.0,0.0,0.0,408.55,0.76,56.0,100790.0
1990-12-26 15:00:00+00:00,24.73,96.2,0.0,0.0,0.0,409.7,1.17,77.0,100840.0
1990-12-26 16:00:00+00:00,24.59,96.2,0.0,0.0,0.0,417.65,1.17,69.0,100780.0
1990-12-26 17:00:00+00:00,24.33,96.2,0.0,0.0,0.0,408.15,1.24,70.0,100770.0
1990-12-26 18:00:00+00:00,24.0,96.2,0.0,0.0,0.0,404.3,1.31,70.0,100740.0
1990-12-26 19:00:00+00:00,23.76,96.2,0.0,0.0,0.0,400.2,1.38,74.0,100630.0
1990-12-26 20:00:00+00:00,23.5,96.2,0.0,0.0,0.0,395.55,1.59,72.0,100580.0
1990-12-26 21:00:00+00:00,23.26,96.2,0.0,0.0,0.0,391.1,1.72,73.0,100580.0
1990-12-26 22:00:00+00:00,23.09,96.2,0.0,0.0,0.0,390.95,1.72,77.0,100600.0
1990-12-26 23:00:00+00:00,22.96,93.05,0.0,0.0,0.0,393.65,1.66,75.0,100650.0
1990-12-27 00:00:00+00:00,23.22,96.2,192.15,733.4,74.75,390.55,1.52,69.0,100670.0
1990-12-27 01:00:00+00:00,25.01,87.3,422.25,811.58,108.6,393.15,1.59,66.0,100720.0
1990-12-27 02:00:00+00:00,26.72,81.85,656.8,936.16,109.1,395.0,1.59,59.0,100750.0
1990-12-27 03:00:00+00:00,28.19,74.4,811.2,942.77,111.4,401.95,1.52,44.0,100720.0
1990-12-27 04:00:00+00:00,29.25,67.6,892.2,919.47,113.0,403.7,1.31,24.0,100670.0
1990-12-27 05:00:00+00:00,29.75,65.5,873.1,821.04,139.6,409.3,0.83,354.0,100640.0
1990-12-27 06:00:00+00:00,30.08,65.6,772.55,738.35,125.05,414.35,0.55,315.0,100570.0
1990-12-27 07:00:00+00:00,30.5,63.6,648.05,668.09,114.05,419.4,0.55,294.0,100460.0
1990-12-27 08:00:00+00:00,29.25,69.85,484.85,556.12,114.65,418.2,1.17,256.0,100390.0
1990-12-27 09:00:00+00:00,28.22,76.85,276.35,404.45,80.1,418.8,0.97,240.0,100330.0
1990-12-27 10:00:00+00:00,27.96,76.85,82.5,153.95,40.9,413.4,0.9,217.0,100340.0
1990-12-27 11:00:00+00:00,27.25,84.6,0.75,0.0,0.75,412.8,1.31,215.0,100410.0
1990-12-27 12:00:00+00:00,26.45,87.35,0.0,0.0,0.0,411.05,1.17,207.0,100520.0
1990-12-27 13:00:00+00:00,25.98,93.2,0.0,0.0,0.0,414.35,0.76,164.0,100620.0
1990-12-27 14:00:00+00:00,25.53,90.2,0.0,0.0,0.0,414.9,1.31,93.0,100670.0
1990-12-27 15:00:00+00:00,25.1,93.15,0.0,0.0,0.0,404.45,1.59,81.0,100660.0
1990-12-27 16:00:00+00:00,24.89,93.15,0.0,0.0,0.0,406.2,1.72,83.0,100640.0
1990-12-27 17:00:00+00:00,24.56,90.15,0.0,0.0,0.0,401.4,1.79,82.0,100610.0
1990-12-27 18:00:00+00:00,24.14,90.1,0.0,0.0,0.0,395.2,1.86,81.0,100560.0
1990-12-27 19:00:00+00:00,23.98,93.1,0.0,0.0,0.0,397.3,1.52,82.0,100570.0
1990-12-27 20:00:00+00:00,23.8,93.1,0.0,0.0,0.0,398.1,1.66,79.0,100510.0
1990-12-27 21:00:00+00:00,23.69,93.1,0.0,0.0,0.0,400.4,1.93,74.0,100510.0
1990-12-27 22:00:00+00:00,23.41,93.1,0.0,0.0,0.0,391.1,1.86,72.0,100540.0
1990-12-27 23:00:00+00:00,23.2,93.05,0.0,0.0,0.0,391.9,1.72,68.0,100580.0
1990-12-28 00:00:00+00:00,23.5,93.1,182.9,582.55,90.65,397.5,1.38,63.0,100630.0
1990-12-28 01:00:00+00:00,25.07,87.3,401.25,666.52,144.65,397.05,1.66,52.0,100710.0
1990-12-28 02:00:00+00:00,26.63,81.85,594.25,690.44,191.1,398.65,1.93,47.0,100730.0
1990-12-28 03:00:00+00:00,27.92,74.3,750.45,720.72,216.0,402.15,2.07,47.0,100720.0
1990-12-28 04:00:00+00:00,29.0,67.6,695.45,542.03,236.25,403.1,1.93,49.0,100670.0
1990-12-28 05:00:00+00:00,29.49,63.4,867.75,712.78,230.8,408.35,1.79,52.0,100620.0
1990-12-28 06:00:00+00:00,30.21,61.45,805.95,682.77,206.7,411.65,1.66,51.0,100520.0
1990-12-28 07:00:00+00:00,30.46,61.45,625.05,553.57,181.95,423.85,1.52,50.0,100440.0
1990-12-28 08:00:00+00:00,30.51,59.55,407.65,439.24,114.6,418.6,1.17,57.0,100380.0
1990-12-28 09:00:00+00:00,30.37,59.45,283.2,397.24,89.75,424.0,0.9,76.0,100360.0
1990-12-28 10:00:00+00:00,30.18,61.45,86.15,189.25,34.65,421.9,0.97,106.0,100330.0
1990-12-28 11:00:00+00:00,29.09,69.85,0.7,0.0,0.7,419.4,1.03,176.0,100400.0
1990-12-28 12:00:00+00:00,27.64,79.35,0.0,0.0,0.0,412.4,1.24,171.0,100510.0
1990-12-28 13:00:00+00:00,26.54,87.35,0.0,0.0,0.0,411.05,0.97,139.0,100630.0
1990-12-28 14:00:00+00:00,25.81,90.2,0.0,0.0,0.0,407.95,1.03,101.0,100710.0
1990-12-28 15:00:00+00:00,25.29,90.2,0.0,0.0,0.0,405.05,1.24,71.0,100760.0
1990-12-28 16:00:00+00:00,24.76,90.15,0.0,0.0,0.0,403.5,1.31,51.0,100760.0
1990-12-28 17:00:00+00:00,24.35,93.1,0.0,0.0,0.0,400.4,1.52,46.0,100740.0
1990-12-28 18:00:00+00:00,24.41,90.15,0.0,0.0,0.0,414.75,1.52,48.0,100680.0
1990-12-28 19:00:00+00:00,24.3,93.1,0.0,0.0,0.0,409.1,1.52,62.0,100600.0
1990-12-28 20:00:00+00:00,24.16,90.1,0.0,0.0,0.0,408.55,1.45,62.0,100550.0
1990-12-28 21:00:00+00:00,23.99,90.1,0.0,0.0,0.0,408.75,1.31,60.0,100530.0
1990-12-28 22:00:00+00:00,23.83,93.1,0.0,0.0,0.0,407.4,1.38,54.0,100530.0
1990-12-28 23:00:00+00:00,23.69,93.1,0.0,0.0,0.0,406.8,1.38,61.0,100570.0
1990-12-29 00:00:00+00:00,23.8,93.1,107.95,20.43,104.75,405.85,1.31,66.0,100600.0
1990-12-29 01:00:00+00:00,24.92,87.3,314.7,322.92,190.85,407.7,1.24,62.0,100710.0
1990-12-29 02:00:00+00:00,26.47,79.2,512.9,473.75,236.8,408.15,1.66,57.0,100790.0
1990-12-29 03:00:00+00:00,27.74,74.3,616.0,499.61,245.85,416.1,1.59,56.0,100800.0
1990-12-29 04:00:00+00:00,28.7,69.75,687.95,439.97,315.3,425.2,1.45,54.0,100790.0
1990-12-29 05:00:00+00:00,29.33,65.4,749.9,638.04,179.55,427.9,1.17,45.0,100720.0
1990-12-29 06:00:00+00:00,29.81,63.4,663.65,435.15,281.4,419.95,0.97,40.0,100600.0
1990-12-29 07:00:00+00:00,30.29,61.45,565.25,480.96,179.7,426.9,1.45,66.0,100460.0
1990-12-29 08:00:00+00:00,30.31,61.45,489.25,532.59,133.1,425.2,1.24,75.0,100390.0
1990-12-29 09:00:00+00:00,30.11,61.45,302.55,412.67,100.85,419.2,0.76,97.0,100360.0
1990-12-29 10:00:00+00:00,29.84,65.5,92.2,188.3,40.6,416.65,0.48,131.0,100360.0
1990-12-29 11:00:00+00:00,28.9,76.95,1.05,0.0,1.05,415.3,0.69,210.0,100430.0
1990-12-29 12:00:00+00:00,27.65,79.35,0.0,0.0,0.0,409.5,0.83,207.0,100520.0
1990-12-29 13:00:00+00:00,26.93,87.35,0.0,0.0,0.0,417.45,0.41,181.0,100630.0
1990-12-29 14:00:00+00:00,26.64,84.55,0.0,0.0,0.0,416.45,0.21,114.0,100750.0
1990-12-29 15:00:00+00:00,25.56,90.2,0.0,0.0,0.0,406.4,0.69,95.0,100810.0
1990-12-29 16:00:00+00:00,24.98,90.2,0.0,0.0,0.0,405.05,1.17,68.0,100800.0
1990-12-29 17:00:00+00:00,24.53,93.15,0.0,0.0,0.0,403.5,1.24,64.0,100740.0
1990-12-29 18:00:00+00:00,24.13,96.2,0.0,0.0,0.0,401.4,1.38,56.0,100700.0
1990-12-29 19:00:00+00:00,24.02,93.1,0.0,0.0,0.0,400.0,1.52,67.0,100630.0
1990-12-29 20:00:00+00:00,23.71,93.1,0.0,0.0,0.0,395.75,1.52,64.0,100560.0
1990-12-29 21:00:00+00:00,23.36,96.2,0.0,0.0,0.0,390.9,1.52,61.0,100540.0
1990-12-29 22:00:00+00:00,23.09,96.2,0.0,0.0,0.0,389.55,1.59,57.0,100560.0
1990-12-29 23:00:00+00:00,22.87,96.15,0.0,0.0,0.0,388.2,1.59,57.0,100600.0
1990-12-30 00:00:00+00:00,23.24,96.2,206.6,852.61,74.45,389.55,1.45,61.0,100640.0
1990-12-30 01:00:00+00:00,25.46,84.5,449.1,924.97,95.65,396.65,1.52,65.0,100710.0
1990-12-30 02:00:00+00:00,27.23,79.3,641.75,908.39,113.3,395.4,1.86,64.0,100780.0
1990-12-30 03:00:00+00:00,28.58,72.1,789.95,846.41,163.4,413.2,1.79,65.0,100790.0
1990-12-30 04:00:00+00:00,29.55,67.7,852.5,810.31,166.3,418.0,1.66,66.0,100770.0
1990-12-30 05:00:00+00:00,29.95,67.7,779.1,682.25,169.0,420.55,1.52,69.0,100700.0
1990-12-30 06:00:00+00:00,30.18,65.6,798.55,748.14,140.75,425.4,0.97,77.0,100630.0
1990-12-30 07:00:00+00:00,30.59,63.6,676.65,693.14,120.15,420.15,0.28,65.0,100550.0
1990-12-30 08:00:00+00:00,30.68,65.7,501.05,564.01,123.0,419.4,0.34,107.0,100450.0
1990-12-30 09:00:00+00:00,30.45,65.6,300.7,458.44,75.8,421.7,0.69,119.0,100410.0
1990-12-30 10:00:00+00:00,29.09,69.85,97.45,224.49,35.5,419.0,0.48,146.0,100440.0
1990-12-30 11:00:00+00:00,28.2,79.4,1.1,0.0,1.1,409.5,1.17,257.0,100510.0
1990-12-30 12:00:00+00:00,27.33,84.6,0.0,0.0,0.0,415.1,1.17,255.0,100620.0
1990-12-30 13:00:00+00:00,26.84,87.35,0.0,0.0,0.0,418.4,0.62,290.0,100760.0
1990-12-30 14:00:00+00:00,26.0,90.2,0.0,0.0,0.0,413.2,0.9,2.0,100870.0
1990-12-30 15:00:00+00:00,25.43,90.2,0.0,0.0,0.0,411.45,0.9,34.0,100940.0
1990-12-30 16:00:00+00:00,25.07,93.15,0.0,0.0,0.0,413.55,0.9,56.0,100920.0
1990-12-30 17:00:00+00:00,24.76,96.2,0.0,0.0,0.0,411.65,1.03,57.0,100880.0
1990-12-30 18:00:00+00:00,24.39,96.2,0.0,0.0,0.0,406.2,0.97,48.0,100800.0
1990-12-30 19:00:00+00:00,23.93,96.2,0.0,0.0,0.0,393.25,1.24,57.0,100740.0
1990-12-30 20:00:00+00:00,23.53,96.2,0.0,0.0,0.0,390.15,1.31,59.0,100660.0
1990-12-30 21:00:00+00:00,23.2,96.2,0.0,0.0,0.0,388.0,1.45,68.0,100630.0
1990-12-30 22:00:00+00:00,23.18,96.2,0.0,0.0,0.0,395.75,1.45,71.0,100630.0
1990-12-30 23:00:00+00:00,22.91,96.2,0.0,0.0,0.0,385.9,1.59,71.0,100700.0
1990-12-31 00:00:00+00:00,23.29,96.2,217.2,989.22,65.5,386.3,1.45,69.0,100760.0
1990-12-31 01:00:00+00:00,25.89,90.2,450.9,941.04,92.6,386.4,1.17,70.0,100900.0
1990-12-31 02:00:00+00:00,27.62,79.35,646.55,918.41,113.2,392.1,1.38,66.0,100970.0
1990-12-31 03:00:00+00:00,28.83,72.1,774.25,860.11,138.05,397.5,1.45,54.0,100980.0
1990-12-31 04:00:00+00:00,29.76,67.7,848.0,825.75,148.8,404.3,1.86,42.0,100920.0
1990-12-31 05:00:00+00:00,30.51,61.55,724.05,625.16,164.75,414.75,1.86,32.0,100840.0
1990-12-31 06:00:00+00:00,30.7,61.55,749.75,643.61,183.3,423.05,1.45,28.0,100710.0
1990-12-31 07:00:00+00:00,31.31,55.85,697.6,653.74,171.9,417.45,1.59,44.0,100630.0
1990-12-31 08:00:00+00:00,31.19,55.85,437.95,427.89,150.45,413.0,1.38,57.0,100560.0
1990-12-31 09:00:00+00:00,30.64,59.55,267.8,306.15,117.05,421.7,0.9,78.0,100550.0
1990-12-31 10:00:00+00:00,29.93,63.4,84.8,112.63,53.5,413.2,0.76,94.0,100580.0
1990-12-31 11:00:00+00:00,28.99,69.85,1.35,0.0,1.35,412.8,0.07,127.0,100660.0
1990-12-31 12:00:00+00:00,28.11,74.4,0.0,0.0,0.0,411.85,0.28,242.0,100800.0
1990-12-31 13:00:00+00:00,27.42,79.3,0.0,0.0,0.0,414.15,0.34,296.0,100900.0
1990-12-31 14:00:00+00:00,26.02,84.5,0.0,0.0,0.0,410.1,0.9,336.0,101010.0
1990-12-31 15:00:00+00:00,25.02,87.3,0.0,0.0,0.0,404.45,1.1,337.0,101020.0
1990-12-31 16:00:00+00:00,21.96,99.0,0.0,0.0,0.0,383.07,0.94,2.0,100980.0
1990-12-31 17:00:00+00:00,22.39,99.56,0.0,0.0,0.0,385.16,1.0,24.0,100930.0
1990-12-31 18:00:00+00:00,22.81,97.35,0.0,0.0,0.0,387.25,1.05,36.0,100890.0
1990-12-31 19:00:00+00:00,23.24,95.14,0.0,0.0,0.0,389.34,1.11,40.0,100840.0
1990-12-31 20:00:00+00:00,23.66,92.92,0.0,0.0,0.0,391.43,1.17,41.0,100790.0
1990-12-31 21:00:00+00:00,24.09,90.71,0.0,0.0,0.0,393.52,1.23,50.0,100770.0
1990-12-31 22:00:00+00:00,24.51,88.5,0.0,0.0,0.0,395.61,1.29,58.0,100810.0
1990-12-31 23:00:00+00:00,24.94,86.28,0.0,0.0,0.0,397.7,1.35,63.0,100860.0
